city,state,zip_code
Adjuntas,puerto rico,601
Aguada,puerto rico,602
Aguadilla,puerto rico,603
Maricao,puerto rico,606
Anasco,puerto rico,610
Arecibo,puerto rico,612
Bajadero,puerto rico,616
Barceloneta,puerto rico,617
Boqueron,puerto rico,622
Cabo Rojo,puerto rico,623
Penuelas,puerto rico,624
Camuy,puerto rico,627
Castaner,puerto rico,631
Sabana Grande,puerto rico,637
Ciales,puerto rico,638
Utuado,puerto rico,641
Dorado,puerto rico,646
Ensenada,puerto rico,647
Florida,puerto rico,650
Garrochales,puerto rico,652
Guanica,puerto rico,653
Guayanilla,puerto rico,656
Hatillo,puerto rico,659
Hormigueros,puerto rico,660
Isabela,puerto rico,662
Jayuya,puerto rico,664
Lajas,puerto rico,667
Lares,puerto rico,669
Las Marias,puerto rico,670
Manati,puerto rico,674
Moca,puerto rico,676
Rincon,puerto rico,677
Quebradillas,puerto rico,678
Mayaguez,puerto rico,680
Mayaguez,puerto rico,682
San German,puerto rico,683
San Sebastian,puerto rico,685
Morovis,puerto rico,687
Sabana Hoyos,puerto rico,688
San Antonio,puerto rico,690
Vega Alta,puerto rico,692
Vega Baja,puerto rico,693
Vega Baja,puerto rico,694
Yauco,puerto rico,698
Aguas Buenas,puerto rico,703
Aguirre,puerto rico,704
Aibonito,puerto rico,705
Maunabo,puerto rico,707
Arroyo,puerto rico,714
Mercedita,puerto rico,715
Ponce,puerto rico,716
Ponce,puerto rico,717
Naguabo,puerto rico,718
Naranjito,puerto rico,719
Orocovis,puerto rico,720
Patillas,puerto rico,723
Caguas,puerto rico,725
Caguas,puerto rico,727
Ponce,puerto rico,728
Canovanas,puerto rico,729
Ponce,puerto rico,730
Ponce,puerto rico,731
Ceiba,puerto rico,735
Cayey,puerto rico,736
Fajardo,puerto rico,738
Cidra,puerto rico,739
Puerto Real,puerto rico,740
Punta Santiago,puerto rico,741
Rio Grande,puerto rico,745
Salinas,puerto rico,751
San Lorenzo,puerto rico,754
Santa Isabel,puerto rico,757
Vieques,puerto rico,765
Villalba,puerto rico,766
Yabucoa,puerto rico,767
Coamo,puerto rico,769
Las Piedras,puerto rico,771
Loiza,puerto rico,772
Luquillo,puerto rico,773
Culebra,puerto rico,775
Juncos,puerto rico,777
Gurabo,puerto rico,778
Coto Laurel,puerto rico,780
Comerio,puerto rico,782
Corozal,puerto rico,783
Guayama,puerto rico,784
La Plata,puerto rico,786
Humacao,puerto rico,791
Barranquitas,puerto rico,794
Juana Diaz,puerto rico,795
San Juan,puerto rico,901
San Juan,puerto rico,906
San Juan,puerto rico,907
San Juan,puerto rico,909
San Juan,puerto rico,911
San Juan,puerto rico,912
San Juan,puerto rico,913
San Juan,puerto rico,915
San Juan,puerto rico,917
San Juan,puerto rico,918
San Juan,puerto rico,920
San Juan,puerto rico,921
San Juan,puerto rico,923
San Juan,puerto rico,924
San Juan,puerto rico,925
San Juan,puerto rico,926
San Juan,puerto rico,927
Fort Buchanan,puerto rico,934
San Juan,puerto rico,936
Toa Baja,puerto rico,949
Toa Baja,puerto rico,950
Toa Baja,puerto rico,951
Sabana Seca,puerto rico,952
Toa Alta,puerto rico,953
Bayamon,puerto rico,956
Bayamon,puerto rico,957
Bayamon,puerto rico,959
Bayamon,puerto rico,960
Bayamon,puerto rico,961
Catano,puerto rico,962
Guaynabo,puerto rico,965
Guaynabo,puerto rico,966
Guaynabo,puerto rico,968
Guaynabo,puerto rico,969
Guaynabo,puerto rico,971
Trujillo Alto,puerto rico,976
Carolina,puerto rico,979
Carolina,puerto rico,982
Carolina,puerto rico,983
Carolina,puerto rico,985
Carolina,puerto rico,987
Agawam,massachusetts,1001
Amherst,massachusetts,1002
Amherst,massachusetts,1003
Barre,massachusetts,1005
Belchertown,massachusetts,1007
Blandford,massachusetts,1008
Bondsville,massachusetts,1009
Brimfield,massachusetts,1010
Chester,massachusetts,1011
Chesterfield,massachusetts,1012
Chicopee,massachusetts,1013
Chicopee,massachusetts,1020
Chicopee,massachusetts,1022
Cummington,massachusetts,1026
Easthampton,massachusetts,1027
East Longmeadow,massachusetts,1028
East Otis,massachusetts,1029
Feeding Hills,massachusetts,1030
Gilbertville,massachusetts,1031
Goshen,massachusetts,1032
Granby,massachusetts,1033
Granville,massachusetts,1034
Hadley,massachusetts,1035
Hampden,massachusetts,1036
Hardwick,massachusetts,1037
Hatfield,massachusetts,1038
Haydenville,massachusetts,1039
Holyoke,massachusetts,1040
Huntington,massachusetts,1050
Leeds,massachusetts,1053
Leverett,massachusetts,1054
Ludlow,massachusetts,1056
Monson,massachusetts,1057
Northampton,massachusetts,1060
Florence,massachusetts,1062
Northampton,massachusetts,1063
North Hatfield,massachusetts,1066
Oakham,massachusetts,1068
Palmer,massachusetts,1069
Plainfield,massachusetts,1070
Russell,massachusetts,1071
Shutesbury,massachusetts,1072
Southampton,massachusetts,1073
South Barre,massachusetts,1074
South Hadley,massachusetts,1075
Southwick,massachusetts,1077
Thorndike,massachusetts,1079
Three Rivers,massachusetts,1080
Wales,massachusetts,1081
Ware,massachusetts,1082
Warren,massachusetts,1083
West Chesterfield,massachusetts,1084
Westfield,massachusetts,1085
Westfield,massachusetts,1086
West Hatfield,massachusetts,1088
West Springfield,massachusetts,1089
West Warren,massachusetts,1092
Whately,massachusetts,1093
Wheelwright,massachusetts,1094
Wilbraham,massachusetts,1095
Williamsburg,massachusetts,1096
Woronoco,massachusetts,1097
Worthington,massachusetts,1098
Springfield,massachusetts,1103
Springfield,massachusetts,1104
Springfield,massachusetts,1105
Longmeadow,massachusetts,1106
Springfield,massachusetts,1107
Springfield,massachusetts,1108
Springfield,massachusetts,1109
Springfield,massachusetts,1118
Springfield,massachusetts,1119
Springfield,massachusetts,1128
Springfield,massachusetts,1129
Indian Orchard,massachusetts,1151
Springfield,massachusetts,1199
Pittsfield,massachusetts,1201
Adams,massachusetts,1220
Ashley Falls,massachusetts,1222
Becket,massachusetts,1223
Berkshire,massachusetts,1224
Cheshire,massachusetts,1225
Dalton,massachusetts,1226
Glendale,massachusetts,1229
Great Barrington,massachusetts,1230
Hinsdale,massachusetts,1235
Housatonic,massachusetts,1236
Lanesborough,massachusetts,1237
Lee,massachusetts,1238
Lenox,massachusetts,1240
Lenox Dale,massachusetts,1242
Middlefield,massachusetts,1243
Mill River,massachusetts,1244
Monterey,massachusetts,1245
North Adams,massachusetts,1247
Otis,massachusetts,1253
Richmond,massachusetts,1254
Sandisfield,massachusetts,1255
Savoy,massachusetts,1256
Sheffield,massachusetts,1257
South Egremont,massachusetts,1258
Southfield,massachusetts,1259
South Lee,massachusetts,1260
Stockbridge,massachusetts,1262
Tyringham,massachusetts,1264
West Stockbridge,massachusetts,1266
Williamstown,massachusetts,1267
Windsor,massachusetts,1270
Greenfield,massachusetts,1301
Ashfield,massachusetts,1330
Athol,massachusetts,1331
Bernardston,massachusetts,1337
Buckland,massachusetts,1338
Charlemont,massachusetts,1339
Colrain,massachusetts,1340
Conway,massachusetts,1341
Deerfield,massachusetts,1342
Drury,massachusetts,1343
Erving,massachusetts,1344
Heath,massachusetts,1346
Lake Pleasant,massachusetts,1347
Millers Falls,massachusetts,1349
Monroe Bridge,massachusetts,1350
Montague,massachusetts,1351
Gill,massachusetts,1354
New Salem,massachusetts,1355
Northfield,massachusetts,1360
Orange,massachusetts,1364
Petersham,massachusetts,1366
Rowe,massachusetts,1367
Royalston,massachusetts,1368
Shelburne Falls,massachusetts,1370
South Deerfield,massachusetts,1373
Sunderland,massachusetts,1375
Turners Falls,massachusetts,1376
Warwick,massachusetts,1378
Wendell,massachusetts,1379
Fitchburg,massachusetts,1420
Ashburnham,massachusetts,1430
Ashby,massachusetts,1431
Ayer,massachusetts,1432
Devens,massachusetts,1434
Baldwinville,massachusetts,1436
East Templeton,massachusetts,1438
Gardner,massachusetts,1440
Groton,massachusetts,1450
Harvard,massachusetts,1451
Hubbardston,massachusetts,1452
Leominster,massachusetts,1453
Littleton,massachusetts,1460
Lunenburg,massachusetts,1462
Pepperell,massachusetts,1463
Shirley,massachusetts,1464
Still River,massachusetts,1467
Templeton,massachusetts,1468
Townsend,massachusetts,1469
Westminster,massachusetts,1473
West Townsend,massachusetts,1474
Winchendon,massachusetts,1475
Auburn,massachusetts,1501
Berlin,massachusetts,1503
Blackstone,massachusetts,1504
Boylston,massachusetts,1505
Brookfield,massachusetts,1506
Charlton,massachusetts,1507
Clinton,massachusetts,1510
East Brookfield,massachusetts,1515
Douglas,massachusetts,1516
Fiskdale,massachusetts,1518
Grafton,massachusetts,1519
Holden,massachusetts,1520
Holland,massachusetts,1521
Jefferson,massachusetts,1522
Lancaster,massachusetts,1523
Leicester,massachusetts,1524
Linwood,massachusetts,1525
Millbury,massachusetts,1527
Millville,massachusetts,1529
New Braintree,massachusetts,1531
Northborough,massachusetts,1532
Northbridge,massachusetts,1534
North Brookfield,massachusetts,1535
North Grafton,massachusetts,1536
North Oxford,massachusetts,1537
Oxford,massachusetts,1540
Princeton,massachusetts,1541
Rochdale,massachusetts,1542
Rutland,massachusetts,1543
Shrewsbury,massachusetts,1545
Southbridge,massachusetts,1550
South Grafton,massachusetts,1560
South Lancaster,massachusetts,1561
Spencer,massachusetts,1562
Sterling,massachusetts,1564
Sturbridge,massachusetts,1566
Upton,massachusetts,1568
Uxbridge,massachusetts,1569
Webster,massachusetts,1570
Dudley,massachusetts,1571
Westborough,massachusetts,1581
West Boylston,massachusetts,1583
West Brookfield,massachusetts,1585
Whitinsville,massachusetts,1588
Sutton,massachusetts,1590
Worcester,massachusetts,1602
Worcester,massachusetts,1603
Worcester,massachusetts,1604
Worcester,massachusetts,1605
Worcester,massachusetts,1606
Worcester,massachusetts,1607
Worcester,massachusetts,1608
Worcester,massachusetts,1609
Worcester,massachusetts,1610
Cherry Valley,massachusetts,1611
Paxton,massachusetts,1612
Framingham,massachusetts,1701
Framingham,massachusetts,1702
Acton,massachusetts,1718
Boxborough,massachusetts,1719
Acton,massachusetts,1720
Ashland,massachusetts,1721
Bedford,massachusetts,1730
Hanscom Afb,massachusetts,1731
Bolton,massachusetts,1740
Carlisle,massachusetts,1741
Concord,massachusetts,1742
Fayville,massachusetts,1745
Holliston,massachusetts,1746
Hopedale,massachusetts,1747
Hopkinton,massachusetts,1748
Hudson,massachusetts,1749
Marlborough,massachusetts,1752
Maynard,massachusetts,1754
Mendon,massachusetts,1756
Milford,massachusetts,1757
Natick,massachusetts,1760
Sherborn,massachusetts,1770
Southborough,massachusetts,1772
Lincoln,massachusetts,1773
Stow,massachusetts,1775
Sudbury,massachusetts,1776
Wayland,massachusetts,1778
Woburn,massachusetts,1801
Burlington,massachusetts,1803
Andover,massachusetts,1810
Billerica,massachusetts,1821
Chelmsford,massachusetts,1824
Dracut,massachusetts,1826
Dunstable,massachusetts,1827
Haverhill,massachusetts,1830
Haverhill,massachusetts,1832
Georgetown,massachusetts,1833
Groveland,massachusetts,1834
Haverhill,massachusetts,1835
Lawrence,massachusetts,1840
Lawrence,massachusetts,1841
Lawrence,massachusetts,1843
Methuen,massachusetts,1844
North Andover,massachusetts,1845
Lowell,massachusetts,1850
Lowell,massachusetts,1851
Lowell,massachusetts,1852
Lowell,massachusetts,1854
Merrimac,massachusetts,1860
North Billerica,massachusetts,1862
North Chelmsford,massachusetts,1863
North Reading,massachusetts,1864
Reading,massachusetts,1867
Tewksbury,massachusetts,1876
Tyngsboro,massachusetts,1879
Wakefield,massachusetts,1880
Westford,massachusetts,1886
Wilmington,massachusetts,1887
Winchester,massachusetts,1890
Lynn,massachusetts,1901
Lynn,massachusetts,1902
Lynn,massachusetts,1904
Lynn,massachusetts,1905
Saugus,massachusetts,1906
Swampscott,massachusetts,1907
Nahant,massachusetts,1908
Amesbury,massachusetts,1913
Beverly,massachusetts,1915
Boxford,massachusetts,1921
Byfield,massachusetts,1922
Danvers,massachusetts,1923
Essex,massachusetts,1929
Gloucester,massachusetts,1930
Hathorne,massachusetts,1937
Ipswich,massachusetts,1938
Lynnfield,massachusetts,1940
Manchester,massachusetts,1944
Marblehead,massachusetts,1945
Middleton,massachusetts,1949
Newburyport,massachusetts,1950
Newbury,massachusetts,1951
Salisbury,massachusetts,1952
Peabody,massachusetts,1960
Rockport,massachusetts,1966
Rowley,massachusetts,1969
Salem,massachusetts,1970
South Hamilton,massachusetts,1982
Topsfield,massachusetts,1983
Wenham,massachusetts,1984
West Newbury,massachusetts,1985
Bellingham,massachusetts,2019
Canton,massachusetts,2021
Cohasset,massachusetts,2025
Dedham,massachusetts,2026
Dover,massachusetts,2030
East Walpole,massachusetts,2032
Foxboro,massachusetts,2035
Franklin,massachusetts,2038
Hingham,massachusetts,2043
Hull,massachusetts,2045
Humarock,massachusetts,2047
Mansfield,massachusetts,2048
Marshfield,massachusetts,2050
Medfield,massachusetts,2052
Medway,massachusetts,2053
Millis,massachusetts,2054
Norfolk,massachusetts,2056
Norwell,massachusetts,2061
Norwood,massachusetts,2062
Scituate,massachusetts,2066
Sharon,massachusetts,2067
South Walpole,massachusetts,2071
Stoughton,massachusetts,2072
Walpole,massachusetts,2081
Westwood,massachusetts,2090
Wrentham,massachusetts,2093
Boston,massachusetts,2108
Boston,massachusetts,2109
Boston,massachusetts,2110
Boston,massachusetts,2111
Boston,massachusetts,2113
Boston,massachusetts,2114
Boston,massachusetts,2115
Boston,massachusetts,2116
Boston,massachusetts,2118
Roxbury,massachusetts,2119
Roxbury Crossing,massachusetts,2120
Dorchester,massachusetts,2121
Dorchester,massachusetts,2122
Dorchester Center,massachusetts,2124
Dorchester,massachusetts,2125
Mattapan,massachusetts,2126
South Boston,massachusetts,2127
East Boston,massachusetts,2128
Charlestown,massachusetts,2129
Jamaica Plain,massachusetts,2130
Roslindale,massachusetts,2131
West Roxbury,massachusetts,2132
Allston,massachusetts,2134
Brighton,massachusetts,2135
Hyde Park,massachusetts,2136
Cambridge,massachusetts,2138
Cambridge,massachusetts,2139
Cambridge,massachusetts,2140
Cambridge,massachusetts,2141
Cambridge,massachusetts,2142
Somerville,massachusetts,2143
Somerville,massachusetts,2144
Somerville,massachusetts,2145
Malden,massachusetts,2148
Everett,massachusetts,2149
Chelsea,massachusetts,2150
Revere,massachusetts,2151
Winthrop,massachusetts,2152
Medford,massachusetts,2155
Boston,massachusetts,2163
Quincy,massachusetts,2169
Quincy,massachusetts,2170
Quincy,massachusetts,2171
Melrose,massachusetts,2176
Stoneham,massachusetts,2180
Braintree,massachusetts,2184
Milton,massachusetts,2186
Weymouth,massachusetts,2188
East Weymouth,massachusetts,2189
South Weymouth,massachusetts,2190
North Weymouth,massachusetts,2191
Boston,massachusetts,2199
Boston,massachusetts,2203
Boston,massachusetts,2210
Boston,massachusetts,2215
Brockton,massachusetts,2301
Brockton,massachusetts,2302
Avon,massachusetts,2322
Bridgewater,massachusetts,2324
Carver,massachusetts,2330
Duxbury,massachusetts,2332
East Bridgewater,massachusetts,2333
Halifax,massachusetts,2338
Hanover,massachusetts,2339
Hanson,massachusetts,2341
Holbrook,massachusetts,2343
Middleboro,massachusetts,2346
Lakeville,massachusetts,2347
Abington,massachusetts,2351
North Easton,massachusetts,2356
North Easton,massachusetts,2357
Pembroke,massachusetts,2359
Plymouth,massachusetts,2360
Kingston,massachusetts,2364
South Carver,massachusetts,2366
Plympton,massachusetts,2367
Randolph,massachusetts,2368
Rockland,massachusetts,2370
South Easton,massachusetts,2375
West Bridgewater,massachusetts,2379
Whitman,massachusetts,2382
Lexington,massachusetts,2420
Lexington,massachusetts,2421
Brookline,massachusetts,2445
Brookline,massachusetts,2446
Waltham,massachusetts,2451
Waltham,massachusetts,2452
Waltham,massachusetts,2453
Babson Park,massachusetts,2457
Newton,massachusetts,2458
Newton Center,massachusetts,2459
Newtonville,massachusetts,2460
Newton Highlands,massachusetts,2461
Newton Lower Falls,massachusetts,2462
Newton Upper Falls,massachusetts,2464
West Newton,massachusetts,2465
Auburndale,massachusetts,2466
Chestnut Hill,massachusetts,2467
Waban,massachusetts,2468
Watertown,massachusetts,2472
Arlington,massachusetts,2474
Arlington,massachusetts,2476
Belmont,massachusetts,2478
Wellesley Hills,massachusetts,2481
Wellesley,massachusetts,2482
Needham,massachusetts,2492
Weston,massachusetts,2493
Needham Heights,massachusetts,2494
Buzzards Bay,massachusetts,2532
Cataumet,massachusetts,2534
Chilmark,massachusetts,2535
East Falmouth,massachusetts,2536
East Sandwich,massachusetts,2537
East Wareham,massachusetts,2538
Edgartown,massachusetts,2539
Falmouth,massachusetts,2540
Buzzards Bay,massachusetts,2542
Woods Hole,massachusetts,2543
Monument Beach,massachusetts,2553
Nantucket,massachusetts,2554
North Falmouth,massachusetts,2556
Oak Bluffs,massachusetts,2557
Onset,massachusetts,2558
Pocasset,massachusetts,2559
Sagamore,massachusetts,2561
Sagamore Beach,massachusetts,2562
Sandwich,massachusetts,2563
Siasconset,massachusetts,2564
Vineyard Haven,massachusetts,2568
Wareham,massachusetts,2571
West Tisbury,massachusetts,2575
West Wareham,massachusetts,2576
Nantucket,massachusetts,2584
Hyannis,massachusetts,2601
Barnstable,massachusetts,2630
Brewster,massachusetts,2631
Centerville,massachusetts,2632
Chatham,massachusetts,2633
Cotuit,massachusetts,2635
Cummaquid,massachusetts,2637
Dennis,massachusetts,2638
Dennis Port,massachusetts,2639
East Dennis,massachusetts,2641
Eastham,massachusetts,2642
East Orleans,massachusetts,2643
Forestdale,massachusetts,2644
Harwich,massachusetts,2645
Harwich Port,massachusetts,2646
Hyannis Port,massachusetts,2647
Marstons Mills,massachusetts,2648
Mashpee,massachusetts,2649
North Chatham,massachusetts,2650
North Eastham,massachusetts,2651
North Truro,massachusetts,2652
Orleans,massachusetts,2653
Osterville,massachusetts,2655
Provincetown,massachusetts,2657
South Chatham,massachusetts,2659
South Dennis,massachusetts,2660
South Wellfleet,massachusetts,2663
South Yarmouth,massachusetts,2664
Truro,massachusetts,2666
Wellfleet,massachusetts,2667
West Barnstable,massachusetts,2668
West Chatham,massachusetts,2669
West Dennis,massachusetts,2670
West Harwich,massachusetts,2671
West Hyannisport,massachusetts,2672
West Yarmouth,massachusetts,2673
Yarmouth Port,massachusetts,2675
Assonet,massachusetts,2702
Attleboro,massachusetts,2703
Cuttyhunk,massachusetts,2713
Dighton,massachusetts,2715
East Freetown,massachusetts,2717
East Taunton,massachusetts,2718
Fairhaven,massachusetts,2719
Fall River,massachusetts,2720
Fall River,massachusetts,2721
Fall River,massachusetts,2723
Fall River,massachusetts,2724
Somerset,massachusetts,2725
Somerset,massachusetts,2726
Marion,massachusetts,2738
Mattapoisett,massachusetts,2739
New Bedford,massachusetts,2740
Acushnet,massachusetts,2743
New Bedford,massachusetts,2744
New Bedford,massachusetts,2745
New Bedford,massachusetts,2746
North Dartmouth,massachusetts,2747
South Dartmouth,massachusetts,2748
North Attleboro,massachusetts,2760
Plainville,massachusetts,2762
Attleboro Falls,massachusetts,2763
North Dighton,massachusetts,2764
Norton,massachusetts,2766
Raynham,massachusetts,2767
Rehoboth,massachusetts,2769
Rochester,massachusetts,2770
Seekonk,massachusetts,2771
Swansea,massachusetts,2777
Berkley,massachusetts,2779
Taunton,massachusetts,2780
Westport,massachusetts,2790
Westport Point,massachusetts,2791
Albion,rhode island,2802
Ashaway,rhode island,2804
Barrington,rhode island,2806
Block Island,rhode island,2807
Bradford,rhode island,2808
Bristol,rhode island,2809
Carolina,rhode island,2812
Charlestown,rhode island,2813
Chepachet,rhode island,2814
Clayville,rhode island,2815
Coventry,rhode island,2816
West Greenwich,rhode island,2817
East Greenwich,rhode island,2818
Exeter,rhode island,2822
Foster,rhode island,2825
Glendale,rhode island,2826
Greene,rhode island,2827
Greenville,rhode island,2828
Harrisville,rhode island,2830
Hope,rhode island,2831
Hope Valley,rhode island,2832
Hopkinton,rhode island,2833
Jamestown,rhode island,2835
Kenyon,rhode island,2836
Little Compton,rhode island,2837
Manville,rhode island,2838
Mapleville,rhode island,2839
Newport,rhode island,2840
Newport,rhode island,2841
Middletown,rhode island,2842
North Kingstown,rhode island,2852
North Scituate,rhode island,2857
Oakland,rhode island,2858
Pascoag,rhode island,2859
Pawtucket,rhode island,2860
Pawtucket,rhode island,2861
Central Falls,rhode island,2863
Cumberland,rhode island,2864
Lincoln,rhode island,2865
Portsmouth,rhode island,2871
Prudence Island,rhode island,2872
Rockville,rhode island,2873
Saunderstown,rhode island,2874
Shannock,rhode island,2875
Slatersville,rhode island,2876
Tiverton,rhode island,2878
Wakefield,rhode island,2879
Kingston,rhode island,2881
Narragansett,rhode island,2882
Warren,rhode island,2885
Warwick,rhode island,2886
Warwick,rhode island,2888
Warwick,rhode island,2889
Westerly,rhode island,2891
West Kingston,rhode island,2892
West Warwick,rhode island,2893
Wood River Junction,rhode island,2894
Woonsocket,rhode island,2895
North Smithfield,rhode island,2896
Wyoming,rhode island,2898
Providence,rhode island,2903
Providence,rhode island,2904
Providence,rhode island,2905
Providence,rhode island,2906
Providence,rhode island,2907
Providence,rhode island,2908
Providence,rhode island,2909
Cranston,rhode island,2910
North Providence,rhode island,2911
Providence,rhode island,2912
East Providence,rhode island,2914
Riverside,rhode island,2915
Rumford,rhode island,2916
Smithfield,rhode island,2917
Johnston,rhode island,2919
Cranston,rhode island,2920
Cranston,rhode island,2921
Amherst,new hampshire,3031
Auburn,new hampshire,3032
Brookline,new hampshire,3033
Candia,new hampshire,3034
Chester,new hampshire,3036
Deerfield,new hampshire,3037
Derry,new hampshire,3038
Epping,new hampshire,3042
Francestown,new hampshire,3043
Fremont,new hampshire,3044
Goffstown,new hampshire,3045
Dunbarton,new hampshire,3046
Greenfield,new hampshire,3047
Greenville,new hampshire,3048
Hollis,new hampshire,3049
Hudson,new hampshire,3051
Litchfield,new hampshire,3052
Londonderry,new hampshire,3053
Merrimack,new hampshire,3054
Milford,new hampshire,3055
Mont Vernon,new hampshire,3057
Nashua,new hampshire,3060
Nashua,new hampshire,3062
Nashua,new hampshire,3063
Nashua,new hampshire,3064
New Boston,new hampshire,3070
New Ipswich,new hampshire,3071
Pelham,new hampshire,3076
Raymond,new hampshire,3077
Salem,new hampshire,3079
Lyndeborough,new hampshire,3082
Temple,new hampshire,3084
Wilton,new hampshire,3086
Windham,new hampshire,3087
Manchester,new hampshire,3101
Manchester,new hampshire,3102
Manchester,new hampshire,3103
Manchester,new hampshire,3104
Hooksett,new hampshire,3106
Manchester,new hampshire,3109
Bedford,new hampshire,3110
Waterville Valley,new hampshire,3215
Andover,new hampshire,3216
Ashland,new hampshire,3217
Barnstead,new hampshire,3218
Belmont,new hampshire,3220
Bradford,new hampshire,3221
Bristol,new hampshire,3222
Campton,new hampshire,3223
Canterbury,new hampshire,3224
Center Barnstead,new hampshire,3225
Center Harbor,new hampshire,3226
Center Sandwich,new hampshire,3227
Contoocook,new hampshire,3229
Danbury,new hampshire,3230
East Andover,new hampshire,3231
Elkins,new hampshire,3233
Epsom,new hampshire,3234
Franklin,new hampshire,3235
Gilmanton,new hampshire,3237
Glencliff,new hampshire,3238
Grafton,new hampshire,3240
Hebron,new hampshire,3241
Henniker,new hampshire,3242
Hill,new hampshire,3243
Hillsborough,new hampshire,3244
Holderness,new hampshire,3245
Laconia,new hampshire,3246
Gilford,new hampshire,3249
Lincoln,new hampshire,3251
Meredith,new hampshire,3253
Moultonborough,new hampshire,3254
Newbury,new hampshire,3255
New Hampton,new hampshire,3256
New London,new hampshire,3257
Chichester,new hampshire,3258
North Sandwich,new hampshire,3259
North Sutton,new hampshire,3260
Northwood,new hampshire,3261
North Woodstock,new hampshire,3262
Pittsfield,new hampshire,3263
Plymouth,new hampshire,3264
Rumney,new hampshire,3266
Salisbury,new hampshire,3268
Sanbornton,new hampshire,3269
South Sutton,new hampshire,3273
Suncook,new hampshire,3275
Tilton,new hampshire,3276
Warner,new hampshire,3278
Warren,new hampshire,3279
Washington,new hampshire,3280
Weare,new hampshire,3281
Wentworth,new hampshire,3282
Springfield,new hampshire,3284
Thornton,new hampshire,3285
Wilmot,new hampshire,3287
Nottingham,new hampshire,3290
West Nottingham,new hampshire,3291
Woodstock,new hampshire,3293
Concord,new hampshire,3301
Concord,new hampshire,3303
Bow,new hampshire,3304
Loudon,new hampshire,3307
Keene,new hampshire,3431
Antrim,new hampshire,3440
Ashuelot,new hampshire,3441
Bennington,new hampshire,3442
Chesterfield,new hampshire,3443
Dublin,new hampshire,3444
Sullivan,new hampshire,3445
Swanzey,new hampshire,3446
Fitzwilliam,new hampshire,3447
Gilsum,new hampshire,3448
Hancock,new hampshire,3449
Harrisville,new hampshire,3450
Hinsdale,new hampshire,3451
Jaffrey,new hampshire,3452
Marlborough,new hampshire,3455
Marlow,new hampshire,3456
Nelson,new hampshire,3457
Peterborough,new hampshire,3458
Rindge,new hampshire,3461
Spofford,new hampshire,3462
Stoddard,new hampshire,3464
Troy,new hampshire,3465
West Chesterfield,new hampshire,3466
Westmoreland,new hampshire,3467
Winchester,new hampshire,3470
Littleton,new hampshire,3561
Berlin,new hampshire,3570
Bethlehem,new hampshire,3574
Bretton Woods,new hampshire,3575
Colebrook,new hampshire,3576
Errol,new hampshire,3579
Franconia,new hampshire,3580
Gorham,new hampshire,3581
Groveton,new hampshire,3582
Jefferson,new hampshire,3583
Lancaster,new hampshire,3584
Lisbon,new hampshire,3585
Sugar Hill,new hampshire,3586
Milan,new hampshire,3588
North Stratford,new hampshire,3590
Pittsburg,new hampshire,3592
Randolph,new hampshire,3593
Twin Mountain,new hampshire,3595
West Stewartstown,new hampshire,3597
Whitefield,new hampshire,3598
Acworth,new hampshire,3601
Alstead,new hampshire,3602
Charlestown,new hampshire,3603
Drewsville,new hampshire,3604
Lempster,new hampshire,3605
South Acworth,new hampshire,3607
Walpole,new hampshire,3608
North Walpole,new hampshire,3609
Bath,new hampshire,3740
Canaan,new hampshire,3741
Claremont,new hampshire,3743
Cornish,new hampshire,3745
Cornish Flat,new hampshire,3746
Enfield,new hampshire,3748
Etna,new hampshire,3750
Georges Mills,new hampshire,3751
Goshen,new hampshire,3752
Grantham,new hampshire,3753
Guild,new hampshire,3754
Hanover,new hampshire,3755
Haverhill,new hampshire,3765
Lebanon,new hampshire,3766
Lyme,new hampshire,3768
Meriden,new hampshire,3770
Monroe,new hampshire,3771
Newport,new hampshire,3773
North Haverhill,new hampshire,3774
Orford,new hampshire,3777
Piermont,new hampshire,3779
Pike,new hampshire,3780
Plainfield,new hampshire,3781
Sunapee,new hampshire,3782
West Lebanon,new hampshire,3784
Woodsville,new hampshire,3785
Portsmouth,new hampshire,3801
Alton,new hampshire,3809
Alton Bay,new hampshire,3810
Atkinson,new hampshire,3811
Bartlett,new hampshire,3812
Center Conway,new hampshire,3813
Center Ossipee,new hampshire,3814
Center Tuftonboro,new hampshire,3816
Chocorua,new hampshire,3817
Conway,new hampshire,3818
Danville,new hampshire,3819
Dover,new hampshire,3820
Madbury,new hampshire,3823
Durham,new hampshire,3824
Barrington,new hampshire,3825
East Hampstead,new hampshire,3826
East Kingston,new hampshire,3827
East Wakefield,new hampshire,3830
Eaton Center,new hampshire,3832
Exeter,new hampshire,3833
Farmington,new hampshire,3835
Freedom,new hampshire,3836
Gilmanton Iron Works,new hampshire,3837
Glen,new hampshire,3838
Rochester,new hampshire,3839
Greenland,new hampshire,3840
Hampstead,new hampshire,3841
Hampton,new hampshire,3842
Hampton Falls,new hampshire,3844
Intervale,new hampshire,3845
Jackson,new hampshire,3846
Kearsarge,new hampshire,3847
Kingston,new hampshire,3848
Madison,new hampshire,3849
Melvin Village,new hampshire,3850
Milton,new hampshire,3851
Milton Mills,new hampshire,3852
Mirror Lake,new hampshire,3853
New Castle,new hampshire,3854
New Durham,new hampshire,3855
Newfields,new hampshire,3856
Newmarket,new hampshire,3857
Newton,new hampshire,3858
North Conway,new hampshire,3860
Lee,new hampshire,3861
North Hampton,new hampshire,3862
Ossipee,new hampshire,3864
Plaistow,new hampshire,3865
Rochester,new hampshire,3867
Rochester,new hampshire,3868
Rollinsford,new hampshire,3869
Rye,new hampshire,3870
Rye Beach,new hampshire,3871
Sanbornville,new hampshire,3872
Sandown,new hampshire,3873
Seabrook,new hampshire,3874
Silver Lake,new hampshire,3875
Somersworth,new hampshire,3878
Effingham,new hampshire,3882
South Tamworth,new hampshire,3883
Strafford,new hampshire,3884
Stratham,new hampshire,3885
Tamworth,new hampshire,3886
Union,new hampshire,3887
West Ossipee,new hampshire,3890
Wolfeboro,new hampshire,3894
Berwick,maine,3901
Cape Neddick,maine,3902
Eliot,maine,3903
Kittery,maine,3904
Kittery Point,maine,3905
North Berwick,maine,3906
Ogunquit,maine,3907
South Berwick,maine,3908
York,maine,3909
York Beach,maine,3910
York Harbor,maine,3911
Acton,maine,4001
Alfred,maine,4002
Bailey Island,maine,4003
Biddeford,maine,4005
Biddeford Pool,maine,4006
Bowdoinham,maine,4008
Bridgton,maine,4009
Brownfield,maine,4010
Brunswick,maine,4011
Casco,maine,4015
Chebeague Island,maine,4017
Cliff Island,maine,4019
Cornish,maine,4020
Cumberland Center,maine,4021
Denmark,maine,4022
East Baldwin,maine,4024
Lebanon,maine,4027
Sebago,maine,4029
East Waterboro,maine,4030
Freeport,maine,4032
Fryeburg,maine,4037
Gorham,maine,4038
Gray,maine,4039
Harrison,maine,4040
Hiram,maine,4041
Hollis Center,maine,4042
Kennebunk,maine,4043
Kennebunkport,maine,4046
Parsonsfield,maine,4047
Limerick,maine,4048
Limington,maine,4049
Long Island,maine,4050
Lovell,maine,4051
Naples,maine,4055
Newfield,maine,4056
North Bridgton,maine,4057
North Waterboro,maine,4061
Windham,maine,4062
Ocean Park,maine,4063
Old Orchard Beach,maine,4064
Orrs Island,maine,4066
Porter,maine,4068
Pownal,maine,4069
Raymond,maine,4071
Saco,maine,4072
Sanford,maine,4073
Scarborough,maine,4074
Shapleigh,maine,4076
Harpswell,maine,4079
Springvale,maine,4083
Standish,maine,4084
Steep Falls,maine,4085
Topsham,maine,4086
Waterboro,maine,4087
Waterford,maine,4088
Wells,maine,4090
West Baldwin,maine,4091
Westbrook,maine,4092
Buxton,maine,4093
West Newfield,maine,4095
Yarmouth,maine,4096
North Yarmouth,maine,4097
Portland,maine,4101
Portland,maine,4102
Portland,maine,4103
Falmouth,maine,4105
South Portland,maine,4106
Cape Elizabeth,maine,4107
Peaks Island,maine,4108
Portland,maine,4109
Cumberland Foreside,maine,4110
Auburn,maine,4210
Andover,maine,4216
Bethel,maine,4217
Bryant Pond,maine,4219
Buckfield,maine,4220
Canton,maine,4221
Durham,maine,4222
Dixfield,maine,4224
East Andover,maine,4226
East Dixfield,maine,4227
East Livermore,maine,4228
Stoneham,maine,4231
East Wilton,maine,4234
Greene,maine,4236
Hanover,maine,4237
Hebron,maine,4238
Jay,maine,4239
Lewiston,maine,4240
Lisbon,maine,4250
Lisbon Falls,maine,4252
Livermore,maine,4253
Livermore Falls,maine,4254
Greenwood,maine,4255
Mechanic Falls,maine,4256
Mexico,maine,4257
Minot,maine,4258
Monmouth,maine,4259
New Gloucester,maine,4260
Newry,maine,4261
Leeds,maine,4263
North Monmouth,maine,4265
North Waterford,maine,4267
Norway,maine,4268
Oxford,maine,4270
Paris,maine,4271
Poland,maine,4274
Roxbury,maine,4275
Rumford,maine,4276
Sabattus,maine,4280
South Paris,maine,4281
Turner,maine,4282
Wayne,maine,4284
Weld,maine,4285
West Bethel,maine,4286
Bowdoin,maine,4287
West Paris,maine,4289
Peru,maine,4290
Sumner,maine,4292
Wilton,maine,4294
Augusta,maine,4330
Dresden,maine,4342
East Winthrop,maine,4343
Farmingdale,maine,4344
Gardiner,maine,4345
Randolph,maine,4346
Hallowell,maine,4347
Jefferson,maine,4348
Kents Hill,maine,4349
Litchfield,maine,4350
Manchester,maine,4351
Mount Vernon,maine,4352
Whitefield,maine,4353
Palermo,maine,4354
Readfield,maine,4355
Richmond,maine,4357
South China,maine,4358
South Gardiner,maine,4359
Vienna,maine,4360
Windsor,maine,4363
Winthrop,maine,4364
Bangor,maine,4401
Abbot,maine,4406
Aurora,maine,4408
Bradford,maine,4410
Bradley,maine,4411
Brewer,maine,4412
Brookton,maine,4413
Brownville,maine,4414
Brownville Junction,maine,4415
Bucksport,maine,4416
Burlington,maine,4417
Greenbush,maine,4418
Carmel,maine,4419
Castine,maine,4421
Charleston,maine,4422
Danforth,maine,4424
Dover Foxcroft,maine,4426
Corinth,maine,4427
Eddington,maine,4428
Holden,maine,4429
East Millinocket,maine,4430
East Orland,maine,4431
Etna,maine,4434
Exeter,maine,4435
Frankfort,maine,4438
Greenville,maine,4441
Greenville Junction,maine,4442
Guilford,maine,4443
Hampden,maine,4444
Howland,maine,4448
Hudson,maine,4449
Kenduskeag,maine,4450
Kingman,maine,4451
Lagrange,maine,4453
Lambert Lake,maine,4454
Lee,maine,4455
Levant,maine,4456
Lincoln,maine,4457
Mattawamkeag,maine,4459
Medway,maine,4460
Milford,maine,4461
Millinocket,maine,4462
Milo,maine,4463
Monson,maine,4464
Old Town,maine,4468
Orono,maine,4469
Orient,maine,4471
Orland,maine,4472
Orono,maine,4473
Orrington,maine,4474
Passadumkeag,maine,4475
Penobscot,maine,4476
Rockwood,maine,4478
Sangerville,maine,4479
Sebec,maine,4481
Shirley Mills,maine,4485
Springfield,maine,4487
Stetson,maine,4488
Stillwater,maine,4489
Topsfield,maine,4490
Vanceboro,maine,4491
Waite,maine,4492
West Enfield,maine,4493
Winn,maine,4495
Winterport,maine,4496
Wytopitlock,maine,4497
Bath,maine,4530
Alna,maine,4535
Boothbay,maine,4537
Boothbay Harbor,maine,4538
Bristol,maine,4539
Chamberlain,maine,4541
Damariscotta,maine,4543
East Boothbay,maine,4544
Friendship,maine,4547
Georgetown,maine,4548
Bremen,maine,4551
Newcastle,maine,4553
New Harbor,maine,4554
Nobleboro,maine,4555
Edgecomb,maine,4556
Pemaquid,maine,4558
Phippsburg,maine,4562
Cushing,maine,4563
Round Pond,maine,4564
South Bristol,maine,4568
Squirrel Island,maine,4570
Trevett,maine,4571
Waldoboro,maine,4572
Walpole,maine,4573
Washington,maine,4574
West Boothbay Harbor,maine,4575
Southport,maine,4576
Wiscasset,maine,4578
Woolwich,maine,4579
Ellsworth,maine,4605
Addison,maine,4606
Gouldsboro,maine,4607
Bar Harbor,maine,4609
Beals,maine,4611
Bernard,maine,4612
Birch Harbor,maine,4613
Blue Hill,maine,4614
Brooklin,maine,4616
Brooksville,maine,4617
Calais,maine,4619
Cherryfield,maine,4622
Columbia Falls,maine,4623
Corea,maine,4624
Cranberry Isles,maine,4625
Cutler,maine,4626
Deer Isle,maine,4627
Dennysville,maine,4628
East Blue Hill,maine,4629
East Machias,maine,4630
Eastport,maine,4631
Franklin,maine,4634
Frenchboro,maine,4635
Grand Lake Stream,maine,4637
Hancock,maine,4640
Harborside,maine,4642
Harrington,maine,4643
Hulls Cove,maine,4644
Isle Au Haut,maine,4645
Islesford,maine,4646
Jonesboro,maine,4648
Jonesport,maine,4649
Little Deer Isle,maine,4650
Lubec,maine,4652
Bass Harbor,maine,4653
Machias,maine,4654
Machiasport,maine,4655
Meddybemps,maine,4657
Milbridge,maine,4658
Mount Desert,maine,4660
Northeast Harbor,maine,4662
Sullivan,maine,4664
Pembroke,maine,4666
Perry,maine,4667
Princeton,maine,4668
Prospect Harbor,maine,4669
Robbinston,maine,4671
Sargentville,maine,4673
Seal Cove,maine,4674
Seal Harbor,maine,4675
Sedgwick,maine,4676
Sorrento,maine,4677
Southwest Harbor,maine,4679
Steuben,maine,4680
Stonington,maine,4681
Sunset,maine,4683
Surry,maine,4684
Swans Island,maine,4685
Wesley,maine,4686
Whiting,maine,4691
Winter Harbor,maine,4693
Baileyville,maine,4694
Houlton,maine,4730
Ashland,maine,4732
Benedicta,maine,4733
Blaine,maine,4734
Bridgewater,maine,4735
Caribou,maine,4736
Eagle Lake,maine,4739
Easton,maine,4740
Estcourt Station,maine,4741
Fort Fairfield,maine,4742
Fort Kent,maine,4743
Frenchville,maine,4745
Grand Isle,maine,4746
Island Falls,maine,4747
Limestone,maine,4750
Madawaska,maine,4756
Mapleton,maine,4757
Mars Hill,maine,4758
Monticello,maine,4760
New Limerick,maine,4761
New Sweden,maine,4762
Oakfield,maine,4763
Oxbow,maine,4764
Patten,maine,4765
Perham,maine,4766
Portage,maine,4768
Presque Isle,maine,4769
Saint Agatha,maine,4772
Saint David,maine,4773
Saint Francis,maine,4774
Sherman,maine,4776
Stacyville,maine,4777
Sinclair,maine,4779
Smyrna Mills,maine,4780
Wallagrass,maine,4781
Stockholm,maine,4783
Van Buren,maine,4785
Washburn,maine,4786
Westfield,maine,4787
Rockland,maine,4841
Camden,maine,4843
Hope,maine,4847
Islesboro,maine,4848
Lincolnville,maine,4849
Matinicus,maine,4851
Monhegan,maine,4852
North Haven,maine,4853
Owls Head,maine,4854
Port Clyde,maine,4855
Rockport,maine,4856
South Thomaston,maine,4858
Spruce Head,maine,4859
Tenants Harbor,maine,4860
Thomaston,maine,4861
Union,maine,4862
Vinalhaven,maine,4863
Warren,maine,4864
Waterville,maine,4901
Albion,maine,4910
Anson,maine,4911
Athens,maine,4912
Belfast,maine,4915
Belgrade,maine,4917
Belgrade Lakes,maine,4918
Bingham,maine,4920
Brooks,maine,4921
Burnham,maine,4922
Cambridge,maine,4923
Canaan,maine,4924
Caratunk,maine,4925
China Village,maine,4926
Clinton,maine,4927
Corinna,maine,4928
Detroit,maine,4929
Dexter,maine,4930
Dixmont,maine,4932
East Newport,maine,4933
Eustis,maine,4936
Fairfield,maine,4937
Farmington,maine,4938
Garland,maine,4939
Farmington Falls,maine,4940
Freedom,maine,4941
Harmony,maine,4942
Hartland,maine,4943
Hinckley,maine,4944
Jackman,maine,4945
Kingfield,maine,4947
Liberty,maine,4949
Madison,maine,4950
Monroe,maine,4951
Morrill,maine,4952
Newport,maine,4953
New Sharon,maine,4955
New Vineyard,maine,4956
Norridgewock,maine,4957
North Anson,maine,4958
New Portland,maine,4961
North Vassalboro,maine,4962
Oakland,maine,4963
Oquossoc,maine,4964
Palmyra,maine,4965
Phillips,maine,4966
Pittsfield,maine,4967
Plymouth,maine,4969
Rangeley,maine,4970
Saint Albans,maine,4971
Searsmont,maine,4973
Searsport,maine,4974
Shawmut,maine,4975
Skowhegan,maine,4976
Smithfield,maine,4978
Solon,maine,4979
Stockton Springs,maine,4981
Stratton,maine,4982
Strong,maine,4983
Temple,maine,4984
West Forks,maine,4985
Thorndike,maine,4986
Troy,maine,4987
Unity,maine,4988
Vassalboro,maine,4989
West Farmington,maine,4992
White River Junction,vermont,5001
Barnard,vermont,5031
Bethel,vermont,5032
Bradford,vermont,5033
Bridgewater,vermont,5034
Bridgewater Corners,vermont,5035
Brookfield,vermont,5036
Brownsville,vermont,5037
Chelsea,vermont,5038
Corinth,vermont,5039
East Corinth,vermont,5040
East Randolph,vermont,5041
East Ryegate,vermont,5042
East Thetford,vermont,5043
Fairlee,vermont,5045
Groton,vermont,5046
Hartland,vermont,5048
Mc Indoe Falls,vermont,5050
Newbury,vermont,5051
North Hartland,vermont,5052
North Pomfret,vermont,5053
Norwich,vermont,5055
Plymouth,vermont,5056
Post Mills,vermont,5058
Quechee,vermont,5059
Randolph,vermont,5060
Randolph Center,vermont,5061
Reading,vermont,5062
Sharon,vermont,5065
South Pomfret,vermont,5067
South Royalton,vermont,5068
South Ryegate,vermont,5069
South Strafford,vermont,5070
South Woodstock,vermont,5071
Strafford,vermont,5072
Thetford Center,vermont,5075
Topsham,vermont,5076
Tunbridge,vermont,5077
Vershire,vermont,5079
Wells River,vermont,5081
West Fairlee,vermont,5083
West Hartford,vermont,5084
West Topsham,vermont,5086
Windsor,vermont,5089
Woodstock,vermont,5091
Bellows Falls,vermont,5101
Cambridgeport,vermont,5141
Cavendish,vermont,5142
Chester,vermont,5143
Grafton,vermont,5146
Londonderry,vermont,5148
Ludlow,vermont,5149
North Springfield,vermont,5150
Perkinsville,vermont,5151
Peru,vermont,5152
Proctorsville,vermont,5153
Saxtons River,vermont,5154
South Londonderry,vermont,5155
Springfield,vermont,5156
Westminster,vermont,5158
Weston,vermont,5161
Bennington,vermont,5201
Arlington,vermont,5250
Dorset,vermont,5251
East Arlington,vermont,5252
East Dorset,vermont,5253
Manchester,vermont,5254
Manchester Center,vermont,5255
North Bennington,vermont,5257
North Pownal,vermont,5260
Pownal,vermont,5261
Shaftsbury,vermont,5262
Brattleboro,vermont,5301
Bondville,vermont,5340
East Dover,vermont,5341
Jacksonville,vermont,5342
Jamaica,vermont,5343
Newfane,vermont,5345
Putney,vermont,5346
Readsboro,vermont,5350
Stamford,vermont,5352
Townshend,vermont,5353
Vernon,vermont,5354
Wardsboro,vermont,5355
West Dover,vermont,5356
West Halifax,vermont,5358
West Townshend,vermont,5359
West Wardsboro,vermont,5360
Whitingham,vermont,5361
Williamsville,vermont,5362
Wilmington,vermont,5363
Burlington,vermont,5401
South Burlington,vermont,5403
Winooski,vermont,5404
Burlington,vermont,5405
Burlington,vermont,5408
Colchester,vermont,5439
Alburgh,vermont,5440
Bakersfield,vermont,5441
Belvidere Center,vermont,5442
Bristol,vermont,5443
Cambridge,vermont,5444
Charlotte,vermont,5445
Colchester,vermont,5446
East Berkshire,vermont,5447
East Fairfield,vermont,5448
Enosburg Falls,vermont,5450
Essex Junction,vermont,5452
Fairfax,vermont,5454
Fairfield,vermont,5455
Ferrisburgh,vermont,5456
Franklin,vermont,5457
Grand Isle,vermont,5458
Highgate Center,vermont,5459
Hinesburg,vermont,5461
Huntington,vermont,5462
Isle La Motte,vermont,5463
Jeffersonville,vermont,5464
Jericho,vermont,5465
Milton,vermont,5468
Montgomery Center,vermont,5471
New Haven,vermont,5472
North Ferrisburgh,vermont,5473
North Hero,vermont,5474
Richford,vermont,5476
Richmond,vermont,5477
Saint Albans,vermont,5478
Saint Albans Bay,vermont,5481
Shelburne,vermont,5482
Sheldon,vermont,5483
Sheldon Springs,vermont,5485
South Hero,vermont,5486
Starksboro,vermont,5487
Swanton,vermont,5488
Underhill,vermont,5489
Vergennes,vermont,5491
Waterville,vermont,5492
Westford,vermont,5494
Williston,vermont,5495
Montpelier,vermont,5602
Adamant,vermont,5640
Barre,vermont,5641
Cabot,vermont,5647
Calais,vermont,5648
East Barre,vermont,5649
East Calais,vermont,5650
East Montpelier,vermont,5651
Eden,vermont,5652
Eden Mills,vermont,5653
Graniteville,vermont,5654
Hyde Park,vermont,5655
Johnson,vermont,5656
Lake Elmore,vermont,5657
Marshfield,vermont,5658
Moretown,vermont,5660
Morrisville,vermont,5661
Northfield,vermont,5663
Northfield Falls,vermont,5664
Plainfield,vermont,5667
Roxbury,vermont,5669
Stowe,vermont,5672
Waitsfield,vermont,5673
Warren,vermont,5674
Washington,vermont,5675
Waterbury,vermont,5676
Waterbury Center,vermont,5677
Websterville,vermont,5678
Williamstown,vermont,5679
Wolcott,vermont,5680
Woodbury,vermont,5681
Worcester,vermont,5682
Rutland,vermont,5701
Belmont,vermont,5730
Bomoseen,vermont,5732
Brandon,vermont,5733
Bridport,vermont,5734
Castleton,vermont,5735
Center Rutland,vermont,5736
Chittenden,vermont,5737
Cuttingsville,vermont,5738
Danby,vermont,5739
East Middlebury,vermont,5740
East Wallingford,vermont,5742
Fair Haven,vermont,5743
Florence,vermont,5744
Granville,vermont,5747
Hancock,vermont,5748
Killington,vermont,5751
Middlebury,vermont,5753
Middletown Springs,vermont,5757
Mount Holly,vermont,5758
North Clarendon,vermont,5759
Orwell,vermont,5760
Pawlet,vermont,5761
Pittsfield,vermont,5762
Pittsford,vermont,5763
Poultney,vermont,5764
Proctor,vermont,5765
Ripton,vermont,5766
Rochester,vermont,5767
Salisbury,vermont,5769
Shoreham,vermont,5770
Stockbridge,vermont,5772
Wallingford,vermont,5773
Wells,vermont,5774
West Pawlet,vermont,5775
West Rupert,vermont,5776
West Rutland,vermont,5777
Whiting,vermont,5778
Saint Johnsbury,vermont,5819
Albany,vermont,5820
Barnet,vermont,5821
Barton,vermont,5822
Concord,vermont,5824
Coventry,vermont,5825
Craftsbury,vermont,5826
Craftsbury Common,vermont,5827
Danville,vermont,5828
Derby,vermont,5829
Derby Line,vermont,5830
East Burke,vermont,5832
East Charleston,vermont,5833
East Hardwick,vermont,5836
East Haven,vermont,5837
Glover,vermont,5839
Greensboro,vermont,5841
Greensboro Bend,vermont,5842
Hardwick,vermont,5843
Irasburg,vermont,5845
Island Pond,vermont,5846
Lowell,vermont,5847
Lyndon Center,vermont,5850
Lyndonville,vermont,5851
Morgan,vermont,5853
Newport,vermont,5855
Newport Center,vermont,5857
North Concord,vermont,5858
North Troy,vermont,5859
Orleans,vermont,5860
Peacham,vermont,5862
Sheffield,vermont,5866
Sutton,vermont,5867
Troy,vermont,5868
West Burke,vermont,5871
West Charleston,vermont,5872
West Danville,vermont,5873
Westfield,vermont,5874
Barton,vermont,5875
Averill,vermont,5901
Beecher Falls,vermont,5902
Canaan,vermont,5903
Gilman,vermont,5904
Guildhall,vermont,5905
Lunenburg,vermont,5906
Norton,vermont,5907
Avon,connecticut,6001
Bloomfield,connecticut,6002
Bristol,connecticut,6010
Burlington,connecticut,6013
Broad Brook,connecticut,6016
Canaan,connecticut,6018
Canton,connecticut,6019
Canton Center,connecticut,6020
Colebrook,connecticut,6021
Collinsville,connecticut,6022
East Berlin,connecticut,6023
East Canaan,connecticut,6024
East Granby,connecticut,6026
East Hartland,connecticut,6027
Ellington,connecticut,6029
Falls Village,connecticut,6031
Farmington,connecticut,6032
Glastonbury,connecticut,6033
Granby,connecticut,6035
Berlin,connecticut,6037
Lakeville,connecticut,6039
Manchester,connecticut,6040
Manchester,connecticut,6042
Bolton,connecticut,6043
New Britain,connecticut,6051
New Britain,connecticut,6052
New Britain,connecticut,6053
New Hartford,connecticut,6057
Norfolk,connecticut,6058
North Canton,connecticut,6059
North Granby,connecticut,6060
Pine Meadow,connecticut,6061
Plainville,connecticut,6062
Barkhamsted,connecticut,6063
Riverton,connecticut,6065
Vernon Rockville,connecticut,6066
Rocky Hill,connecticut,6067
Salisbury,connecticut,6068
Sharon,connecticut,6069
Simsbury,connecticut,6070
Somers,connecticut,6071
South Glastonbury,connecticut,6073
South Windsor,connecticut,6074
Stafford Springs,connecticut,6076
Suffield,connecticut,6078
Tariffville,connecticut,6081
Enfield,connecticut,6082
Tolland,connecticut,6084
Unionville,connecticut,6085
East Windsor,connecticut,6088
Weatogue,connecticut,6089
West Granby,connecticut,6090
West Hartland,connecticut,6091
West Simsbury,connecticut,6092
West Suffield,connecticut,6093
Windsor,connecticut,6095
Windsor Locks,connecticut,6096
Winsted,connecticut,6098
Hartford,connecticut,6103
Hartford,connecticut,6105
Hartford,connecticut,6106
West Hartford,connecticut,6107
East Hartford,connecticut,6108
Wethersfield,connecticut,6109
West Hartford,connecticut,6110
Newington,connecticut,6111
Hartford,connecticut,6112
Hartford,connecticut,6114
West Hartford,connecticut,6117
East Hartford,connecticut,6118
West Hartford,connecticut,6119
Hartford,connecticut,6120
Hartford,connecticut,6160
Willimantic,connecticut,6226
Amston,connecticut,6231
Andover,connecticut,6232
Brooklyn,connecticut,6234
Chaplin,connecticut,6235
Columbia,connecticut,6237
Coventry,connecticut,6238
Danielson,connecticut,6239
Dayville,connecticut,6241
Eastford,connecticut,6242
East Killingly,connecticut,6243
Hampton,connecticut,6247
Hebron,connecticut,6248
Lebanon,connecticut,6249
Mansfield Center,connecticut,6250
North Franklin,connecticut,6254
North Grosvenordale,connecticut,6255
North Windham,connecticut,6256
Pomfret Center,connecticut,6259
Putnam,connecticut,6260
Quinebaug,connecticut,6262
Rogers,connecticut,6263
Scotland,connecticut,6264
South Windham,connecticut,6266
Storrs Mansfield,connecticut,6268
Storrs Mansfield,connecticut,6269
Thompson,connecticut,6277
Ashford,connecticut,6278
Willington,connecticut,6279
Windham,connecticut,6280
Woodstock,connecticut,6281
Woodstock Valley,connecticut,6282
New London,connecticut,6320
Baltic,connecticut,6330
Canterbury,connecticut,6331
Central Village,connecticut,6332
East Lyme,connecticut,6333
Bozrah,connecticut,6334
Gales Ferry,connecticut,6335
Gilman,connecticut,6336
Ledyard,connecticut,6339
Groton,connecticut,6340
Hanover,connecticut,6350
Jewett City,connecticut,6351
Montville,connecticut,6353
Moosup,connecticut,6354
Mystic,connecticut,6355
Niantic,connecticut,6357
North Stonington,connecticut,6359
Norwich,connecticut,6360
Preston,connecticut,6365
Oakdale,connecticut,6370
Old Lyme,connecticut,6371
Oneco,connecticut,6373
Plainfield,connecticut,6374
Quaker Hill,connecticut,6375
South Lyme,connecticut,6376
Sterling,connecticut,6377
Stonington,connecticut,6378
Pawcatuck,connecticut,6379
Taftville,connecticut,6380
Uncasville,connecticut,6382
Voluntown,connecticut,6384
Waterford,connecticut,6385
Wauregan,connecticut,6387
Yantic,connecticut,6389
Fishers Island,new york,6390
Ansonia,connecticut,6401
Beacon Falls,connecticut,6403
Branford,connecticut,6405
Centerbrook,connecticut,6409
Cheshire,connecticut,6410
Chester,connecticut,6412
Clinton,connecticut,6413
Cobalt,connecticut,6414
Colchester,connecticut,6415
Cromwell,connecticut,6416
Deep River,connecticut,6417
Derby,connecticut,6418
Killingworth,connecticut,6419
Salem,connecticut,6420
Durham,connecticut,6422
East Haddam,connecticut,6423
East Hampton,connecticut,6424
Essex,connecticut,6426
Guilford,connecticut,6437
Haddam,connecticut,6438
Higganum,connecticut,6441
Ivoryton,connecticut,6442
Madison,connecticut,6443
Marion,connecticut,6444
Marlborough,connecticut,6447
Meriden,connecticut,6450
Meriden,connecticut,6451
Middlefield,connecticut,6455
Middle Haddam,connecticut,6456
Middletown,connecticut,6457
Milford,connecticut,6460
Milford,connecticut,6461
Milldale,connecticut,6467
Monroe,connecticut,6468
Moodus,connecticut,6469
Newtown,connecticut,6470
North Branford,connecticut,6471
Northford,connecticut,6472
North Haven,connecticut,6473
Old Saybrook,connecticut,6475
Orange,connecticut,6477
Oxford,connecticut,6478
Plantsville,connecticut,6479
Portland,connecticut,6480
Rockfall,connecticut,6481
Sandy Hook,connecticut,6482
Seymour,connecticut,6483
Shelton,connecticut,6484
Southbury,connecticut,6488
Southington,connecticut,6489
Wallingford,connecticut,6492
Westbrook,connecticut,6498
New Haven,connecticut,6510
New Haven,connecticut,6511
East Haven,connecticut,6512
New Haven,connecticut,6513
Hamden,connecticut,6514
New Haven,connecticut,6515
West Haven,connecticut,6516
Hamden,connecticut,6517
Hamden,connecticut,6518
New Haven,connecticut,6519
Bethany,connecticut,6524
Woodbridge,connecticut,6525
Bridgeport,connecticut,6604
Bridgeport,connecticut,6605
Bridgeport,connecticut,6606
Bridgeport,connecticut,6607
Bridgeport,connecticut,6608
Bridgeport,connecticut,6610
Trumbull,connecticut,6611
Easton,connecticut,6612
Stratford,connecticut,6614
Stratford,connecticut,6615
Waterbury,connecticut,6702
Waterbury,connecticut,6704
Waterbury,connecticut,6705
Waterbury,connecticut,6706
Waterbury,connecticut,6708
Waterbury,connecticut,6710
Prospect,connecticut,6712
Wolcott,connecticut,6716
Bantam,connecticut,6750
Bethlehem,connecticut,6751
Bridgewater,connecticut,6752
Cornwall Bridge,connecticut,6754
Gaylordsville,connecticut,6755
Goshen,connecticut,6756
Kent,connecticut,6757
Lakeside,connecticut,6758
Litchfield,connecticut,6759
Middlebury,connecticut,6762
Morris,connecticut,6763
Naugatuck,connecticut,6770
New Milford,connecticut,6776
New Preston Marble Dale,connecticut,6777
Northfield,connecticut,6778
Oakville,connecticut,6779
Plymouth,connecticut,6782
Roxbury,connecticut,6783
Sherman,connecticut,6784
South Kent,connecticut,6785
Terryville,connecticut,6786
Thomaston,connecticut,6787
Torrington,connecticut,6790
Harwinton,connecticut,6791
Washington,connecticut,6793
Washington Depot,connecticut,6794
Watertown,connecticut,6795
West Cornwall,connecticut,6796
Woodbury,connecticut,6798
Bethel,connecticut,6801
Brookfield,connecticut,6804
Cos Cob,connecticut,6807
Danbury,connecticut,6810
Danbury,connecticut,6811
New Fairfield,connecticut,6812
Darien,connecticut,6820
Fairfield,connecticut,6824
Fairfield,connecticut,6825
Greenwich,connecticut,6830
Greenwich,connecticut,6831
New Canaan,connecticut,6840
Norwalk,connecticut,6850
Norwalk,connecticut,6851
Norwalk,connecticut,6853
Norwalk,connecticut,6854
Norwalk,connecticut,6855
Norwalk,connecticut,6856
Old Greenwich,connecticut,6870
Ridgefield,connecticut,6877
Riverside,connecticut,6878
Westport,connecticut,6880
Weston,connecticut,6883
Southport,connecticut,6890
Redding,connecticut,6896
Wilton,connecticut,6897
Stamford,connecticut,6901
Stamford,connecticut,6902
Stamford,connecticut,6903
Stamford,connecticut,6905
Stamford,connecticut,6906
Stamford,connecticut,6907
Avenel,new jersey,7001
Bayonne,new jersey,7002
Bloomfield,new jersey,7003
Fairfield,new jersey,7004
Boonton,new jersey,7005
Caldwell,new jersey,7006
Carteret,new jersey,7008
Cedar Grove,new jersey,7009
Cliffside Park,new jersey,7010
Clifton,new jersey,7011
Clifton,new jersey,7012
Clifton,new jersey,7013
Clifton,new jersey,7014
Cranford,new jersey,7016
East Orange,new jersey,7017
East Orange,new jersey,7018
Edgewater,new jersey,7020
Essex Fells,new jersey,7021
Fairview,new jersey,7022
Fanwood,new jersey,7023
Fort Lee,new jersey,7024
Garfield,new jersey,7026
Garwood,new jersey,7027
Glen Ridge,new jersey,7028
Harrison,new jersey,7029
Hoboken,new jersey,7030
North Arlington,new jersey,7031
Kearny,new jersey,7032
Kenilworth,new jersey,7033
Lake Hiawatha,new jersey,7034
Lincoln Park,new jersey,7035
Linden,new jersey,7036
Livingston,new jersey,7039
Maplewood,new jersey,7040
Millburn,new jersey,7041
Montclair,new jersey,7042
Montclair,new jersey,7043
Verona,new jersey,7044
Montville,new jersey,7045
Mountain Lakes,new jersey,7046
North Bergen,new jersey,7047
Orange,new jersey,7050
West Orange,new jersey,7052
Parsippany,new jersey,7054
Passaic,new jersey,7055
Wallington,new jersey,7057
Pine Brook,new jersey,7058
Warren,new jersey,7059
Plainfield,new jersey,7060
Plainfield,new jersey,7062
Plainfield,new jersey,7063
Port Reading,new jersey,7064
Rahway,new jersey,7065
Clark,new jersey,7066
Colonia,new jersey,7067
Roseland,new jersey,7068
Watchung,new jersey,7069
Rutherford,new jersey,7070
Lyndhurst,new jersey,7071
Carlstadt,new jersey,7072
East Rutherford,new jersey,7073
Moonachie,new jersey,7074
Wood Ridge,new jersey,7075
Scotch Plains,new jersey,7076
Sewaren,new jersey,7077
Short Hills,new jersey,7078
South Orange,new jersey,7079
South Plainfield,new jersey,7080
Springfield,new jersey,7081
Towaco,new jersey,7082
Union,new jersey,7083
Weehawken,new jersey,7086
Union City,new jersey,7087
Vauxhall,new jersey,7088
Westfield,new jersey,7090
Mountainside,new jersey,7092
West New York,new jersey,7093
Secaucus,new jersey,7094
Woodbridge,new jersey,7095
Newark,new jersey,7102
Newark,new jersey,7103
Newark,new jersey,7104
Newark,new jersey,7105
Newark,new jersey,7106
Newark,new jersey,7107
Newark,new jersey,7108
Belleville,new jersey,7109
Nutley,new jersey,7110
Irvington,new jersey,7111
Newark,new jersey,7112
Newark,new jersey,7114
Elizabeth,new jersey,7201
Elizabeth,new jersey,7202
Roselle,new jersey,7203
Roselle Park,new jersey,7204
Hillside,new jersey,7205
Elizabethport,new jersey,7206
Elizabeth,new jersey,7208
Jersey City,new jersey,7302
Jersey City,new jersey,7304
Jersey City,new jersey,7305
Jersey City,new jersey,7306
Jersey City,new jersey,7307
Jersey City,new jersey,7310
Jersey City,new jersey,7311
Allendale,new jersey,7401
Bloomingdale,new jersey,7403
Butler,new jersey,7405
Elmwood Park,new jersey,7407
Fair Lawn,new jersey,7410
Franklin,new jersey,7416
Franklin Lakes,new jersey,7417
Glenwood,new jersey,7418
Hamburg,new jersey,7419
Haskell,new jersey,7420
Hewitt,new jersey,7421
Highland Lakes,new jersey,7422
Ho Ho Kus,new jersey,7423
Little Falls,new jersey,7424
Mahwah,new jersey,7430
Midland Park,new jersey,7432
Newfoundland,new jersey,7435
Oakland,new jersey,7436
Oak Ridge,new jersey,7438
Ogdensburg,new jersey,7439
Pequannock,new jersey,7440
Pompton Lakes,new jersey,7442
Pompton Plains,new jersey,7444
Ramsey,new jersey,7446
Ridgewood,new jersey,7450
Glen Rock,new jersey,7452
Ringwood,new jersey,7456
Riverdale,new jersey,7457
Saddle River,new jersey,7458
Stockholm,new jersey,7460
Sussex,new jersey,7461
Vernon,new jersey,7462
Waldwick,new jersey,7463
Wanaque,new jersey,7465
Wayne,new jersey,7470
West Milford,new jersey,7480
Wyckoff,new jersey,7481
Mahwah,new jersey,7495
Paterson,new jersey,7501
Paterson,new jersey,7502
Paterson,new jersey,7503
Paterson,new jersey,7504
Paterson,new jersey,7505
Hawthorne,new jersey,7506
Haledon,new jersey,7508
Totowa,new jersey,7512
Paterson,new jersey,7513
Paterson,new jersey,7514
Paterson,new jersey,7522
Paterson,new jersey,7524
Hackensack,new jersey,7601
Bogota,new jersey,7603
Hasbrouck Heights,new jersey,7604
Leonia,new jersey,7605
South Hackensack,new jersey,7606
Maywood,new jersey,7607
Teterboro,new jersey,7608
Alpine,new jersey,7620
Bergenfield,new jersey,7621
Closter,new jersey,7624
Cresskill,new jersey,7626
Demarest,new jersey,7627
Dumont,new jersey,7628
Emerson,new jersey,7630
Englewood,new jersey,7631
Englewood Cliffs,new jersey,7632
Harrington Park,new jersey,7640
Haworth,new jersey,7641
Hillsdale,new jersey,7642
Little Ferry,new jersey,7643
Lodi,new jersey,7644
Montvale,new jersey,7645
New Milford,new jersey,7646
Northvale,new jersey,7647
Norwood,new jersey,7648
Oradell,new jersey,7649
Palisades Park,new jersey,7650
Paramus,new jersey,7652
Park Ridge,new jersey,7656
Ridgefield,new jersey,7657
Ridgefield Park,new jersey,7660
River Edge,new jersey,7661
Rochelle Park,new jersey,7662
Saddle Brook,new jersey,7663
Teaneck,new jersey,7666
Tenafly,new jersey,7670
Westwood,new jersey,7675
Township Of Washington,new jersey,7676
Woodcliff Lake,new jersey,7677
Red Bank,new jersey,7701
Shrewsbury,new jersey,7702
Fort Monmouth,new jersey,7703
Fair Haven,new jersey,7704
Allenhurst,new jersey,7711
Asbury Park,new jersey,7712
Atlantic Highlands,new jersey,7716
Avon By The Sea,new jersey,7717
Belford,new jersey,7718
Belmar,new jersey,7719
Bradley Beach,new jersey,7720
Cliffwood,new jersey,7721
Colts Neck,new jersey,7722
Deal,new jersey,7723
Eatontown,new jersey,7724
Englishtown,new jersey,7726
Farmingdale,new jersey,7727
Freehold,new jersey,7728
Hazlet,new jersey,7730
Howell,new jersey,7731
Highlands,new jersey,7732
Holmdel,new jersey,7733
Keansburg,new jersey,7734
Keyport,new jersey,7735
Leonardo,new jersey,7737
Lincroft,new jersey,7738
Little Silver,new jersey,7739
Long Branch,new jersey,7740
Marlboro,new jersey,7746
Matawan,new jersey,7747
Middletown,new jersey,7748
Monmouth Beach,new jersey,7750
Morganville,new jersey,7751
Neptune,new jersey,7753
Oakhurst,new jersey,7755
Ocean Grove,new jersey,7756
Oceanport,new jersey,7757
Port Monmouth,new jersey,7758
Rumson,new jersey,7760
Spring Lake,new jersey,7762
West Long Branch,new jersey,7764
Dover,new jersey,7801
Mine Hill,new jersey,7803
Allamuchy,new jersey,7820
Andover,new jersey,7821
Augusta,new jersey,7822
Belvidere,new jersey,7823
Blairstown,new jersey,7825
Branchville,new jersey,7826
Montague,new jersey,7827
Budd Lake,new jersey,7828
Califon,new jersey,7830
Columbia,new jersey,7832
Delaware,new jersey,7833
Denville,new jersey,7834
Flanders,new jersey,7836
Great Meadows,new jersey,7838
Hackettstown,new jersey,7840
Hibernia,new jersey,7842
Hopatcong,new jersey,7843
Johnsonburg,new jersey,7846
Kenvil,new jersey,7847
Lafayette,new jersey,7848
Lake Hopatcong,new jersey,7849
Landing,new jersey,7850
Layton,new jersey,7851
Ledgewood,new jersey,7852
Long Valley,new jersey,7853
Mount Arlington,new jersey,7856
Netcong,new jersey,7857
Newton,new jersey,7860
Oxford,new jersey,7863
Port Murray,new jersey,7865
Rockaway,new jersey,7866
Randolph,new jersey,7869
Schooleys Mountain,new jersey,7870
Sparta,new jersey,7871
Stanhope,new jersey,7874
Succasunna,new jersey,7876
Mount Tabor,new jersey,7878
Vienna,new jersey,7880
Wallpack Center,new jersey,7881
Washington,new jersey,7882
Wharton,new jersey,7885
Summit,new jersey,7901
Basking Ridge,new jersey,7920
Bedminster,new jersey,7921
Berkeley Heights,new jersey,7922
Bernardsville,new jersey,7924
Brookside,new jersey,7926
Cedar Knolls,new jersey,7927
Chatham,new jersey,7928
Chester,new jersey,7930
Far Hills,new jersey,7931
Florham Park,new jersey,7932
Gillette,new jersey,7933
Gladstone,new jersey,7934
Green Village,new jersey,7935
East Hanover,new jersey,7936
Lyons,new jersey,7939
Madison,new jersey,7940
Mendham,new jersey,7945
Millington,new jersey,7946
Morris Plains,new jersey,7950
Morristown,new jersey,7960
Convent Station,new jersey,7961
Mount Freedom,new jersey,7970
New Providence,new jersey,7974
New Vernon,new jersey,7976
Peapack,new jersey,7977
Pottersville,new jersey,7979
Stirling,new jersey,7980
Whippany,new jersey,7981
Alloway,new jersey,8001
Cherry Hill,new jersey,8002
Cherry Hill,new jersey,8003
Atco,new jersey,8004
Barnegat,new jersey,8005
Barnegat Light,new jersey,8006
Barrington,new jersey,8007
Beach Haven,new jersey,8008
Berlin,new jersey,8009
Beverly,new jersey,8010
Birmingham,new jersey,8011
Blackwood,new jersey,8012
Bridgeport,new jersey,8014
Browns Mills,new jersey,8015
Burlington,new jersey,8016
Chatsworth,new jersey,8019
Clarksboro,new jersey,8020
Clementon,new jersey,8021
Columbus,new jersey,8022
Deepwater,new jersey,8023
Gibbsboro,new jersey,8026
Gibbstown,new jersey,8027
Glassboro,new jersey,8028
Glendora,new jersey,8029
Gloucester City,new jersey,8030
Bellmawr,new jersey,8031
Haddonfield,new jersey,8033
Cherry Hill,new jersey,8034
Haddon Heights,new jersey,8035
Hainesport,new jersey,8036
Hammonton,new jersey,8037
Hancocks Bridge,new jersey,8038
Harrisonville,new jersey,8039
Jobstown,new jersey,8041
Juliustown,new jersey,8042
Voorhees,new jersey,8043
Lawnside,new jersey,8045
Willingboro,new jersey,8046
Lumberton,new jersey,8048
Magnolia,new jersey,8049
Manahawkin,new jersey,8050
Mantua,new jersey,8051
Maple Shade,new jersey,8052
Marlton,new jersey,8053
Mount Laurel,new jersey,8054
Medford,new jersey,8055
Mickleton,new jersey,8056
Moorestown,new jersey,8057
Mount Ephraim,new jersey,8059
Mount Holly,new jersey,8060
Mount Royal,new jersey,8061
Mullica Hill,new jersey,8062
National Park,new jersey,8063
New Lisbon,new jersey,8064
Palmyra,new jersey,8065
Paulsboro,new jersey,8066
Pedricktown,new jersey,8067
Pemberton,new jersey,8068
Penns Grove,new jersey,8069
Pennsville,new jersey,8070
Pitman,new jersey,8071
Quinton,new jersey,8072
Rancocas,new jersey,8073
Richwood,new jersey,8074
Riverside,new jersey,8075
Riverton,new jersey,8077
Runnemede,new jersey,8078
Salem,new jersey,8079
Sewell,new jersey,8080
Sicklerville,new jersey,8081
Somerdale,new jersey,8083
Stratford,new jersey,8084
Swedesboro,new jersey,8085
Thorofare,new jersey,8086
Tuckerton,new jersey,8087
Vincentown,new jersey,8088
Waterford Works,new jersey,8089
Wenonah,new jersey,8090
West Berlin,new jersey,8091
West Creek,new jersey,8092
Westville,new jersey,8093
Williamstown,new jersey,8094
Winslow,new jersey,8095
Woodbury,new jersey,8096
Woodbury Heights,new jersey,8097
Woodstown,new jersey,8098
Camden,new jersey,8102
Camden,new jersey,8103
Camden,new jersey,8104
Camden,new jersey,8105
Audubon,new jersey,8106
Oaklyn,new jersey,8107
Collingswood,new jersey,8108
Merchantville,new jersey,8109
Pennsauken,new jersey,8110
Absecon,new jersey,8201
Avalon,new jersey,8202
Brigantine,new jersey,8203
Cape May,new jersey,8204
Absecon,new jersey,8205
Cape May Court House,new jersey,8210
Cape May Point,new jersey,8212
Egg Harbor City,new jersey,8215
Elwood,new jersey,8217
Linwood,new jersey,8221
Marmora,new jersey,8223
New Gretna,new jersey,8224
Northfield,new jersey,8225
Ocean City,new jersey,8226
Ocean View,new jersey,8230
Pleasantville,new jersey,8232
Egg Harbor Township,new jersey,8234
Pomona,new jersey,8240
Port Republic,new jersey,8241
Rio Grande,new jersey,8242
Sea Isle City,new jersey,8243
Somers Point,new jersey,8244
South Seaville,new jersey,8246
Stone Harbor,new jersey,8247
Strathmere,new jersey,8248
Villas,new jersey,8251
Wildwood,new jersey,8260
Woodbine,new jersey,8270
Bridgeton,new jersey,8302
Buena,new jersey,8310
Cedarville,new jersey,8311
Clayton,new jersey,8312
Delmont,new jersey,8314
Dorchester,new jersey,8316
Dorothy,new jersey,8317
Elmer,new jersey,8318
Estell Manor,new jersey,8319
Fairton,new jersey,8320
Fortescue,new jersey,8321
Franklinville,new jersey,8322
Greenwich,new jersey,8323
Heislerville,new jersey,8324
Landisville,new jersey,8326
Leesburg,new jersey,8327
Malaga,new jersey,8328
Mauricetown,new jersey,8329
Mays Landing,new jersey,8330
Millville,new jersey,8332
Milmay,new jersey,8340
Minotola,new jersey,8341
Monroeville,new jersey,8343
Newfield,new jersey,8344
Newport,new jersey,8345
Newtonville,new jersey,8346
Port Elizabeth,new jersey,8348
Port Norris,new jersey,8349
Richland,new jersey,8350
Rosenhayn,new jersey,8352
Shiloh,new jersey,8353
Vineland,new jersey,8360
Vineland,new jersey,8361
Atlantic City,new jersey,8401
Margate City,new jersey,8402
Longport,new jersey,8403
Ventnor City,new jersey,8406
Allentown,new jersey,8501
Belle Mead,new jersey,8502
Bordentown,new jersey,8505
Millstone Township,new jersey,8510
Cookstown,new jersey,8511
Cranbury,new jersey,8512
Cream Ridge,new jersey,8514
Chesterfield,new jersey,8515
Florence,new jersey,8518
Hightstown,new jersey,8520
Hopewell,new jersey,8525
Jackson,new jersey,8527
Kingston,new jersey,8528
Lambertville,new jersey,8530
New Egypt,new jersey,8533
Pennington,new jersey,8534
Millstone Township,new jersey,8535
Plainsboro,new jersey,8536
Princeton,new jersey,8540
Princeton,new jersey,8542
Princeton Junction,new jersey,8550
Ringoes,new jersey,8551
Rocky Hill,new jersey,8553
Roebling,new jersey,8554
Roosevelt,new jersey,8555
Skillman,new jersey,8558
Stockton,new jersey,8559
Titusville,new jersey,8560
Windsor,new jersey,8561
Wrightstown,new jersey,8562
Trenton,new jersey,8608
Trenton,new jersey,8609
Trenton,new jersey,8610
Trenton,new jersey,8611
Trenton,new jersey,8618
Trenton,new jersey,8619
Trenton,new jersey,8620
Trenton,new jersey,8628
Trenton,new jersey,8629
Trenton,new jersey,8638
Joint Base Mdl,new jersey,8640
Joint Base Mdl,new jersey,8641
Lawrence Township,new jersey,8648
Trenton,new jersey,8690
Robbinsville,new jersey,8691
Lakewood,new jersey,8701
Allenwood,new jersey,8720
Bayville,new jersey,8721
Beachwood,new jersey,8722
Brick,new jersey,8723
Brick,new jersey,8724
Brielle,new jersey,8730
Forked River,new jersey,8731
Island Heights,new jersey,8732
Lakehurst,new jersey,8733
Lanoka Harbor,new jersey,8734
Lavallette,new jersey,8735
Manasquan,new jersey,8736
Mantoloking,new jersey,8738
Ocean Gate,new jersey,8740
Pine Beach,new jersey,8741
Point Pleasant Beach,new jersey,8742
Sea Girt,new jersey,8750
Seaside Heights,new jersey,8751
Seaside Park,new jersey,8752
Toms River,new jersey,8753
Toms River,new jersey,8755
Toms River,new jersey,8757
Waretown,new jersey,8758
Manchester Township,new jersey,8759
Annandale,new jersey,8801
Asbury,new jersey,8802
Bloomsbury,new jersey,8804
Bound Brook,new jersey,8805
Bridgewater,new jersey,8807
Broadway,new jersey,8808
Clinton,new jersey,8809
Dayton,new jersey,8810
Dunellen,new jersey,8812
East Brunswick,new jersey,8816
Edison,new jersey,8817
Edison,new jersey,8820
Flagtown,new jersey,8821
Flemington,new jersey,8822
Franklin Park,new jersey,8823
Kendall Park,new jersey,8824
Frenchtown,new jersey,8825
Glen Gardner,new jersey,8826
Hampton,new jersey,8827
Helmetta,new jersey,8828
High Bridge,new jersey,8829
Iselin,new jersey,8830
Monroe Township,new jersey,8831
Keasbey,new jersey,8832
Lebanon,new jersey,8833
Manville,new jersey,8835
Martinsville,new jersey,8836
Edison,new jersey,8837
Metuchen,new jersey,8840
Hillsborough,new jersey,8844
Middlesex,new jersey,8846
Milford,new jersey,8848
Milltown,new jersey,8850
Monmouth Junction,new jersey,8852
Neshanic Station,new jersey,8853
Piscataway,new jersey,8854
Old Bridge,new jersey,8857
Oldwick,new jersey,8858
Parlin,new jersey,8859
Perth Amboy,new jersey,8861
Fords,new jersey,8863
Phillipsburg,new jersey,8865
Pittstown,new jersey,8867
Raritan,new jersey,8869
Sayreville,new jersey,8872
Somerset,new jersey,8873
Somerville,new jersey,8876
South Amboy,new jersey,8879
South Bound Brook,new jersey,8880
South River,new jersey,8882
Spotswood,new jersey,8884
Stewartsville,new jersey,8886
Three Bridges,new jersey,8887
Whitehouse Station,new jersey,8889
Zarephath,new jersey,8890
New Brunswick,new jersey,8901
North Brunswick,new jersey,8902
Highland Park,new jersey,8904
New York,new york,10001
New York,new york,10002
New York,new york,10003
New York,new york,10004
New York,new york,10005
New York,new york,10006
New York,new york,10007
New York,new york,10009
New York,new york,10010
New York,new york,10011
New York,new york,10012
New York,new york,10013
New York,new york,10014
New York,new york,10016
New York,new york,10017
New York,new york,10018
New York,new york,10019
New York,new york,10020
New York,new york,10021
New York,new york,10022
New York,new york,10023
New York,new york,10024
New York,new york,10025
New York,new york,10026
New York,new york,10027
New York,new york,10028
New York,new york,10029
New York,new york,10030
New York,new york,10031
New York,new york,10032
New York,new york,10033
New York,new york,10034
New York,new york,10035
New York,new york,10036
New York,new york,10037
New York,new york,10038
New York,new york,10039
New York,new york,10040
New York,new york,10044
New York,new york,10065
New York,new york,10069
New York,new york,10075
New York,new york,10103
New York,new york,10110
New York,new york,10111
New York,new york,10112
New York,new york,10115
New York,new york,10119
New York,new york,10128
New York,new york,10152
New York,new york,10153
New York,new york,10154
New York,new york,10162
New York,new york,10165
New York,new york,10167
New York,new york,10168
New York,new york,10169
New York,new york,10170
New York,new york,10171
New York,new york,10172
New York,new york,10173
New York,new york,10174
New York,new york,10177
New York,new york,10199
New York,new york,10271
New York,new york,10278
New York,new york,10279
New York,new york,10280
New York,new york,10282
Staten Island,new york,10301
Staten Island,new york,10302
Staten Island,new york,10303
Staten Island,new york,10304
Staten Island,new york,10305
Staten Island,new york,10306
Staten Island,new york,10307
Staten Island,new york,10308
Staten Island,new york,10309
Staten Island,new york,10310
Staten Island,new york,10311
Staten Island,new york,10312
Staten Island,new york,10314
Bronx,new york,10451
Bronx,new york,10452
Bronx,new york,10453
Bronx,new york,10454
Bronx,new york,10455
Bronx,new york,10456
Bronx,new york,10457
Bronx,new york,10458
Bronx,new york,10459
Bronx,new york,10460
Bronx,new york,10461
Bronx,new york,10462
Bronx,new york,10463
Bronx,new york,10464
Bronx,new york,10465
Bronx,new york,10466
Bronx,new york,10467
Bronx,new york,10468
Bronx,new york,10469
Bronx,new york,10470
Bronx,new york,10471
Bronx,new york,10472
Bronx,new york,10473
Bronx,new york,10474
Bronx,new york,10475
Amawalk,new york,10501
Ardsley,new york,10502
Ardsley On Hudson,new york,10503
Armonk,new york,10504
Baldwin Place,new york,10505
Bedford,new york,10506
Bedford Hills,new york,10507
Brewster,new york,10509
Briarcliff Manor,new york,10510
Buchanan,new york,10511
Carmel,new york,10512
Chappaqua,new york,10514
Cold Spring,new york,10516
Crompond,new york,10517
Cross River,new york,10518
Croton Falls,new york,10519
Croton On Hudson,new york,10520
Dobbs Ferry,new york,10522
Elmsford,new york,10523
Garrison,new york,10524
Goldens Bridge,new york,10526
Granite Springs,new york,10527
Harrison,new york,10528
Hartsdale,new york,10530
Hawthorne,new york,10532
Irvington,new york,10533
Jefferson Valley,new york,10535
Katonah,new york,10536
Lake Peekskill,new york,10537
Larchmont,new york,10538
Mahopac,new york,10541
Mamaroneck,new york,10543
Maryknoll,new york,10545
Millwood,new york,10546
Mohegan Lake,new york,10547
Montrose,new york,10548
Mount Kisco,new york,10549
Mount Vernon,new york,10550
Mount Vernon,new york,10552
Mount Vernon,new york,10553
North Salem,new york,10560
Ossining,new york,10562
Peekskill,new york,10566
Cortlandt Manor,new york,10567
Pleasantville,new york,10570
Port Chester,new york,10573
Pound Ridge,new york,10576
Purchase,new york,10577
Purdys,new york,10578
Putnam Valley,new york,10579
Rye,new york,10580
Scarsdale,new york,10583
Shrub Oak,new york,10588
Somers,new york,10589
South Salem,new york,10590
Tarrytown,new york,10591
Thornwood,new york,10594
Valhalla,new york,10595
Verplanck,new york,10596
Waccabuc,new york,10597
Yorktown Heights,new york,10598
White Plains,new york,10601
White Plains,new york,10603
West Harrison,new york,10604
White Plains,new york,10605
White Plains,new york,10606
White Plains,new york,10607
Yonkers,new york,10701
Yonkers,new york,10703
Yonkers,new york,10704
Yonkers,new york,10705
Hastings On Hudson,new york,10706
Tuckahoe,new york,10707
Bronxville,new york,10708
Eastchester,new york,10709
Yonkers,new york,10710
New Rochelle,new york,10801
Pelham,new york,10803
New Rochelle,new york,10804
New Rochelle,new york,10805
Suffern,new york,10901
Arden,new york,10910
Bear Mountain,new york,10911
Blauvelt,new york,10913
Blooming Grove,new york,10914
Bullville,new york,10915
Campbell Hall,new york,10916
Central Valley,new york,10917
Chester,new york,10918
Circleville,new york,10919
Congers,new york,10920
Florida,new york,10921
Fort Montgomery,new york,10922
Garnerville,new york,10923
Goshen,new york,10924
Greenwood Lake,new york,10925
Harriman,new york,10926
Haverstraw,new york,10927
Highland Falls,new york,10928
Highland Mills,new york,10930
Hillburn,new york,10931
Howells,new york,10932
Johnson,new york,10933
Middletown,new york,10940
Middletown,new york,10941
Monroe,new york,10950
Monsey,new york,10952
Mountainville,new york,10953
Nanuet,new york,10954
New City,new york,10956
New Hampton,new york,10958
Nyack,new york,10960
Orangeburg,new york,10962
Otisville,new york,10963
Palisades,new york,10964
Pearl River,new york,10965
Piermont,new york,10968
Pine Island,new york,10969
Pomona,new york,10970
Slate Hill,new york,10973
Sloatsburg,new york,10974
Southfields,new york,10975
Sparkill,new york,10976
Spring Valley,new york,10977
Sterling Forest,new york,10979
Stony Point,new york,10980
Tappan,new york,10983
Thiells,new york,10984
Thompson Ridge,new york,10985
Tomkins Cove,new york,10986
Tuxedo Park,new york,10987
Unionville,new york,10988
Valley Cottage,new york,10989
Warwick,new york,10990
Washingtonville,new york,10992
West Haverstraw,new york,10993
West Nyack,new york,10994
West Point,new york,10996
Westtown,new york,10998
Floral Park,new york,11001
Elmont,new york,11003
Glen Oaks,new york,11004
Floral Park,new york,11005
Franklin Square,new york,11010
Great Neck,new york,11020
Great Neck,new york,11021
Great Neck,new york,11023
Great Neck,new york,11024
Manhasset,new york,11030
New Hyde Park,new york,11040
New Hyde Park,new york,11042
Port Washington,new york,11050
Inwood,new york,11096
Long Island City,new york,11101
Astoria,new york,11102
Astoria,new york,11103
Sunnyside,new york,11104
Astoria,new york,11105
Astoria,new york,11106
Long Island City,new york,11109
Brooklyn,new york,11201
Brooklyn,new york,11203
Brooklyn,new york,11204
Brooklyn,new york,11205
Brooklyn,new york,11206
Brooklyn,new york,11207
Brooklyn,new york,11208
Brooklyn,new york,11209
Brooklyn,new york,11210
Brooklyn,new york,11211
Brooklyn,new york,11212
Brooklyn,new york,11213
Brooklyn,new york,11214
Brooklyn,new york,11215
Brooklyn,new york,11216
Brooklyn,new york,11217
Brooklyn,new york,11218
Brooklyn,new york,11219
Brooklyn,new york,11220
Brooklyn,new york,11221
Brooklyn,new york,11222
Brooklyn,new york,11223
Brooklyn,new york,11224
Brooklyn,new york,11225
Brooklyn,new york,11226
Brooklyn,new york,11228
Brooklyn,new york,11229
Brooklyn,new york,11230
Brooklyn,new york,11231
Brooklyn,new york,11232
Brooklyn,new york,11233
Brooklyn,new york,11234
Brooklyn,new york,11235
Brooklyn,new york,11236
Brooklyn,new york,11237
Brooklyn,new york,11238
Brooklyn,new york,11239
Flushing,new york,11351
Flushing,new york,11354
Flushing,new york,11355
College Point,new york,11356
Whitestone,new york,11357
Flushing,new york,11358
Bayside,new york,11359
Bayside,new york,11360
Bayside,new york,11361
Little Neck,new york,11362
Little Neck,new york,11363
Oakland Gardens,new york,11364
Fresh Meadows,new york,11365
Fresh Meadows,new york,11366
Flushing,new york,11367
Corona,new york,11368
East Elmhurst,new york,11369
East Elmhurst,new york,11370
Flushing,new york,11371
Jackson Heights,new york,11372
Elmhurst,new york,11373
Rego Park,new york,11374
Forest Hills,new york,11375
Woodside,new york,11377
Maspeth,new york,11378
Middle Village,new york,11379
Ridgewood,new york,11385
Cambria Heights,new york,11411
Saint Albans,new york,11412
Springfield Gardens,new york,11413
Howard Beach,new york,11414
Kew Gardens,new york,11415
Ozone Park,new york,11416
Ozone Park,new york,11417
Richmond Hill,new york,11418
South Richmond Hill,new york,11419
South Ozone Park,new york,11420
Woodhaven,new york,11421
Rosedale,new york,11422
Hollis,new york,11423
Jamaica,new york,11424
Jamaica,new york,11425
Bellerose,new york,11426
Queens Village,new york,11427
Queens Village,new york,11428
Queens Village,new york,11429
Jamaica,new york,11430
Jamaica,new york,11432
Jamaica,new york,11433
Jamaica,new york,11434
Jamaica,new york,11435
Jamaica,new york,11436
Jamaica,new york,11451
Mineola,new york,11501
Albertson,new york,11507
Atlantic Beach,new york,11509
Baldwin,new york,11510
Carle Place,new york,11514
Cedarhurst,new york,11516
East Rockaway,new york,11518
Freeport,new york,11520
Garden City,new york,11530
Glen Cove,new york,11542
Glen Head,new york,11545
Glenwood Landing,new york,11547
Greenvale,new york,11548
Hempstead,new york,11549
Hempstead,new york,11550
West Hempstead,new york,11552
Uniondale,new york,11553
East Meadow,new york,11554
Uniondale,new york,11556
Hewlett,new york,11557
Island Park,new york,11558
Lawrence,new york,11559
Locust Valley,new york,11560
Long Beach,new york,11561
Lynbrook,new york,11563
Malverne,new york,11565
Merrick,new york,11566
Old Westbury,new york,11568
Point Lookout,new york,11569
Rockville Centre,new york,11570
Oceanside,new york,11572
Roosevelt,new york,11575
Roslyn,new york,11576
Roslyn Heights,new york,11577
Sea Cliff,new york,11579
Valley Stream,new york,11580
Valley Stream,new york,11581
Westbury,new york,11590
Williston Park,new york,11596
Woodmere,new york,11598
Far Rockaway,new york,11691
Arverne,new york,11692
Far Rockaway,new york,11693
Rockaway Park,new york,11694
Breezy Point,new york,11697
Amityville,new york,11701
Babylon,new york,11702
North Babylon,new york,11703
West Babylon,new york,11704
Bayport,new york,11705
Bay Shore,new york,11706
Bayville,new york,11709
Bellmore,new york,11710
Bellport,new york,11713
Bethpage,new york,11714
Blue Point,new york,11715
Bohemia,new york,11716
Brentwood,new york,11717
Brightwaters,new york,11718
Brookhaven,new york,11719
Centereach,new york,11720
Centerport,new york,11721
Central Islip,new york,11722
Cold Spring Harbor,new york,11724
Commack,new york,11725
Copiague,new york,11726
Coram,new york,11727
Deer Park,new york,11729
East Islip,new york,11730
East Northport,new york,11731
East Norwich,new york,11732
East Setauket,new york,11733
Farmingdale,new york,11735
Farmingville,new york,11738
Great River,new york,11739
Greenlawn,new york,11740
Holbrook,new york,11741
Holtsville,new york,11742
Huntington,new york,11743
Huntington Station,new york,11746
Melville,new york,11747
Islandia,new york,11749
Islip,new york,11751
Islip Terrace,new york,11752
Jericho,new york,11753
Kings Park,new york,11754
Lake Grove,new york,11755
Levittown,new york,11756
Lindenhurst,new york,11757
Massapequa,new york,11758
Massapequa Park,new york,11762
Medford,new york,11763
Miller Place,new york,11764
Mill Neck,new york,11765
Mount Sinai,new york,11766
Nesconset,new york,11767
Northport,new york,11768
Oakdale,new york,11769
Ocean Beach,new york,11770
Oyster Bay,new york,11771
Patchogue,new york,11772
Port Jefferson Station,new york,11776
Port Jefferson,new york,11777
Rocky Point,new york,11778
Ronkonkoma,new york,11779
Saint James,new york,11780
Sayville,new york,11782
Seaford,new york,11783
Selden,new york,11784
Shoreham,new york,11786
Smithtown,new york,11787
Hauppauge,new york,11788
Sound Beach,new york,11789
Stony Brook,new york,11790
Syosset,new york,11791
Wading River,new york,11792
Wantagh,new york,11793
Stony Brook,new york,11794
West Islip,new york,11795
West Sayville,new york,11796
Woodbury,new york,11797
Wyandanch,new york,11798
Hicksville,new york,11801
Plainview,new york,11803
Old Bethpage,new york,11804
Riverhead,new york,11901
Amagansett,new york,11930
Aquebogue,new york,11931
Bridgehampton,new york,11932
Calverton,new york,11933
Center Moriches,new york,11934
Cutchogue,new york,11935
East Hampton,new york,11937
East Marion,new york,11939
East Moriches,new york,11940
Eastport,new york,11941
East Quogue,new york,11942
Greenport,new york,11944
Hampton Bays,new york,11946
Jamesport,new york,11947
Laurel,new york,11948
Manorville,new york,11949
Mastic,new york,11950
Mastic Beach,new york,11951
Mattituck,new york,11952
Middle Island,new york,11953
Montauk,new york,11954
Moriches,new york,11955
New Suffolk,new york,11956
Orient,new york,11957
Peconic,new york,11958
Quogue,new york,11959
Remsenburg,new york,11960
Ridge,new york,11961
Sagaponack,new york,11962
Sag Harbor,new york,11963
Shelter Island,new york,11964
Shelter Island Heights,new york,11965
Shirley,new york,11967
Southampton,new york,11968
South Jamesport,new york,11970
Southold,new york,11971
Speonk,new york,11972
Upton,new york,11973
Wainscott,new york,11975
Water Mill,new york,11976
Westhampton,new york,11977
Westhampton Beach,new york,11978
Yaphank,new york,11980
Alcove,new york,12007
Alplaus,new york,12008
Altamont,new york,12009
Amsterdam,new york,12010
Athens,new york,12015
Austerlitz,new york,12017
Averill Park,new york,12018
Ballston Lake,new york,12019
Ballston Spa,new york,12020
Berlin,new york,12022
Berne,new york,12023
Brainard,new york,12024
Broadalbin,new york,12025
Burnt Hills,new york,12027
Buskirk,new york,12028
Canaan,new york,12029
Carlisle,new york,12031
Caroga Lake,new york,12032
Castleton On Hudson,new york,12033
Central Bridge,new york,12035
Charlotteville,new york,12036
Chatham,new york,12037
Cherry Plain,new york,12040
Clarksville,new york,12041
Climax,new york,12042
Cobleskill,new york,12043
Coeymans,new york,12045
Coeymans Hollow,new york,12046
Cohoes,new york,12047
Coxsackie,new york,12051
Cropseyville,new york,12052
Delanson,new york,12053
Delmar,new york,12054
Duanesburg,new york,12056
Eagle Bridge,new york,12057
Earlton,new york,12058
East Berne,new york,12059
East Chatham,new york,12060
East Greenbush,new york,12061
East Nassau,new york,12062
East Schodack,new york,12063
East Worcester,new york,12064
Clifton Park,new york,12065
Esperance,new york,12066
Feura Bush,new york,12067
Fonda,new york,12068
Fort Hunter,new york,12069
Fort Johnson,new york,12070
Fultonham,new york,12071
Fultonville,new york,12072
Galway,new york,12074
Ghent,new york,12075
Gilboa,new york,12076
Glenmont,new york,12077
Gloversville,new york,12078
Greenville,new york,12083
Guilderland,new york,12084
Guilderland Center,new york,12085
Hagaman,new york,12086
Hannacroix,new york,12087
Hoosick,new york,12089
Hoosick Falls,new york,12090
Howes Cave,new york,12092
Jefferson,new york,12093
Johnsonville,new york,12094
Johnstown,new york,12095
Kinderhook,new york,12106
Lake Pleasant,new york,12108
Latham,new york,12110
Malden Bridge,new york,12115
Maryland,new york,12116
Mayfield,new york,12117
Mechanicville,new york,12118
Medusa,new york,12120
Melrose,new york,12121
Middleburgh,new york,12122
Nassau,new york,12123
New Baltimore,new york,12124
New Lebanon,new york,12125
Niverville,new york,12130
North Blenheim,new york,12131
North Chatham,new york,12132
Northville,new york,12134
Old Chatham,new york,12136
Pattersonville,new york,12137
Petersburg,new york,12138
Piseco,new york,12139
Poestenkill,new york,12140
Ravena,new york,12143
Rensselaer,new york,12144
Rensselaerville,new york,12147
Rexford,new york,12148
Richmondville,new york,12149
Rotterdam Junction,new york,12150
Round Lake,new york,12151
Sand Lake,new york,12153
Schaghticoke,new york,12154
Schenevus,new york,12155
Schodack Landing,new york,12156
Schoharie,new york,12157
Selkirk,new york,12158
Slingerlands,new york,12159
Sloansville,new york,12160
South Bethlehem,new york,12161
Speculator,new york,12164
Spencertown,new york,12165
Sprakers,new york,12166
Stamford,new york,12167
Stephentown,new york,12168
Stephentown,new york,12169
Stillwater,new york,12170
Stottville,new york,12172
Stuyvesant,new york,12173
Stuyvesant Falls,new york,12174
Summit,new york,12175
Surprise,new york,12176
Tribes Hill,new york,12177
Troy,new york,12180
Troy,new york,12182
Troy,new york,12183
Valatie,new york,12184
Valley Falls,new york,12185
Voorheesville,new york,12186
Warnerville,new york,12187
Waterford,new york,12188
Watervliet,new york,12189
Wells,new york,12190
West Coxsackie,new york,12192
Westerlo,new york,12193
West Fulton,new york,12194
West Lebanon,new york,12195
West Sand Lake,new york,12196
Worcester,new york,12197
Wynantskill,new york,12198
Albany,new york,12202
Albany,new york,12203
Albany,new york,12204
Albany,new york,12205
Albany,new york,12206
Albany,new york,12207
Albany,new york,12208
Albany,new york,12209
Albany,new york,12210
Albany,new york,12211
Albany,new york,12222
Schenectady,new york,12302
Schenectady,new york,12303
Schenectady,new york,12304
Schenectady,new york,12305
Schenectady,new york,12306
Schenectady,new york,12307
Schenectady,new york,12308
Schenectady,new york,12309
Kingston,new york,12401
Accord,new york,12404
Acra,new york,12405
Arkville,new york,12406
Ashland,new york,12407
Bearsville,new york,12409
Big Indian,new york,12410
Bloomington,new york,12411
Boiceville,new york,12412
Cairo,new york,12413
Catskill,new york,12414
Chichester,new york,12416
Connelly,new york,12417
Cornwallville,new york,12418
Cottekill,new york,12419
Cragsmoor,new york,12420
Denver,new york,12421
Durham,new york,12422
East Durham,new york,12423
East Jewett,new york,12424
Elka Park,new york,12427
Ellenville,new york,12428
Esopus,new york,12429
Fleischmanns,new york,12430
Freehold,new york,12431
Glasco,new york,12432
Glenford,new york,12433
Grand Gorge,new york,12434
Greenfield Park,new york,12435
Haines Falls,new york,12436
Halcottsville,new york,12438
Hensonville,new york,12439
High Falls,new york,12440
Highmount,new york,12441
Hunter,new york,12442
Hurley,new york,12443
Jewett,new york,12444
Kerhonkson,new york,12446
Lake Hill,new york,12448
Lake Katrine,new york,12449
Lanesville,new york,12450
Leeds,new york,12451
Lexington,new york,12452
Malden On Hudson,new york,12453
Maplecrest,new york,12454
Margaretville,new york,12455
Mount Marion,new york,12456
Mount Tremper,new york,12457
Napanoch,new york,12458
New Kingston,new york,12459
Oak Hill,new york,12460
Olivebridge,new york,12461
Palenville,new york,12463
Phoenicia,new york,12464
Pine Hill,new york,12465
Port Ewen,new york,12466
Prattsville,new york,12468
Preston Hollow,new york,12469
Purling,new york,12470
Rifton,new york,12471
Rosendale,new york,12472
Round Top,new york,12473
Roxbury,new york,12474
Ruby,new york,12475
Saugerties,new york,12477
Shandaken,new york,12480
Shokan,new york,12481
South Cairo,new york,12482
Spring Glen,new york,12483
Stone Ridge,new york,12484
Tannersville,new york,12485
Tillson,new york,12486
Ulster Park,new york,12487
Wawarsing,new york,12489
West Camp,new york,12490
West Hurley,new york,12491
West Kill,new york,12492
West Park,new york,12493
West Shokan,new york,12494
Willow,new york,12495
Windham,new york,12496
Woodstock,new york,12498
Amenia,new york,12501
Ancram,new york,12502
Ancramdale,new york,12503
Annandale On Hudson,new york,12504
Barrytown,new york,12507
Beacon,new york,12508
Chelsea,new york,12512
Claverack,new york,12513
Clinton Corners,new york,12514
Clintondale,new york,12515
Copake,new york,12516
Copake Falls,new york,12517
Cornwall,new york,12518
Cornwall On Hudson,new york,12520
Craryville,new york,12521
Dover Plains,new york,12522
Elizaville,new york,12523
Fishkill,new york,12524
Gardiner,new york,12525
Germantown,new york,12526
Glenham,new york,12527
Highland,new york,12528
Hillsdale,new york,12529
Hollowville,new york,12530
Holmes,new york,12531
Hopewell Junction,new york,12533
Hudson,new york,12534
Hyde Park,new york,12538
Lagrangeville,new york,12540
Marlboro,new york,12542
Maybrook,new york,12543
Millbrook,new york,12545
Millerton,new york,12546
Milton,new york,12547
Modena,new york,12548
Montgomery,new york,12549
Newburgh,new york,12550
New Windsor,new york,12553
New Paltz,new york,12561
Patterson,new york,12563
Pawling,new york,12564
Philmont,new york,12565
Pine Bush,new york,12566
Pine Plains,new york,12567
Pleasant Valley,new york,12569
Poughquag,new york,12570
Red Hook,new york,12571
Rhinebeck,new york,12572
Rhinecliff,new york,12574
Rock Tavern,new york,12575
Salisbury Mills,new york,12577
Salt Point,new york,12578
Staatsburg,new york,12580
Stanfordville,new york,12581
Stormville,new york,12582
Tivoli,new york,12583
Verbank,new york,12585
Walden,new york,12586
Wallkill,new york,12589
Wappingers Falls,new york,12590
Wassaic,new york,12592
Wingdale,new york,12594
Poughkeepsie,new york,12601
Poughkeepsie,new york,12603
Poughkeepsie,new york,12604
Monticello,new york,12701
Barryville,new york,12719
Bethel,new york,12720
Bloomingburg,new york,12721
Burlingham,new york,12722
Callicoon,new york,12723
Callicoon Center,new york,12724
Claryville,new york,12725
Cochecton,new york,12726
Cuddebackville,new york,12729
Eldred,new york,12732
Fallsburg,new york,12733
Ferndale,new york,12734
Fremont Center,new york,12736
Glen Spey,new york,12737
Glen Wild,new york,12738
Grahamsville,new york,12740
Hankins,new york,12741
Harris,new york,12742
Highland Lake,new york,12743
Hortonville,new york,12745
Huguenot,new york,12746
Hurleyville,new york,12747
Jeffersonville,new york,12748
Kauneonga Lake,new york,12749
Kenoza Lake,new york,12750
Kiamesha Lake,new york,12751
Lake Huntington,new york,12752
Liberty,new york,12754
Livingston Manor,new york,12758
Loch Sheldrake,new york,12759
Long Eddy,new york,12760
Mongaup Valley,new york,12762
Mountain Dale,new york,12763
Narrowsburg,new york,12764
Neversink,new york,12765
North Branch,new york,12766
Obernburg,new york,12767
Parksville,new york,12768
Phillipsport,new york,12769
Pond Eddy,new york,12770
Port Jervis,new york,12771
Rock Hill,new york,12775
Roscoe,new york,12776
Forestburgh,new york,12777
Smallwood,new york,12778
South Fallsburg,new york,12779
Sparrow Bush,new york,12780
Summitville,new york,12781
Swan Lake,new york,12783
Thompsonville,new york,12784
Westbrookville,new york,12785
White Lake,new york,12786
White Sulphur Springs,new york,12787
Woodbourne,new york,12788
Woodridge,new york,12789
Wurtsboro,new york,12790
Youngsville,new york,12791
Yulan,new york,12792
Glens Falls,new york,12801
South Glens Falls,new york,12803
Queensbury,new york,12804
Adirondack,new york,12808
Argyle,new york,12809
Athol,new york,12810
Bakers Mills,new york,12811
Blue Mountain Lake,new york,12812
Bolton Landing,new york,12814
Brant Lake,new york,12815
Cambridge,new york,12816
Chestertown,new york,12817
Clemons,new york,12819
Comstock,new york,12821
Corinth,new york,12822
Cossayuna,new york,12823
Diamond Point,new york,12824
Fort Ann,new york,12827
Fort Edward,new york,12828
Gansevoort,new york,12831
Granville,new york,12832
Greenfield Center,new york,12833
Greenwich,new york,12834
Hadley,new york,12835
Hague,new york,12836
Hampton,new york,12837
Hartford,new york,12838
Hudson Falls,new york,12839
Huletts Landing,new york,12841
Indian Lake,new york,12842
Johnsburg,new york,12843
Kattskill Bay,new york,12844
Lake George,new york,12845
Lake Luzerne,new york,12846
Long Lake,new york,12847
Middle Granville,new york,12849
Middle Grove,new york,12850
Minerva,new york,12851
Newcomb,new york,12852
North Creek,new york,12853
North Hudson,new york,12855
North River,new york,12856
Olmstedville,new york,12857
Paradox,new york,12858
Porter Corners,new york,12859
Pottersville,new york,12860
Putnam Station,new york,12861
Riparius,new york,12862
Rock City Falls,new york,12863
Sabael,new york,12864
Salem,new york,12865
Saratoga Springs,new york,12866
Schroon Lake,new york,12870
Schuylerville,new york,12871
Severance,new york,12872
Shushan,new york,12873
Silver Bay,new york,12874
Stony Creek,new york,12878
Ticonderoga,new york,12883
Victory Mills,new york,12884
Warrensburg,new york,12885
Wevertown,new york,12886
Whitehall,new york,12887
Plattsburgh,new york,12901
Plattsburgh,new york,12903
Altona,new york,12910
Keeseville,new york,12911
Au Sable Forks,new york,12912
Bloomingdale,new york,12913
Bombay,new york,12914
Brushton,new york,12916
Burke,new york,12917
Cadyville,new york,12918
Champlain,new york,12919
Chateaugay,new york,12920
Chazy,new york,12921
Childwold,new york,12922
Churubusco,new york,12923
Keeseville,new york,12924
Constable,new york,12926
Cranberry Lake,new york,12927
Crown Point,new york,12928
Dannemora,new york,12929
Dickinson Center,new york,12930
Elizabethtown,new york,12932
Ellenburg,new york,12933
Ellenburg Center,new york,12934
Ellenburg Depot,new york,12935
Essex,new york,12936
Fort Covington,new york,12937
Gabriels,new york,12939
Jay,new york,12941
Keene,new york,12942
Keene Valley,new york,12943
Keeseville,new york,12944
Lake Clear,new york,12945
Lake Placid,new york,12946
Lewis,new york,12950
Lyon Mountain,new york,12952
Malone,new york,12953
Lyon Mountain,new york,12955
Mineville,new york,12956
Moira,new york,12957
Mooers,new york,12958
Mooers Forks,new york,12959
Moriah,new york,12960
Moriah Center,new york,12961
Morrisonville,new york,12962
New Russia,new york,12964
Nicholville,new york,12965
North Bangor,new york,12966
North Lawrence,new york,12967
Owls Head,new york,12969
Paul Smiths,new york,12970
Peru,new york,12972
Piercefield,new york,12973
Port Henry,new york,12974
Port Kent,new york,12975
Rainbow Lake,new york,12976
Ray Brook,new york,12977
Redford,new york,12978
Rouses Point,new york,12979
Saint Regis Falls,new york,12980
Saranac,new york,12981
Saranac Lake,new york,12983
Schuyler Falls,new york,12985
Tupper Lake,new york,12986
Upper Jay,new york,12987
Vermontville,new york,12989
West Chazy,new york,12992
Westport,new york,12993
Willsboro,new york,12996
Wilmington,new york,12997
Witherbee,new york,12998
Apulia Station,new york,13020
Auburn,new york,13021
Auburn,new york,13024
Aurora,new york,13026
Baldwinsville,new york,13027
Bernhards Bay,new york,13028
Brewerton,new york,13029
Bridgeport,new york,13030
Camillus,new york,13031
Canastota,new york,13032
Cato,new york,13033
Cayuga,new york,13034
Cazenovia,new york,13035
Central Square,new york,13036
Chittenango,new york,13037
Cicero,new york,13039
Cincinnatus,new york,13040
Clay,new york,13041
Cleveland,new york,13042
Constantia,new york,13044
Cortland,new york,13045
Delphi Falls,new york,13051
De Ruyter,new york,13052
Dryden,new york,13053
Durhamville,new york,13054
East Syracuse,new york,13057
Elbridge,new york,13060
Erieville,new york,13061
Etna,new york,13062
Fabius,new york,13063
Fair Haven,new york,13064
Fayetteville,new york,13066
Freeville,new york,13068
Fulton,new york,13069
Genoa,new york,13071
Georgetown,new york,13072
Groton,new york,13073
Hannibal,new york,13074
Hastings,new york,13076
Homer,new york,13077
Jamesville,new york,13078
Jordan,new york,13080
King Ferry,new york,13081
Kirkville,new york,13082
Lacona,new york,13083
La Fayette,new york,13084
Little York,new york,13087
Liverpool,new york,13088
Liverpool,new york,13090
Locke,new york,13092
Mc Graw,new york,13101
Mc Lean,new york,13102
Mallory,new york,13103
Manlius,new york,13104
Marcellus,new york,13108
Marietta,new york,13110
Martville,new york,13111
Memphis,new york,13112
Meridian,new york,13113
Mexico,new york,13114
Minetto,new york,13115
Minoa,new york,13116
Montezuma,new york,13117
Moravia,new york,13118
Nedrow,new york,13120
New Woodstock,new york,13122
North Bay,new york,13123
North Pitcher,new york,13124
Oswego,new york,13126
Parish,new york,13131
Pennellville,new york,13132
Peterboro,new york,13134
Phoenix,new york,13135
Pitcher,new york,13136
Pompey,new york,13138
Port Byron,new york,13140
Preble,new york,13141
Pulaski,new york,13142
Red Creek,new york,13143
Richland,new york,13144
Sandy Creek,new york,13145
Savannah,new york,13146
Scipio Center,new york,13147
Seneca Falls,new york,13148
Skaneateles,new york,13152
Skaneateles Falls,new york,13153
South Otselic,new york,13155
Sterling,new york,13156
Sylvan Beach,new york,13157
Truxton,new york,13158
Tully,new york,13159
Union Springs,new york,13160
Verona Beach,new york,13162
Wampsville,new york,13163
Warners,new york,13164
Waterloo,new york,13165
Weedsport,new york,13166
West Monroe,new york,13167
Syracuse,new york,13202
Syracuse,new york,13203
Syracuse,new york,13204
Syracuse,new york,13205
Syracuse,new york,13206
Syracuse,new york,13207
Syracuse,new york,13208
Syracuse,new york,13209
Syracuse,new york,13210
Syracuse,new york,13211
Syracuse,new york,13212
Syracuse,new york,13214
Syracuse,new york,13215
Syracuse,new york,13219
Syracuse,new york,13224
Syracuse,new york,13290
Alder Creek,new york,13301
Altmar,new york,13302
Ava,new york,13303
Barneveld,new york,13304
Beaver Falls,new york,13305
Blossvale,new york,13308
Boonville,new york,13309
Bouckville,new york,13310
Brantingham,new york,13312
Bridgewater,new york,13313
Brookfield,new york,13314
Burlington Flats,new york,13315
Camden,new york,13316
Canajoharie,new york,13317
Cassville,new york,13318
Chadwicks,new york,13319
Cherry Valley,new york,13320
Clark Mills,new york,13321
Clayville,new york,13322
Clinton,new york,13323
Cold Brook,new york,13324
Constableville,new york,13325
Cooperstown,new york,13326
Croghan,new york,13327
Deansboro,new york,13328
Dolgeville,new york,13329
Eagle Bay,new york,13331
Earlville,new york,13332
East Springfield,new york,13333
Eaton,new york,13334
Edmeston,new york,13335
Fly Creek,new york,13337
Forestport,new york,13338
Fort Plain,new york,13339
Frankfort,new york,13340
Franklin Springs,new york,13341
Garrattsville,new york,13342
Glenfield,new york,13343
Greig,new york,13345
Hamilton,new york,13346
Hartwick,new york,13348
Herkimer,new york,13350
Hinckley,new york,13352
Hoffmeister,new york,13353
Holland Patent,new york,13354
Hubbardsville,new york,13355
Ilion,new york,13357
Inlet,new york,13360
Jordanville,new york,13361
Knoxboro,new york,13362
Lee Center,new york,13363
Leonardsville,new york,13364
Little Falls,new york,13365
Lowville,new york,13367
Lyons Falls,new york,13368
Madison,new york,13402
Marcy,new york,13403
Martinsburg,new york,13404
Middleville,new york,13406
Mohawk,new york,13407
Morrisville,new york,13408
Munnsville,new york,13409
Nelliston,new york,13410
New Berlin,new york,13411
New Hartford,new york,13413
New Lisbon,new york,13415
Newport,new york,13416
New York Mills,new york,13417
North Brookfield,new york,13418
Old Forge,new york,13420
Oneida,new york,13421
Oriskany,new york,13424
Oriskany Falls,new york,13425
Palatine Bridge,new york,13428
Poland,new york,13431
Port Leyden,new york,13433
Prospect,new york,13435
Raquette Lake,new york,13436
Redfield,new york,13437
Remsen,new york,13438
Richfield Springs,new york,13439
Rome,new york,13440
Rome,new york,13441
Roseboom,new york,13450
Saint Johnsville,new york,13452
Salisbury Center,new york,13454
Sauquoit,new york,13456
Sharon Springs,new york,13459
Sherburne,new york,13460
Sherrill,new york,13461
Smyrna,new york,13464
Springfield Center,new york,13468
Stittville,new york,13469
Stratford,new york,13470
Taberg,new york,13471
Thendara,new york,13472
Turin,new york,13473
Van Hornesville,new york,13475
Vernon,new york,13476
Vernon Center,new york,13477
Verona,new york,13478
Waterville,new york,13480
Westdale,new york,13483
West Eaton,new york,13484
West Edmeston,new york,13485
Westernville,new york,13486
Westford,new york,13488
West Leyden,new york,13489
Westmoreland,new york,13490
West Winfield,new york,13491
Whitesboro,new york,13492
Williamstown,new york,13493
Woodgate,new york,13494
Yorkville,new york,13495
Utica,new york,13501
Utica,new york,13502
Watertown,new york,13601
Fort Drum,new york,13602
Watertown,new york,13603
Adams,new york,13605
Adams Center,new york,13606
Alexandria Bay,new york,13607
Antwerp,new york,13608
Black River,new york,13612
Brasher Falls,new york,13613
Brier Hill,new york,13614
Brownville,new york,13615
Calcium,new york,13616
Canton,new york,13617
Cape Vincent,new york,13618
Carthage,new york,13619
Castorland,new york,13620
Chase Mills,new york,13621
Chaumont,new york,13622
Chippewa Bay,new york,13623
Clayton,new york,13624
Colton,new york,13625
Copenhagen,new york,13626
Deferiet,new york,13628
De Kalb Junction,new york,13630
De Peyster,new york,13633
Dexter,new york,13634
Edwards,new york,13635
Ellisburg,new york,13636
Evans Mills,new york,13637
Felts Mills,new york,13638
Fine,new york,13639
Wellesley Island,new york,13640
Fishers Landing,new york,13641
Gouverneur,new york,13642
Great Bend,new york,13643
Hammond,new york,13646
Hannawa Falls,new york,13647
Harrisville,new york,13648
Henderson,new york,13650
Henderson Harbor,new york,13651
Hermon,new york,13652
Heuvelton,new york,13654
Hogansburg,new york,13655
La Fargeville,new york,13656
Lisbon,new york,13658
Lorraine,new york,13659
Madrid,new york,13660
Mannsville,new york,13661
Massena,new york,13662
Morristown,new york,13664
Natural Bridge,new york,13665
Newton Falls,new york,13666
Norfolk,new york,13667
Norwood,new york,13668
Ogdensburg,new york,13669
Oswegatchie,new york,13670
Parishville,new york,13672
Philadelphia,new york,13673
Pierrepont Manor,new york,13674
Plessis,new york,13675
Potsdam,new york,13676
Pyrites,new york,13677
Raymondville,new york,13678
Redwood,new york,13679
Rensselaer Falls,new york,13680
Richville,new york,13681
Rodman,new york,13682
Russell,new york,13684
Sackets Harbor,new york,13685
South Colton,new york,13687
Star Lake,new york,13690
Theresa,new york,13691
Thousand Island Park,new york,13692
Three Mile Bay,new york,13693
Waddington,new york,13694
Wanakena,new york,13695
West Stockholm,new york,13696
Winthrop,new york,13697
Afton,new york,13730
Andes,new york,13731
Apalachin,new york,13732
Bainbridge,new york,13733
Barton,new york,13734
Berkshire,new york,13736
Bloomville,new york,13739
Bovina Center,new york,13740
Candor,new york,13743
Castle Creek,new york,13744
Chenango Forks,new york,13746
Conklin,new york,13748
Davenport,new york,13750
Davenport Center,new york,13751
Delancey,new york,13752
Delhi,new york,13753
Deposit,new york,13754
Downsville,new york,13755
East Branch,new york,13756
East Meredith,new york,13757
Endicott,new york,13760
Fishs Eddy,new york,13774
Franklin,new york,13775
Gilbertsville,new york,13776
Glen Aubrey,new york,13777
Greene,new york,13778
Guilford,new york,13780
Hamden,new york,13782
Hancock,new york,13783
Harford,new york,13784
Harpersfield,new york,13786
Harpursville,new york,13787
Hobart,new york,13788
Johnson City,new york,13790
Killawog,new york,13794
Kirkwood,new york,13795
Laurens,new york,13796
Lisle,new york,13797
Mc Donough,new york,13801
Maine,new york,13802
Marathon,new york,13803
Masonville,new york,13804
Meridale,new york,13806
Milford,new york,13807
Morris,new york,13808
Mount Upton,new york,13809
Mount Vision,new york,13810
Newark Valley,new york,13811
Nichols,new york,13812
Nineveh,new york,13813
Norwich,new york,13815
Oneonta,new york,13820
Otego,new york,13825
Ouaquaga,new york,13826
Owego,new york,13827
Oxford,new york,13830
Plymouth,new york,13832
Port Crane,new york,13833
Portlandville,new york,13834
Richford,new york,13835
Sidney,new york,13838
Sidney Center,new york,13839
Smithville Flats,new york,13841
South Kortright,new york,13842
South New Berlin,new york,13843
South Plymouth,new york,13844
Tioga Center,new york,13845
Treadwell,new york,13846
Trout Creek,new york,13847
Unadilla,new york,13849
Vestal,new york,13850
Walton,new york,13856
Wells Bridge,new york,13859
West Davenport,new york,13860
West Oneonta,new york,13861
Whitney Point,new york,13862
Willet,new york,13863
Willseyville,new york,13864
Windsor,new york,13865
Binghamton,new york,13901
Binghamton,new york,13902
Binghamton,new york,13903
Binghamton,new york,13904
Binghamton,new york,13905
Akron,new york,14001
Alden,new york,14004
Alexander,new york,14005
Angola,new york,14006
Appleton,new york,14008
Arcade,new york,14009
Attica,new york,14011
Barker,new york,14012
Basom,new york,14013
Batavia,new york,14020
Bliss,new york,14024
Boston,new york,14025
Bowmansville,new york,14026
Burt,new york,14028
Chaffee,new york,14030
Clarence,new york,14031
Clarence Center,new york,14032
Colden,new york,14033
Collins,new york,14034
Collins Center,new york,14035
Corfu,new york,14036
Cowlesville,new york,14037
Dale,new york,14039
Darien Center,new york,14040
Dayton,new york,14041
Delevan,new york,14042
Depew,new york,14043
Derby,new york,14047
Dunkirk,new york,14048
East Amherst,new york,14051
East Aurora,new york,14052
East Bethany,new york,14054
East Concord,new york,14055
Eden,new york,14057
Elba,new york,14058
Elma,new york,14059
Farmersville Station,new york,14060
Farnham,new york,14061
Forestville,new york,14062
Fredonia,new york,14063
Freedom,new york,14065
Gainesville,new york,14066
Gasport,new york,14067
Getzville,new york,14068
Glenwood,new york,14069
Gowanda,new york,14070
Grand Island,new york,14072
Hamburg,new york,14075
Holland,new york,14080
Irving,new york,14081
Java Center,new york,14082
Lake View,new york,14085
Lancaster,new york,14086
Lawtons,new york,14091
Lewiston,new york,14092
Lockport,new york,14094
Lyndonville,new york,14098
Machias,new york,14101
Marilla,new york,14102
Medina,new york,14103
Middleport,new york,14105
Newfane,new york,14108
Niagara University,new york,14109
North Collins,new york,14111
North Evans,new york,14112
North Java,new york,14113
North Tonawanda,new york,14120
Oakfield,new york,14125
Olcott,new york,14126
Orchard Park,new york,14127
Perrysburg,new york,14129
Pike,new york,14130
Ransomville,new york,14131
Sanborn,new york,14132
Sardinia,new york,14134
Sheridan,new york,14135
Silver Creek,new york,14136
South Dayton,new york,14138
South Wales,new york,14139
Springville,new york,14141
Stafford,new york,14143
Strykersville,new york,14145
Tonawanda,new york,14150
Varysburg,new york,14167
Versailles,new york,14168
Wales Center,new york,14169
West Falls,new york,14170
West Valley,new york,14171
Wilson,new york,14172
Yorkshire,new york,14173
Youngstown,new york,14174
Buffalo,new york,14201
Buffalo,new york,14202
Buffalo,new york,14203
Buffalo,new york,14204
Buffalo,new york,14206
Buffalo,new york,14207
Buffalo,new york,14208
Buffalo,new york,14209
Buffalo,new york,14210
Buffalo,new york,14211
Buffalo,new york,14212
Buffalo,new york,14213
Buffalo,new york,14214
Buffalo,new york,14215
Buffalo,new york,14216
Buffalo,new york,14217
Buffalo,new york,14218
Buffalo,new york,14219
Buffalo,new york,14220
Buffalo,new york,14221
Buffalo,new york,14222
Buffalo,new york,14223
Buffalo,new york,14224
Buffalo,new york,14225
Buffalo,new york,14226
Buffalo,new york,14227
Buffalo,new york,14228
Buffalo,new york,14261
Niagara Falls,new york,14301
Niagara Falls,new york,14302
Niagara Falls,new york,14303
Niagara Falls,new york,14304
Niagara Falls,new york,14305
Albion,new york,14411
Avon,new york,14414
Bellona,new york,14415
Bergen,new york,14416
Branchport,new york,14418
Brockport,new york,14420
Byron,new york,14422
Caledonia,new york,14423
Canandaigua,new york,14424
Farmington,new york,14425
Castile,new york,14427
Churchville,new york,14428
Clifton Springs,new york,14432
Clyde,new york,14433
Conesus,new york,14435
Dansville,new york,14437
Dresden,new york,14441
East Rochester,new york,14445
Fairport,new york,14450
Geneseo,new york,14454
Geneva,new york,14456
Groveland,new york,14462
Hamlin,new york,14464
Hemlock,new york,14466
Henrietta,new york,14467
Hilton,new york,14468
Bloomfield,new york,14469
Holley,new york,14470
Honeoye,new york,14471
Honeoye Falls,new york,14472
Ionia,new york,14475
Kendall,new york,14476
Kent,new york,14477
Keuka Park,new york,14478
Knowlesville,new york,14479
Lakeville,new york,14480
Leicester,new york,14481
Le Roy,new york,14482
Lima,new york,14485
Linwood,new york,14486
Livonia,new york,14487
Lyons,new york,14489
Macedon,new york,14502
Manchester,new york,14504
Marion,new york,14505
Mendon,new york,14506
Middlesex,new york,14507
Mount Morris,new york,14510
Mumford,new york,14511
Naples,new york,14512
Newark,new york,14513
North Chili,new york,14514
North Rose,new york,14516
Nunda,new york,14517
Ontario,new york,14519
Ovid,new york,14521
Palmyra,new york,14522
Pavilion,new york,14525
Penfield,new york,14526
Penn Yan,new york,14527
Perkinsville,new york,14529
Perry,new york,14530
Phelps,new york,14532
Piffard,new york,14533
Pittsford,new york,14534
Portageville,new york,14536
Port Gibson,new york,14537
Retsof,new york,14539
Romulus,new york,14541
Rose,new york,14542
Rush,new york,14543
Rushville,new york,14544
Scottsburg,new york,14545
Scottsville,new york,14546
Shortsville,new york,14548
Silver Lake,new york,14549
Silver Springs,new york,14550
Sodus,new york,14551
Sodus Point,new york,14555
Spencerport,new york,14559
Springwater,new york,14560
Stanley,new york,14561
Victor,new york,14564
Walworth,new york,14568
Warsaw,new york,14569
Waterport,new york,14571
Wayland,new york,14572
Webster,new york,14580
West Bloomfield,new york,14585
West Henrietta,new york,14586
Willard,new york,14588
Williamson,new york,14589
Wolcott,new york,14590
Wyoming,new york,14591
York,new york,14592
Rochester,new york,14604
Rochester,new york,14605
Rochester,new york,14606
Rochester,new york,14607
Rochester,new york,14608
Rochester,new york,14609
Rochester,new york,14610
Rochester,new york,14611
Rochester,new york,14612
Rochester,new york,14613
Rochester,new york,14614
Rochester,new york,14615
Rochester,new york,14616
Rochester,new york,14617
Rochester,new york,14618
Rochester,new york,14619
Rochester,new york,14620
Rochester,new york,14621
Rochester,new york,14622
Rochester,new york,14623
Rochester,new york,14624
Rochester,new york,14625
Rochester,new york,14626
Rochester,new york,14627
Jamestown,new york,14701
Allegany,new york,14706
Allentown,new york,14707
Alma,new york,14708
Angelica,new york,14709
Ashville,new york,14710
Belfast,new york,14711
Bemus Point,new york,14712
Black Creek,new york,14714
Bolivar,new york,14715
Brocton,new york,14716
Caneadea,new york,14717
Cassadaga,new york,14718
Cattaraugus,new york,14719
Celoron,new york,14720
Ceres,new york,14721
Chautauqua,new york,14722
Cherry Creek,new york,14723
Clymer,new york,14724
Conewango Valley,new york,14726
Cuba,new york,14727
Dewittville,new york,14728
East Otto,new york,14729
Ellicottville,new york,14731
Ellington,new york,14732
Falconer,new york,14733
Fillmore,new york,14735
Findley Lake,new york,14736
Franklinville,new york,14737
Frewsburg,new york,14738
Friendship,new york,14739
Gerry,new york,14740
Great Valley,new york,14741
Greenhurst,new york,14742
Hinsdale,new york,14743
Houghton,new york,14744
Kennedy,new york,14747
Kill Buck,new york,14748
Lakewood,new york,14750
Lily Dale,new york,14752
Limestone,new york,14753
Little Genesee,new york,14754
Little Valley,new york,14755
Maple Springs,new york,14756
Mayville,new york,14757
Olean,new york,14760
Panama,new york,14767
Portland,new york,14769
Portville,new york,14770
Randolph,new york,14772
Richburg,new york,14774
Ripley,new york,14775
Rushford,new york,14777
Saint Bonaventure,new york,14778
Salamanca,new york,14779
Sherman,new york,14781
Sinclairville,new york,14782
Steamburg,new york,14783
Stockton,new york,14784
Westfield,new york,14787
Westons Mills,new york,14788
Addison,new york,14801
Alfred,new york,14802
Alfred Station,new york,14803
Almond,new york,14804
Alpine,new york,14805
Andover,new york,14806
Arkport,new york,14807
Atlanta,new york,14808
Avoca,new york,14809
Bath,new york,14810
Beaver Dams,new york,14812
Belmont,new york,14813
Big Flats,new york,14814
Bradford,new york,14815
Breesport,new york,14816
Brooktondale,new york,14817
Burdett,new york,14818
Cameron,new york,14819
Cameron Mills,new york,14820
Campbell,new york,14821
Canaseraga,new york,14822
Canisteo,new york,14823
Cayuta,new york,14824
Chemung,new york,14825
Cohocton,new york,14826
Coopers Plains,new york,14827
Corning,new york,14830
Dalton,new york,14836
Dundee,new york,14837
Erin,new york,14838
Greenwood,new york,14839
Hammondsport,new york,14840
Hector,new york,14841
Himrod,new york,14842
Hornell,new york,14843
Horseheads,new york,14845
Hunt,new york,14846
Interlaken,new york,14847
Ithaca,new york,14850
Ithaca,new york,14853
Jacksonville,new york,14854
Jasper,new york,14855
Kanona,new york,14856
Lindley,new york,14858
Lockwood,new york,14859
Lodi,new york,14860
Lowman,new york,14861
Millport,new york,14864
Montour Falls,new york,14865
Newfield,new york,14867
Odessa,new york,14869
Painted Post,new york,14870
Pine City,new york,14871
Pine Valley,new york,14872
Prattsburgh,new york,14873
Pulteney,new york,14874
Rexville,new york,14877
Rock Stream,new york,14878
Savona,new york,14879
Scio,new york,14880
Slaterville Springs,new york,14881
Lansing,new york,14882
Spencer,new york,14883
Swain,new york,14884
Troupsburg,new york,14885
Trumansburg,new york,14886
Van Etten,new york,14889
Watkins Glen,new york,14891
Waverly,new york,14892
Wayne,new york,14893
Wellsburg,new york,14894
Wellsville,new york,14895
Whitesville,new york,14897
Woodhull,new york,14898
Elmira,new york,14901
Elmira,new york,14903
Elmira,new york,14904
Elmira,new york,14905
Aliquippa,pennsylvania,15001
Ambridge,pennsylvania,15003
Atlasburg,pennsylvania,15004
Baden,pennsylvania,15005
Bairdford,pennsylvania,15006
Bakerstown,pennsylvania,15007
Beaver,pennsylvania,15009
Beaver Falls,pennsylvania,15010
Belle Vernon,pennsylvania,15012
Brackenridge,pennsylvania,15014
Bradfordwoods,pennsylvania,15015
Bridgeville,pennsylvania,15017
Buena Vista,pennsylvania,15018
Bulger,pennsylvania,15019
Bunola,pennsylvania,15020
Burgettstown,pennsylvania,15021
Charleroi,pennsylvania,15022
Cheswick,pennsylvania,15024
Clairton,pennsylvania,15025
Clinton,pennsylvania,15026
Conway,pennsylvania,15027
Coulters,pennsylvania,15028
Creighton,pennsylvania,15030
Cuddy,pennsylvania,15031
Donora,pennsylvania,15033
Dravosburg,pennsylvania,15034
East Mc Keesport,pennsylvania,15035
Elizabeth,pennsylvania,15037
Elrama,pennsylvania,15038
Freedom,pennsylvania,15042
Georgetown,pennsylvania,15043
Gibsonia,pennsylvania,15044
Glassport,pennsylvania,15045
Crescent,pennsylvania,15046
Greenock,pennsylvania,15047
Harwick,pennsylvania,15049
Hookstown,pennsylvania,15050
Indianola,pennsylvania,15051
Industry,pennsylvania,15052
Joffre,pennsylvania,15053
Langeloth,pennsylvania,15054
Lawrence,pennsylvania,15055
Leetsdale,pennsylvania,15056
Mc Donald,pennsylvania,15057
Midland,pennsylvania,15059
Midway,pennsylvania,15060
Monaca,pennsylvania,15061
Monessen,pennsylvania,15062
Monongahela,pennsylvania,15063
Morgan,pennsylvania,15064
Natrona Heights,pennsylvania,15065
New Brighton,pennsylvania,15066
New Eagle,pennsylvania,15067
New Kensington,pennsylvania,15068
Oakdale,pennsylvania,15071
Pricedale,pennsylvania,15072
Rochester,pennsylvania,15074
Rural Ridge,pennsylvania,15075
Russellton,pennsylvania,15076
Shippingport,pennsylvania,15077
Slovan,pennsylvania,15078
South Heights,pennsylvania,15081
Sturgeon,pennsylvania,15082
Sutersville,pennsylvania,15083
Tarentum,pennsylvania,15084
Trafford,pennsylvania,15085
Warrendale,pennsylvania,15086
Webster,pennsylvania,15087
West Elizabeth,pennsylvania,15088
West Newton,pennsylvania,15089
Wexford,pennsylvania,15090
Allison Park,pennsylvania,15101
Bethel Park,pennsylvania,15102
Braddock,pennsylvania,15104
Carnegie,pennsylvania,15106
Coraopolis,pennsylvania,15108
Duquesne,pennsylvania,15110
East Pittsburgh,pennsylvania,15112
Glenshaw,pennsylvania,15116
Homestead,pennsylvania,15120
West Mifflin,pennsylvania,15122
Imperial,pennsylvania,15126
South Park,pennsylvania,15129
Mckeesport,pennsylvania,15131
Mckeesport,pennsylvania,15132
Mckeesport,pennsylvania,15133
Mckeesport,pennsylvania,15135
Mc Kees Rocks,pennsylvania,15136
North Versailles,pennsylvania,15137
Oakmont,pennsylvania,15139
Pitcairn,pennsylvania,15140
Presto,pennsylvania,15142
Sewickley,pennsylvania,15143
Springdale,pennsylvania,15144
Turtle Creek,pennsylvania,15145
Monroeville,pennsylvania,15146
Verona,pennsylvania,15147
Wilmerding,pennsylvania,15148
Pittsburgh,pennsylvania,15201
Pittsburgh,pennsylvania,15202
Pittsburgh,pennsylvania,15203
Pittsburgh,pennsylvania,15204
Pittsburgh,pennsylvania,15205
Pittsburgh,pennsylvania,15206
Pittsburgh,pennsylvania,15207
Pittsburgh,pennsylvania,15208
Pittsburgh,pennsylvania,15209
Pittsburgh,pennsylvania,15210
Pittsburgh,pennsylvania,15211
Pittsburgh,pennsylvania,15212
Pittsburgh,pennsylvania,15213
Pittsburgh,pennsylvania,15214
Pittsburgh,pennsylvania,15215
Pittsburgh,pennsylvania,15216
Pittsburgh,pennsylvania,15217
Pittsburgh,pennsylvania,15218
Pittsburgh,pennsylvania,15219
Pittsburgh,pennsylvania,15220
Pittsburgh,pennsylvania,15221
Pittsburgh,pennsylvania,15222
Pittsburgh,pennsylvania,15223
Pittsburgh,pennsylvania,15224
Pittsburgh,pennsylvania,15225
Pittsburgh,pennsylvania,15226
Pittsburgh,pennsylvania,15227
Pittsburgh,pennsylvania,15228
Pittsburgh,pennsylvania,15229
Pittsburgh,pennsylvania,15232
Pittsburgh,pennsylvania,15233
Pittsburgh,pennsylvania,15234
Pittsburgh,pennsylvania,15235
Pittsburgh,pennsylvania,15236
Pittsburgh,pennsylvania,15237
Pittsburgh,pennsylvania,15238
Pittsburgh,pennsylvania,15239
Pittsburgh,pennsylvania,15241
Pittsburgh,pennsylvania,15243
Pittsburgh,pennsylvania,15260
Pittsburgh,pennsylvania,15290
Washington,pennsylvania,15301
Aleppo,pennsylvania,15310
Amity,pennsylvania,15311
Avella,pennsylvania,15312
Beallsville,pennsylvania,15313
Bentleyville,pennsylvania,15314
Bobtown,pennsylvania,15315
Brave,pennsylvania,15316
Canonsburg,pennsylvania,15317
Carmichaels,pennsylvania,15320
Cecil,pennsylvania,15321
Clarksville,pennsylvania,15322
Claysville,pennsylvania,15323
Cokeburg,pennsylvania,15324
Crucible,pennsylvania,15325
Dilliner,pennsylvania,15327
Prosperity,pennsylvania,15329
Eighty Four,pennsylvania,15330
Ellsworth,pennsylvania,15331
Finleyville,pennsylvania,15332
Fredericktown,pennsylvania,15333
Garards Fort,pennsylvania,15334
Graysville,pennsylvania,15337
Greensboro,pennsylvania,15338
Hickory,pennsylvania,15340
Holbrook,pennsylvania,15341
Houston,pennsylvania,15342
Jefferson,pennsylvania,15344
Marianna,pennsylvania,15345
Mather,pennsylvania,15346
Meadow Lands,pennsylvania,15347
Millsboro,pennsylvania,15348
Mount Morris,pennsylvania,15349
Muse,pennsylvania,15350
Nemacolin,pennsylvania,15351
New Freeport,pennsylvania,15352
Nineveh,pennsylvania,15353
Rices Landing,pennsylvania,15357
Richeyville,pennsylvania,15358
Rogersville,pennsylvania,15359
Scenery Hill,pennsylvania,15360
Southview,pennsylvania,15361
Spraggs,pennsylvania,15362
Strabane,pennsylvania,15363
Sycamore,pennsylvania,15364
Van Voorhis,pennsylvania,15366
Venetia,pennsylvania,15367
Vestaburg,pennsylvania,15368
Waynesburg,pennsylvania,15370
West Alexander,pennsylvania,15376
West Finley,pennsylvania,15377
Westland,pennsylvania,15378
West Middletown,pennsylvania,15379
Wind Ridge,pennsylvania,15380
Uniontown,pennsylvania,15401
Adah,pennsylvania,15410
Addison,pennsylvania,15411
Allenport,pennsylvania,15412
Allison,pennsylvania,15413
Brownsville,pennsylvania,15417
California,pennsylvania,15419
Cardale,pennsylvania,15420
Chalk Hill,pennsylvania,15421
Chestnut Ridge,pennsylvania,15422
Coal Center,pennsylvania,15423
Confluence,pennsylvania,15424
Connellsville,pennsylvania,15425
Daisytown,pennsylvania,15427
Dawson,pennsylvania,15428
Denbo,pennsylvania,15429
Dickerson Run,pennsylvania,15430
Dunbar,pennsylvania,15431
Dunlevy,pennsylvania,15432
East Millsboro,pennsylvania,15433
Elco,pennsylvania,15434
Fairbank,pennsylvania,15435
Fairchance,pennsylvania,15436
Farmington,pennsylvania,15437
Fayette City,pennsylvania,15438
Gibbon Glade,pennsylvania,15440
Grindstone,pennsylvania,15442
Hibbs,pennsylvania,15443
Hiller,pennsylvania,15444
Hopwood,pennsylvania,15445
Indian Head,pennsylvania,15446
Isabella,pennsylvania,15447
Jacobs Creek,pennsylvania,15448
Keisterville,pennsylvania,15449
La Belle,pennsylvania,15450
Lake Lynn,pennsylvania,15451
Leckrone,pennsylvania,15454
Leisenring,pennsylvania,15455
Lemont Furnace,pennsylvania,15456
Mc Clellandtown,pennsylvania,15458
Markleysburg,pennsylvania,15459
Martin,pennsylvania,15460
Masontown,pennsylvania,15461
Melcroft,pennsylvania,15462
Merrittstown,pennsylvania,15463
Mill Run,pennsylvania,15464
Newell,pennsylvania,15466
New Geneva,pennsylvania,15467
New Salem,pennsylvania,15468
Normalville,pennsylvania,15469
Ohiopyle,pennsylvania,15470
Oliver,pennsylvania,15472
Perryopolis,pennsylvania,15473
Point Marion,pennsylvania,15474
Republic,pennsylvania,15475
Ronco,pennsylvania,15476
Roscoe,pennsylvania,15477
Smithfield,pennsylvania,15478
Smithton,pennsylvania,15479
Smock,pennsylvania,15480
Star Junction,pennsylvania,15482
Stockdale,pennsylvania,15483
Uledi,pennsylvania,15484
Vanderbilt,pennsylvania,15486
West Leisenring,pennsylvania,15489
White,pennsylvania,15490
Wickhaven,pennsylvania,15492
Somerset,pennsylvania,15501
Hidden Valley,pennsylvania,15502
Somerset,pennsylvania,15510
Acosta,pennsylvania,15520
Alum Bank,pennsylvania,15521
Bedford,pennsylvania,15522
Berlin,pennsylvania,15530
Boswell,pennsylvania,15531
Boynton,pennsylvania,15532
Breezewood,pennsylvania,15533
Buffalo Mills,pennsylvania,15534
Clearville,pennsylvania,15535
Crystal Spring,pennsylvania,15536
Everett,pennsylvania,15537
Fairhope,pennsylvania,15538
Fishertown,pennsylvania,15539
Fort Hill,pennsylvania,15540
Friedens,pennsylvania,15541
Garrett,pennsylvania,15542
Gray,pennsylvania,15544
Hyndman,pennsylvania,15545
Jenners,pennsylvania,15546
Jennerstown,pennsylvania,15547
Manns Choice,pennsylvania,15550
Markleton,pennsylvania,15551
Meyersdale,pennsylvania,15552
New Paris,pennsylvania,15554
Quecreek,pennsylvania,15555
Rockwood,pennsylvania,15557
Salisbury,pennsylvania,15558
Schellsburg,pennsylvania,15559
Shanksville,pennsylvania,15560
Sipesville,pennsylvania,15561
Springs,pennsylvania,15562
Stoystown,pennsylvania,15563
Wellersburg,pennsylvania,15564
Greensburg,pennsylvania,15601
Acme,pennsylvania,15610
Adamsburg,pennsylvania,15611
Alverton,pennsylvania,15612
Apollo,pennsylvania,15613
Ardara,pennsylvania,15615
Armbrust,pennsylvania,15616
Arona,pennsylvania,15617
Avonmore,pennsylvania,15618
Bradenville,pennsylvania,15620
Calumet,pennsylvania,15621
Champion,pennsylvania,15622
Claridge,pennsylvania,15623
Crabtree,pennsylvania,15624
Darragh,pennsylvania,15625
Delmont,pennsylvania,15626
Derry,pennsylvania,15627
Donegal,pennsylvania,15628
East Vandergrift,pennsylvania,15629
Everson,pennsylvania,15631
Export,pennsylvania,15632
Forbes Road,pennsylvania,15633
Grapeville,pennsylvania,15634
Hannastown,pennsylvania,15635
Harrison City,pennsylvania,15636
Herminie,pennsylvania,15637
Hostetter,pennsylvania,15638
Hunker,pennsylvania,15639
Hutchinson,pennsylvania,15640
Hyde Park,pennsylvania,15641
Irwin,pennsylvania,15642
Jeannette,pennsylvania,15644
Jones Mills,pennsylvania,15646
Larimer,pennsylvania,15647
Latrobe,pennsylvania,15650
Laughlintown,pennsylvania,15655
Leechburg,pennsylvania,15656
Ligonier,pennsylvania,15658
Lowber,pennsylvania,15660
Loyalhanna,pennsylvania,15661
Luxor,pennsylvania,15662
Madison,pennsylvania,15663
Manor,pennsylvania,15665
Mount Pleasant,pennsylvania,15666
Murrysville,pennsylvania,15668
New Alexandria,pennsylvania,15670
New Derry,pennsylvania,15671
New Stanton,pennsylvania,15672
North Apollo,pennsylvania,15673
Penn,pennsylvania,15675
Pleasant Unity,pennsylvania,15676
Rector,pennsylvania,15677
Rillton,pennsylvania,15678
Ruffs Dale,pennsylvania,15679
Salina,pennsylvania,15680
Saltsburg,pennsylvania,15681
Scottdale,pennsylvania,15683
Slickville,pennsylvania,15684
Spring Church,pennsylvania,15686
Stahlstown,pennsylvania,15687
Tarrs,pennsylvania,15688
United,pennsylvania,15689
Vandergrift,pennsylvania,15690
Wendel,pennsylvania,15691
Westmoreland City,pennsylvania,15692
Whitney,pennsylvania,15693
Wyano,pennsylvania,15695
Youngstown,pennsylvania,15696
Youngwood,pennsylvania,15697
Yukon,pennsylvania,15698
Indiana,pennsylvania,15701
Alverda,pennsylvania,15710
Anita,pennsylvania,15711
Arcadia,pennsylvania,15712
Aultman,pennsylvania,15713
Northern Cambria,pennsylvania,15714
Big Run,pennsylvania,15715
Black Lick,pennsylvania,15716
Blairsville,pennsylvania,15717
Burnside,pennsylvania,15721
Carrolltown,pennsylvania,15722
Chambersville,pennsylvania,15723
Cherry Tree,pennsylvania,15724
Clarksburg,pennsylvania,15725
Clune,pennsylvania,15727
Clymer,pennsylvania,15728
Commodore,pennsylvania,15729
Coolspring,pennsylvania,15730
Coral,pennsylvania,15731
Creekside,pennsylvania,15732
De Lancey,pennsylvania,15733
Dixonville,pennsylvania,15734
Elderton,pennsylvania,15736
Elmora,pennsylvania,15737
Emeigh,pennsylvania,15738
Ernest,pennsylvania,15739
Gipsy,pennsylvania,15741
Glen Campbell,pennsylvania,15742
Hamilton,pennsylvania,15744
Heilwood,pennsylvania,15745
Hillsdale,pennsylvania,15746
Home,pennsylvania,15747
Homer City,pennsylvania,15748
Josephine,pennsylvania,15750
Kent,pennsylvania,15752
La Jose,pennsylvania,15753
Lucernemines,pennsylvania,15754
Mc Intyre,pennsylvania,15756
Mahaffey,pennsylvania,15757
Marion Center,pennsylvania,15759
Marsteller,pennsylvania,15760
Mentcle,pennsylvania,15761
Nicktown,pennsylvania,15762
Oliveburg,pennsylvania,15764
Penn Run,pennsylvania,15765
Punxsutawney,pennsylvania,15767
Ringgold,pennsylvania,15770
Rochester Mills,pennsylvania,15771
Rossiter,pennsylvania,15772
Saint Benedict,pennsylvania,15773
Shelocta,pennsylvania,15774
Spangler,pennsylvania,15775
Sprankle Mills,pennsylvania,15776
Starford,pennsylvania,15777
Timblin,pennsylvania,15778
Torrance,pennsylvania,15779
Valier,pennsylvania,15780
Walston,pennsylvania,15781
West Lebanon,pennsylvania,15783
Worthville,pennsylvania,15784
Du Bois,pennsylvania,15801
Benezett,pennsylvania,15821
Brockport,pennsylvania,15823
Brockway,pennsylvania,15824
Brookville,pennsylvania,15825
Byrnedale,pennsylvania,15827
Clarington,pennsylvania,15828
Corsica,pennsylvania,15829
Driftwood,pennsylvania,15832
Emporium,pennsylvania,15834
Falls Creek,pennsylvania,15840
Force,pennsylvania,15841
Johnsonburg,pennsylvania,15845
Kersey,pennsylvania,15846
Knox Dale,pennsylvania,15847
Luthersburg,pennsylvania,15848
Penfield,pennsylvania,15849
Reynoldsville,pennsylvania,15851
Ridgway,pennsylvania,15853
Rockton,pennsylvania,15856
Saint Marys,pennsylvania,15857
Sigel,pennsylvania,15860
Sinnamahoning,pennsylvania,15861
Stump Creek,pennsylvania,15863
Summerville,pennsylvania,15864
Sykesville,pennsylvania,15865
Troutville,pennsylvania,15866
Weedville,pennsylvania,15868
Wilcox,pennsylvania,15870
Johnstown,pennsylvania,15901
Johnstown,pennsylvania,15902
Johnstown,pennsylvania,15904
Johnstown,pennsylvania,15905
Johnstown,pennsylvania,15906
Johnstown,pennsylvania,15909
Armagh,pennsylvania,15920
Beaverdale,pennsylvania,15921
Belsano,pennsylvania,15922
Bolivar,pennsylvania,15923
Cairnbrook,pennsylvania,15924
Cassandra,pennsylvania,15925
Central City,pennsylvania,15926
Colver,pennsylvania,15927
Davidsville,pennsylvania,15928
Dilltown,pennsylvania,15929
Dunlo,pennsylvania,15930
Ebensburg,pennsylvania,15931
Elton,pennsylvania,15934
Hollsopple,pennsylvania,15935
Hooversville,pennsylvania,15936
Jerome,pennsylvania,15937
Lilly,pennsylvania,15938
Loretto,pennsylvania,15940
Mineral Point,pennsylvania,15942
Nanty Glo,pennsylvania,15943
New Florence,pennsylvania,15944
Parkhill,pennsylvania,15945
Portage,pennsylvania,15946
Revloc,pennsylvania,15948
Robinson,pennsylvania,15949
Saint Michael,pennsylvania,15951
Salix,pennsylvania,15952
Seanor,pennsylvania,15953
Seward,pennsylvania,15954
Sidman,pennsylvania,15955
South Fork,pennsylvania,15956
Strongstown,pennsylvania,15957
Summerhill,pennsylvania,15958
Twin Rocks,pennsylvania,15960
Vintondale,pennsylvania,15961
Wilmore,pennsylvania,15962
Windber,pennsylvania,15963
Butler,pennsylvania,16001
Butler,pennsylvania,16002
Boyers,pennsylvania,16020
Bruin,pennsylvania,16022
Cabot,pennsylvania,16023
Callery,pennsylvania,16024
Chicora,pennsylvania,16025
Connoquenessing,pennsylvania,16027
East Brady,pennsylvania,16028
East Butler,pennsylvania,16029
Eau Claire,pennsylvania,16030
Evans City,pennsylvania,16033
Fenelton,pennsylvania,16034
Forestville,pennsylvania,16035
Foxburg,pennsylvania,16036
Harmony,pennsylvania,16037
Harrisville,pennsylvania,16038
Hilliards,pennsylvania,16040
Karns City,pennsylvania,16041
Lyndora,pennsylvania,16045
Mars,pennsylvania,16046
North Washington,pennsylvania,16048
Parker,pennsylvania,16049
Petrolia,pennsylvania,16050
Portersville,pennsylvania,16051
Prospect,pennsylvania,16052
Renfrew,pennsylvania,16053
Saint Petersburg,pennsylvania,16054
Sarver,pennsylvania,16055
Saxonburg,pennsylvania,16056
Slippery Rock,pennsylvania,16057
Valencia,pennsylvania,16059
West Sunbury,pennsylvania,16061
Zelienople,pennsylvania,16063
Cranberry Township,pennsylvania,16066
New Castle,pennsylvania,16101
New Castle,pennsylvania,16102
New Castle,pennsylvania,16105
Adamsville,pennsylvania,16110
Atlantic,pennsylvania,16111
Bessemer,pennsylvania,16112
Clark,pennsylvania,16113
Clarks Mills,pennsylvania,16114
Darlington,pennsylvania,16115
Edinburg,pennsylvania,16116
Ellwood City,pennsylvania,16117
Enon Valley,pennsylvania,16120
Farrell,pennsylvania,16121
Fombell,pennsylvania,16123
Fredonia,pennsylvania,16124
Greenville,pennsylvania,16125
Grove City,pennsylvania,16127
Hadley,pennsylvania,16130
Hartstown,pennsylvania,16131
Hillsville,pennsylvania,16132
Jackson Center,pennsylvania,16133
Jamestown,pennsylvania,16134
Koppel,pennsylvania,16136
Mercer,pennsylvania,16137
New Bedford,pennsylvania,16140
New Galilee,pennsylvania,16141
New Wilmington,pennsylvania,16142
Pulaski,pennsylvania,16143
Sandy Lake,pennsylvania,16145
Sharon,pennsylvania,16146
Hermitage,pennsylvania,16148
Sharpsville,pennsylvania,16150
Sheakleyville,pennsylvania,16151
Stoneboro,pennsylvania,16153
Transfer,pennsylvania,16154
Villa Maria,pennsylvania,16155
Volant,pennsylvania,16156
Wampum,pennsylvania,16157
West Middlesex,pennsylvania,16159
West Pittsburg,pennsylvania,16160
Wheatland,pennsylvania,16161
Kittanning,pennsylvania,16201
Adrian,pennsylvania,16210
Beyer,pennsylvania,16211
Cadogan,pennsylvania,16212
Callensburg,pennsylvania,16213
Clarion,pennsylvania,16214
Cooksburg,pennsylvania,16217
Cowansville,pennsylvania,16218
Dayton,pennsylvania,16222
Distant,pennsylvania,16223
Fairmount City,pennsylvania,16224
Ford City,pennsylvania,16226
Ford Cliff,pennsylvania,16228
Freeport,pennsylvania,16229
Hawthorn,pennsylvania,16230
Knox,pennsylvania,16232
Leeper,pennsylvania,16233
Lucinda,pennsylvania,16235
Mc Grann,pennsylvania,16236
Manorville,pennsylvania,16238
Marienville,pennsylvania,16239
Mayport,pennsylvania,16240
New Bethlehem,pennsylvania,16242
Nu Mine,pennsylvania,16244
Oak Ridge,pennsylvania,16245
Plumville,pennsylvania,16246
Rimersburg,pennsylvania,16248
Rural Valley,pennsylvania,16249
Sagamore,pennsylvania,16250
Seminole,pennsylvania,16253
Shippenville,pennsylvania,16254
Sligo,pennsylvania,16255
Smicksburg,pennsylvania,16256
Strattanville,pennsylvania,16258
Templeton,pennsylvania,16259
Vowinckel,pennsylvania,16260
Worthington,pennsylvania,16262
Yatesboro,pennsylvania,16263
Oil City,pennsylvania,16301
Carlton,pennsylvania,16311
Chandlers Valley,pennsylvania,16312
Clarendon,pennsylvania,16313
Cochranton,pennsylvania,16314
Conneaut Lake,pennsylvania,16316
Cooperstown,pennsylvania,16317
Cranberry,pennsylvania,16319
East Hickory,pennsylvania,16321
Endeavor,pennsylvania,16322
Franklin,pennsylvania,16323
Fryburg,pennsylvania,16326
Guys Mills,pennsylvania,16327
Hydetown,pennsylvania,16328
Irvine,pennsylvania,16329
Kossuth,pennsylvania,16331
Lickingville,pennsylvania,16332
Ludlow,pennsylvania,16333
Marble,pennsylvania,16334
Meadville,pennsylvania,16335
Pittsfield,pennsylvania,16340
Pleasantville,pennsylvania,16341
Polk,pennsylvania,16342
Reno,pennsylvania,16343
Rouseville,pennsylvania,16344
Russell,pennsylvania,16345
Seneca,pennsylvania,16346
Sheffield,pennsylvania,16347
Sugar Grove,pennsylvania,16350
Tidioute,pennsylvania,16351
Tiona,pennsylvania,16352
Tionesta,pennsylvania,16353
Titusville,pennsylvania,16354
Townville,pennsylvania,16360
Tylersburg,pennsylvania,16361
Utica,pennsylvania,16362
Venus,pennsylvania,16364
Warren,pennsylvania,16365
West Hickory,pennsylvania,16370
Youngsville,pennsylvania,16371
Clintonville,pennsylvania,16372
Emlenton,pennsylvania,16373
Kennerdell,pennsylvania,16374
Albion,pennsylvania,16401
Bear Lake,pennsylvania,16402
Cambridge Springs,pennsylvania,16403
Centerville,pennsylvania,16404
Columbus,pennsylvania,16405
Conneautville,pennsylvania,16406
Corry,pennsylvania,16407
Cranesville,pennsylvania,16410
East Springfield,pennsylvania,16411
Edinboro,pennsylvania,16412
Fairview,pennsylvania,16415
Garland,pennsylvania,16416
Girard,pennsylvania,16417
Grand Valley,pennsylvania,16420
Harborcreek,pennsylvania,16421
Harmonsburg,pennsylvania,16422
Lake City,pennsylvania,16423
Linesville,pennsylvania,16424
Mc Kean,pennsylvania,16426
Mill Village,pennsylvania,16427
North East,pennsylvania,16428
Saegertown,pennsylvania,16433
Spartansburg,pennsylvania,16434
Springboro,pennsylvania,16435
Spring Creek,pennsylvania,16436
Union City,pennsylvania,16438
Venango,pennsylvania,16440
Waterford,pennsylvania,16441
Wattsburg,pennsylvania,16442
West Springfield,pennsylvania,16443
Edinboro,pennsylvania,16444
Erie,pennsylvania,16501
Erie,pennsylvania,16502
Erie,pennsylvania,16503
Erie,pennsylvania,16504
Erie,pennsylvania,16505
Erie,pennsylvania,16506
Erie,pennsylvania,16507
Erie,pennsylvania,16508
Erie,pennsylvania,16509
Erie,pennsylvania,16510
Erie,pennsylvania,16511
Erie,pennsylvania,16546
Erie,pennsylvania,16563
Altoona,pennsylvania,16601
Altoona,pennsylvania,16602
Alexandria,pennsylvania,16611
Ashville,pennsylvania,16613
Beccaria,pennsylvania,16616
Bellwood,pennsylvania,16617
Blandburg,pennsylvania,16619
Brisbin,pennsylvania,16620
Broad Top,pennsylvania,16621
Calvin,pennsylvania,16622
Cassville,pennsylvania,16623
Chest Springs,pennsylvania,16624
Claysburg,pennsylvania,16625
Coalport,pennsylvania,16627
Cresson,pennsylvania,16630
Curryville,pennsylvania,16631
Defiance,pennsylvania,16633
Dudley,pennsylvania,16634
Duncansville,pennsylvania,16635
Dysart,pennsylvania,16636
East Freedom,pennsylvania,16637
Entriken,pennsylvania,16638
Fallentimber,pennsylvania,16639
Flinton,pennsylvania,16640
Gallitzin,pennsylvania,16641
Glen Hope,pennsylvania,16645
Hastings,pennsylvania,16646
Hesston,pennsylvania,16647
Hollidaysburg,pennsylvania,16648
Hopewell,pennsylvania,16650
Houtzdale,pennsylvania,16651
Huntingdon,pennsylvania,16652
Imler,pennsylvania,16655
Irvona,pennsylvania,16656
James Creek,pennsylvania,16657
Loysburg,pennsylvania,16659
Madera,pennsylvania,16661
Martinsburg,pennsylvania,16662
New Enterprise,pennsylvania,16664
Newry,pennsylvania,16665
Osceola Mills,pennsylvania,16666
Osterburg,pennsylvania,16667
Patton,pennsylvania,16668
Petersburg,pennsylvania,16669
Queen,pennsylvania,16670
Ramey,pennsylvania,16671
Riddlesburg,pennsylvania,16672
Roaring Spring,pennsylvania,16673
Robertsdale,pennsylvania,16674
Sandy Ridge,pennsylvania,16677
Saxton,pennsylvania,16678
Six Mile Run,pennsylvania,16679
Smithmill,pennsylvania,16680
Sproul,pennsylvania,16682
Spruce Creek,pennsylvania,16683
Todd,pennsylvania,16685
Tyrone,pennsylvania,16686
Waterfall,pennsylvania,16689
Wells Tannery,pennsylvania,16691
Westover,pennsylvania,16692
Williamsburg,pennsylvania,16693
Wood,pennsylvania,16694
Woodbury,pennsylvania,16695
Cresson,pennsylvania,16699
Bradford,pennsylvania,16701
Austin,pennsylvania,16720
Crosby,pennsylvania,16724
Custer City,pennsylvania,16725
Cyclone,pennsylvania,16726
Derrick City,pennsylvania,16727
De Young,pennsylvania,16728
Duke Center,pennsylvania,16729
East Smethport,pennsylvania,16730
Eldred,pennsylvania,16731
Gifford,pennsylvania,16732
Hazel Hurst,pennsylvania,16733
James City,pennsylvania,16734
Kane,pennsylvania,16735
Lewis Run,pennsylvania,16738
Mount Jewett,pennsylvania,16740
Port Allegany,pennsylvania,16743
Rew,pennsylvania,16744
Rixford,pennsylvania,16745
Roulette,pennsylvania,16746
Shinglehouse,pennsylvania,16748
Smethport,pennsylvania,16749
Turtlepoint,pennsylvania,16750
State College,pennsylvania,16801
University Park,pennsylvania,16802
State College,pennsylvania,16803
Aaronsburg,pennsylvania,16820
Allport,pennsylvania,16821
Beech Creek,pennsylvania,16822
Bellefonte,pennsylvania,16823
Bigler,pennsylvania,16825
Blanchard,pennsylvania,16826
Boalsburg,pennsylvania,16827
Centre Hall,pennsylvania,16828
Clarence,pennsylvania,16829
Clearfield,pennsylvania,16830
Coburn,pennsylvania,16832
Curwensville,pennsylvania,16833
Drifting,pennsylvania,16834
Fleming,pennsylvania,16835
Frenchville,pennsylvania,16836
Glen Richey,pennsylvania,16837
Grampian,pennsylvania,16838
Grassflat,pennsylvania,16839
Hawk Run,pennsylvania,16840
Howard,pennsylvania,16841
Hyde,pennsylvania,16843
Julian,pennsylvania,16844
Karthaus,pennsylvania,16845
Kylertown,pennsylvania,16847
Lamar,pennsylvania,16848
Lanse,pennsylvania,16849
Lemont,pennsylvania,16851
Madisonburg,pennsylvania,16852
Milesburg,pennsylvania,16853
Millheim,pennsylvania,16854
Mineral Springs,pennsylvania,16855
Morrisdale,pennsylvania,16858
Moshannon,pennsylvania,16859
Munson,pennsylvania,16860
New Millport,pennsylvania,16861
Olanta,pennsylvania,16863
Pennsylvania Furnace,pennsylvania,16865
Philipsburg,pennsylvania,16866
Pine Grove Mills,pennsylvania,16868
Port Matilda,pennsylvania,16870
Pottersdale,pennsylvania,16871
Rebersburg,pennsylvania,16872
Snow Shoe,pennsylvania,16874
Spring Mills,pennsylvania,16875
Wallaceton,pennsylvania,16876
Warriors Mark,pennsylvania,16877
West Decatur,pennsylvania,16878
Winburne,pennsylvania,16879
Woodland,pennsylvania,16881
Woodward,pennsylvania,16882
Wellsboro,pennsylvania,16901
Arnot,pennsylvania,16911
Blossburg,pennsylvania,16912
Columbia Cross Roads,pennsylvania,16914
Coudersport,pennsylvania,16915
Covington,pennsylvania,16917
Elkland,pennsylvania,16920
Gaines,pennsylvania,16921
Galeton,pennsylvania,16922
Genesee,pennsylvania,16923
Gillett,pennsylvania,16925
Granville Summit,pennsylvania,16926
Harrison Valley,pennsylvania,16927
Knoxville,pennsylvania,16928
Lawrenceville,pennsylvania,16929
Liberty,pennsylvania,16930
Mainesburg,pennsylvania,16932
Mansfield,pennsylvania,16933
Middlebury Center,pennsylvania,16935
Millerton,pennsylvania,16936
Mills,pennsylvania,16937
Morris,pennsylvania,16938
Morris Run,pennsylvania,16939
Nelson,pennsylvania,16940
Genesee,pennsylvania,16941
Osceola,pennsylvania,16942
Sabinsville,pennsylvania,16943
Tioga,pennsylvania,16946
Troy,pennsylvania,16947
Ulysses,pennsylvania,16948
Westfield,pennsylvania,16950
Allensville,pennsylvania,17002
Annville,pennsylvania,17003
Belleville,pennsylvania,17004
Berrysburg,pennsylvania,17005
Blain,pennsylvania,17006
Boiling Springs,pennsylvania,17007
Burnham,pennsylvania,17009
Campbelltown,pennsylvania,17010
Camp Hill,pennsylvania,17011
Carlisle,pennsylvania,17013
Carlisle,pennsylvania,17015
Cornwall,pennsylvania,17016
Dalmatia,pennsylvania,17017
Dauphin,pennsylvania,17018
Dillsburg,pennsylvania,17019
Duncannon,pennsylvania,17020
East Waterford,pennsylvania,17021
Elizabethtown,pennsylvania,17022
Elizabethville,pennsylvania,17023
Elliottsburg,pennsylvania,17024
Enola,pennsylvania,17025
Fredericksburg,pennsylvania,17026
Grantham,pennsylvania,17027
Grantville,pennsylvania,17028
Granville,pennsylvania,17029
Gratz,pennsylvania,17030
Halifax,pennsylvania,17032
Hershey,pennsylvania,17033
Highspire,pennsylvania,17034
Honey Grove,pennsylvania,17035
Hummelstown,pennsylvania,17036
Ickesburg,pennsylvania,17037
Jonestown,pennsylvania,17038
Kleinfeltersville,pennsylvania,17039
Landisburg,pennsylvania,17040
Lawn,pennsylvania,17041
Lebanon,pennsylvania,17042
Lemoyne,pennsylvania,17043
Lewistown,pennsylvania,17044
Liverpool,pennsylvania,17045
Lebanon,pennsylvania,17046
Loysville,pennsylvania,17047
Lykens,pennsylvania,17048
Mc Alisterville,pennsylvania,17049
Mechanicsburg,pennsylvania,17050
Mc Veytown,pennsylvania,17051
Mapleton Depot,pennsylvania,17052
Marysville,pennsylvania,17053
Mechanicsburg,pennsylvania,17055
Mexico,pennsylvania,17056
Middletown,pennsylvania,17057
Mifflin,pennsylvania,17058
Mifflintown,pennsylvania,17059
Mill Creek,pennsylvania,17060
Millersburg,pennsylvania,17061
Millerstown,pennsylvania,17062
Milroy,pennsylvania,17063
Mount Gretna,pennsylvania,17064
Mount Holly Springs,pennsylvania,17065
Mount Union,pennsylvania,17066
Myerstown,pennsylvania,17067
New Bloomfield,pennsylvania,17068
New Buffalo,pennsylvania,17069
New Cumberland,pennsylvania,17070
New Germantown,pennsylvania,17071
New Kingstown,pennsylvania,17072
Newmanstown,pennsylvania,17073
Newport,pennsylvania,17074
Newton Hamilton,pennsylvania,17075
Oakland Mills,pennsylvania,17076
Ono,pennsylvania,17077
Palmyra,pennsylvania,17078
Pillow,pennsylvania,17080
Plainfield,pennsylvania,17081
Port Royal,pennsylvania,17082
Quentin,pennsylvania,17083
Reedsville,pennsylvania,17084
Richfield,pennsylvania,17086
Richland,pennsylvania,17087
Schaefferstown,pennsylvania,17088
Shermans Dale,pennsylvania,17090
Summerdale,pennsylvania,17093
Thompsontown,pennsylvania,17094
Wiconisco,pennsylvania,17097
Williamstown,pennsylvania,17098
Yeagertown,pennsylvania,17099
Harrisburg,pennsylvania,17101
Harrisburg,pennsylvania,17102
Harrisburg,pennsylvania,17103
Harrisburg,pennsylvania,17104
Harrisburg,pennsylvania,17109
Harrisburg,pennsylvania,17110
Harrisburg,pennsylvania,17111
Harrisburg,pennsylvania,17112
Harrisburg,pennsylvania,17113
Harrisburg,pennsylvania,17120
Chambersburg,pennsylvania,17201
Chambersburg,pennsylvania,17202
Amberson,pennsylvania,17210
Artemas,pennsylvania,17211
Big Cove Tannery,pennsylvania,17212
Blairs Mills,pennsylvania,17213
Blue Ridge Summit,pennsylvania,17214
Burnt Cabins,pennsylvania,17215
Concord,pennsylvania,17217
Doylesburg,pennsylvania,17219
Dry Run,pennsylvania,17220
Fannettsburg,pennsylvania,17221
Fayetteville,pennsylvania,17222
Fort Littleton,pennsylvania,17223
Fort Loudon,pennsylvania,17224
Greencastle,pennsylvania,17225
Harrisonville,pennsylvania,17228
Hustontown,pennsylvania,17229
Mc Connellsburg,pennsylvania,17233
Marion,pennsylvania,17235
Mercersburg,pennsylvania,17236
Mont Alto,pennsylvania,17237
Needmore,pennsylvania,17238
Neelyton,pennsylvania,17239
Newburg,pennsylvania,17240
Newville,pennsylvania,17241
Orbisonia,pennsylvania,17243
Orrstown,pennsylvania,17244
Pleasant Hall,pennsylvania,17246
Quincy,pennsylvania,17247
Rockhill Furnace,pennsylvania,17249
Rouzerville,pennsylvania,17250
Roxbury,pennsylvania,17251
Saint Thomas,pennsylvania,17252
Saltillo,pennsylvania,17253
Scotland,pennsylvania,17254
Shade Gap,pennsylvania,17255
Shady Grove,pennsylvania,17256
Shippensburg,pennsylvania,17257
Shirleysburg,pennsylvania,17260
South Mountain,pennsylvania,17261
Spring Run,pennsylvania,17262
State Line,pennsylvania,17263
Three Springs,pennsylvania,17264
Upperstrasburg,pennsylvania,17265
Walnut Bottom,pennsylvania,17266
Warfordsburg,pennsylvania,17267
Waynesboro,pennsylvania,17268
Willow Hill,pennsylvania,17271
Zullinger,pennsylvania,17272
Abbottstown,pennsylvania,17301
Airville,pennsylvania,17302
Aspers,pennsylvania,17304
Bendersville,pennsylvania,17306
Biglerville,pennsylvania,17307
Brogue,pennsylvania,17309
Codorus,pennsylvania,17311
Dallastown,pennsylvania,17313
Delta,pennsylvania,17314
Dover,pennsylvania,17315
East Berlin,pennsylvania,17316
East Prospect,pennsylvania,17317
Emigsville,pennsylvania,17318
Etters,pennsylvania,17319
Fairfield,pennsylvania,17320
Fawn Grove,pennsylvania,17321
Felton,pennsylvania,17322
Gardners,pennsylvania,17324
Gettysburg,pennsylvania,17325
Glen Rock,pennsylvania,17327
Glenville,pennsylvania,17329
Hanover,pennsylvania,17331
Lewisberry,pennsylvania,17339
Littlestown,pennsylvania,17340
Mc Knightstown,pennsylvania,17343
Mc Sherrystown,pennsylvania,17344
Manchester,pennsylvania,17345
Mount Wolf,pennsylvania,17347
New Freedom,pennsylvania,17349
New Oxford,pennsylvania,17350
New Park,pennsylvania,17352
Orrtanna,pennsylvania,17353
Railroad,pennsylvania,17355
Red Lion,pennsylvania,17356
Seven Valleys,pennsylvania,17360
Shrewsbury,pennsylvania,17361
Spring Grove,pennsylvania,17362
Stewartstown,pennsylvania,17363
Thomasville,pennsylvania,17364
Wellsville,pennsylvania,17365
Windsor,pennsylvania,17366
Wrightsville,pennsylvania,17368
York Haven,pennsylvania,17370
York New Salem,pennsylvania,17371
York Springs,pennsylvania,17372
York,pennsylvania,17401
York,pennsylvania,17402
York,pennsylvania,17403
York,pennsylvania,17404
York,pennsylvania,17406
York,pennsylvania,17407
York,pennsylvania,17408
Akron,pennsylvania,17501
Bainbridge,pennsylvania,17502
Bird In Hand,pennsylvania,17505
Bowmansville,pennsylvania,17507
Brownstown,pennsylvania,17508
Christiana,pennsylvania,17509
Columbia,pennsylvania,17512
Conestoga,pennsylvania,17516
Denver,pennsylvania,17517
Drumore,pennsylvania,17518
East Earl,pennsylvania,17519
East Petersburg,pennsylvania,17520
Ephrata,pennsylvania,17522
Gap,pennsylvania,17527
Gordonville,pennsylvania,17529
Holtwood,pennsylvania,17532
Kinzers,pennsylvania,17535
Kirkwood,pennsylvania,17536
Landisville,pennsylvania,17538
Leola,pennsylvania,17540
Lititz,pennsylvania,17543
Manheim,pennsylvania,17545
Marietta,pennsylvania,17547
Maytown,pennsylvania,17550
Millersville,pennsylvania,17551
Mount Joy,pennsylvania,17552
Mountville,pennsylvania,17554
Narvon,pennsylvania,17555
New Holland,pennsylvania,17557
New Providence,pennsylvania,17560
Paradise,pennsylvania,17562
Peach Bottom,pennsylvania,17563
Pequea,pennsylvania,17565
Quarryville,pennsylvania,17566
Reinholds,pennsylvania,17569
Rheems,pennsylvania,17570
Ronks,pennsylvania,17572
Smoketown,pennsylvania,17576
Stevens,pennsylvania,17578
Strasburg,pennsylvania,17579
Terre Hill,pennsylvania,17581
Washington Boro,pennsylvania,17582
Willow Street,pennsylvania,17584
Lancaster,pennsylvania,17601
Lancaster,pennsylvania,17602
Lancaster,pennsylvania,17603
Lancaster,pennsylvania,17606
Williamsport,pennsylvania,17701
Williamsport,pennsylvania,17702
Avis,pennsylvania,17721
Cammal,pennsylvania,17723
Canton,pennsylvania,17724
Cedar Run,pennsylvania,17727
Cogan Station,pennsylvania,17728
Cross Fork,pennsylvania,17729
Dewart,pennsylvania,17730
Eagles Mere,pennsylvania,17731
Hughesville,pennsylvania,17737
Jersey Mills,pennsylvania,17739
Jersey Shore,pennsylvania,17740
Lairdsville,pennsylvania,17742
Linden,pennsylvania,17744
Lock Haven,pennsylvania,17745
Loganton,pennsylvania,17747
Mc Elhattan,pennsylvania,17748
Mc Ewensville,pennsylvania,17749
Mackeyville,pennsylvania,17750
Mill Hall,pennsylvania,17751
Montgomery,pennsylvania,17752
Montoursville,pennsylvania,17754
Muncy,pennsylvania,17756
Muncy Valley,pennsylvania,17758
North Bend,pennsylvania,17760
Picture Rocks,pennsylvania,17762
Ralston,pennsylvania,17763
Renovo,pennsylvania,17764
Roaring Branch,pennsylvania,17765
Shunk,pennsylvania,17768
Trout Run,pennsylvania,17771
Turbotville,pennsylvania,17772
Unityville,pennsylvania,17774
Waterville,pennsylvania,17776
Watsontown,pennsylvania,17777
Westport,pennsylvania,17778
Woolrich,pennsylvania,17779
Sunbury,pennsylvania,17801
Allenwood,pennsylvania,17810
Beaver Springs,pennsylvania,17812
Beavertown,pennsylvania,17813
Benton,pennsylvania,17814
Bloomsburg,pennsylvania,17815
Catawissa,pennsylvania,17820
Danville,pennsylvania,17821
Danville,pennsylvania,17822
Dornsife,pennsylvania,17823
Elysburg,pennsylvania,17824
Freeburg,pennsylvania,17827
Hartleton,pennsylvania,17829
Herndon,pennsylvania,17830
Marion Heights,pennsylvania,17832
Kulpmont,pennsylvania,17834
Laurelton,pennsylvania,17835
Leck Kill,pennsylvania,17836
Lewisburg,pennsylvania,17837
Locust Gap,pennsylvania,17840
Mc Clure,pennsylvania,17841
Middleburg,pennsylvania,17842
Mifflinburg,pennsylvania,17844
Millmont,pennsylvania,17845
Millville,pennsylvania,17846
Milton,pennsylvania,17847
Montandon,pennsylvania,17850
Mount Carmel,pennsylvania,17851
Mount Pleasant Mills,pennsylvania,17853
New Berlin,pennsylvania,17855
New Columbia,pennsylvania,17856
Northumberland,pennsylvania,17857
Orangeville,pennsylvania,17859
Paxinos,pennsylvania,17860
Paxtonville,pennsylvania,17861
Penns Creek,pennsylvania,17862
Port Trevorton,pennsylvania,17864
Potts Grove,pennsylvania,17865
Coal Township,pennsylvania,17866
Rebuck,pennsylvania,17867
Riverside,pennsylvania,17868
Selinsgrove,pennsylvania,17870
Shamokin,pennsylvania,17872
Shamokin Dam,pennsylvania,17876
Stillwater,pennsylvania,17878
Swengel,pennsylvania,17880
Trevorton,pennsylvania,17881
Washingtonville,pennsylvania,17884
Weikert,pennsylvania,17885
West Milton,pennsylvania,17886
White Deer,pennsylvania,17887
Wilburton,pennsylvania,17888
Winfield,pennsylvania,17889
Pottsville,pennsylvania,17901
Aristes,pennsylvania,17920
Ashland,pennsylvania,17921
Auburn,pennsylvania,17922
Branchdale,pennsylvania,17923
Brockton,pennsylvania,17925
Cressona,pennsylvania,17929
Cumbola,pennsylvania,17930
Frackville,pennsylvania,17931
Friedensburg,pennsylvania,17933
Gilberton,pennsylvania,17934
Girardville,pennsylvania,17935
Gordon,pennsylvania,17936
Hegins,pennsylvania,17938
Klingerstown,pennsylvania,17941
Lavelle,pennsylvania,17943
Llewellyn,pennsylvania,17944
Locustdale,pennsylvania,17945
Lost Creek,pennsylvania,17946
Mahanoy City,pennsylvania,17948
Mahanoy Plane,pennsylvania,17949
Mar Lin,pennsylvania,17951
Mary D,pennsylvania,17952
Middleport,pennsylvania,17953
Minersville,pennsylvania,17954
Muir,pennsylvania,17957
New Philadelphia,pennsylvania,17959
New Ringgold,pennsylvania,17960
Orwigsburg,pennsylvania,17961
Pine Grove,pennsylvania,17963
Pitman,pennsylvania,17964
Port Carbon,pennsylvania,17965
Ringtown,pennsylvania,17967
Sacramento,pennsylvania,17968
Saint Clair,pennsylvania,17970
Schuylkill Haven,pennsylvania,17972
Seltzer,pennsylvania,17974
Shenandoah,pennsylvania,17976
Spring Glen,pennsylvania,17978
Summit Station,pennsylvania,17979
Tower City,pennsylvania,17980
Tremont,pennsylvania,17981
Tuscarora,pennsylvania,17982
Valley View,pennsylvania,17983
Zion Grove,pennsylvania,17985
Alburtis,pennsylvania,18011
Bangor,pennsylvania,18013
Bath,pennsylvania,18014
Bethlehem,pennsylvania,18015
Bethlehem,pennsylvania,18016
Bethlehem,pennsylvania,18017
Bethlehem,pennsylvania,18018
Bethlehem,pennsylvania,18020
Bowmanstown,pennsylvania,18030
Breinigsville,pennsylvania,18031
Catasauqua,pennsylvania,18032
Center Valley,pennsylvania,18034
Cherryville,pennsylvania,18035
Coopersburg,pennsylvania,18036
Coplay,pennsylvania,18037
Danielsville,pennsylvania,18038
Easton,pennsylvania,18040
East Greenville,pennsylvania,18041
Easton,pennsylvania,18042
Easton,pennsylvania,18045
East Texas,pennsylvania,18046
Emmaus,pennsylvania,18049
Fogelsville,pennsylvania,18051
Whitehall,pennsylvania,18052
Germansville,pennsylvania,18053
Green Lane,pennsylvania,18054
Hellertown,pennsylvania,18055
Hereford,pennsylvania,18056
Kunkletown,pennsylvania,18058
Laurys Station,pennsylvania,18059
Macungie,pennsylvania,18062
Martins Creek,pennsylvania,18063
Nazareth,pennsylvania,18064
New Tripoli,pennsylvania,18066
Northampton,pennsylvania,18067
Old Zionsville,pennsylvania,18068
Orefield,pennsylvania,18069
Palm,pennsylvania,18070
Palmerton,pennsylvania,18071
Pen Argyl,pennsylvania,18072
Pennsburg,pennsylvania,18073
Perkiomenville,pennsylvania,18074
Red Hill,pennsylvania,18076
Riegelsville,pennsylvania,18077
Schnecksville,pennsylvania,18078
Slatedale,pennsylvania,18079
Slatington,pennsylvania,18080
Springtown,pennsylvania,18081
Stockertown,pennsylvania,18083
Tatamy,pennsylvania,18085
Treichlers,pennsylvania,18086
Trexlertown,pennsylvania,18087
Walnutport,pennsylvania,18088
Wind Gap,pennsylvania,18091
Zionsville,pennsylvania,18092
Allentown,pennsylvania,18101
Allentown,pennsylvania,18102
Allentown,pennsylvania,18103
Allentown,pennsylvania,18104
Allentown,pennsylvania,18105
Allentown,pennsylvania,18106
Allentown,pennsylvania,18109
Allentown,pennsylvania,18195
Hazleton,pennsylvania,18201
Hazleton,pennsylvania,18202
Albrightsville,pennsylvania,18210
Andreas,pennsylvania,18211
Ashfield,pennsylvania,18212
Barnesville,pennsylvania,18214
Beaver Meadows,pennsylvania,18216
Coaldale,pennsylvania,18218
Conyngham,pennsylvania,18219
Delano,pennsylvania,18220
Drifton,pennsylvania,18221
Drums,pennsylvania,18222
Ebervale,pennsylvania,18223
Freeland,pennsylvania,18224
Harleigh,pennsylvania,18225
Jim Thorpe,pennsylvania,18229
Junedale,pennsylvania,18230
Kelayres,pennsylvania,18231
Lansford,pennsylvania,18232
Lattimer Mines,pennsylvania,18234
Lehighton,pennsylvania,18235
Mcadoo,pennsylvania,18237
Milnesville,pennsylvania,18239
Nesquehoning,pennsylvania,18240
Nuremberg,pennsylvania,18241
Oneida,pennsylvania,18242
Parryville,pennsylvania,18244
Quakake,pennsylvania,18245
Rock Glen,pennsylvania,18246
Sheppton,pennsylvania,18248
Sugarloaf,pennsylvania,18249
Summit Hill,pennsylvania,18250
Sybertsville,pennsylvania,18251
Tamaqua,pennsylvania,18252
Tresckow,pennsylvania,18254
Weatherly,pennsylvania,18255
Weston,pennsylvania,18256
East Stroudsburg,pennsylvania,18301
East Stroudsburg,pennsylvania,18302
Bartonsville,pennsylvania,18321
Brodheadsville,pennsylvania,18322
Buck Hill Falls,pennsylvania,18323
Bushkill,pennsylvania,18324
Canadensis,pennsylvania,18325
Cresco,pennsylvania,18326
Delaware Water Gap,pennsylvania,18327
Dingmans Ferry,pennsylvania,18328
Effort,pennsylvania,18330
Gilbert,pennsylvania,18331
Henryville,pennsylvania,18332
Kresgeville,pennsylvania,18333
Long Pond,pennsylvania,18334
Marshalls Creek,pennsylvania,18335
Matamoras,pennsylvania,18336
Milford,pennsylvania,18337
Millrift,pennsylvania,18340
Mountainhome,pennsylvania,18342
Mount Bethel,pennsylvania,18343
Mount Pocono,pennsylvania,18344
Pocono Summit,pennsylvania,18346
Pocono Lake,pennsylvania,18347
Pocono Manor,pennsylvania,18349
Pocono Pines,pennsylvania,18350
Portland,pennsylvania,18351
Reeders,pennsylvania,18352
Saylorsburg,pennsylvania,18353
Sciota,pennsylvania,18354
Scotrun,pennsylvania,18355
Shawnee On Delaware,pennsylvania,18356
Skytop,pennsylvania,18357
Stroudsburg,pennsylvania,18360
Swiftwater,pennsylvania,18370
Tamiment,pennsylvania,18371
Tannersville,pennsylvania,18372
Archbald,pennsylvania,18403
Beach Lake,pennsylvania,18405
Carbondale,pennsylvania,18407
Clarks Summit,pennsylvania,18411
Clifford,pennsylvania,18413
Dalton,pennsylvania,18414
Damascus,pennsylvania,18415
Equinunk,pennsylvania,18417
Factoryville,pennsylvania,18419
Fleetville,pennsylvania,18420
Forest City,pennsylvania,18421
Gouldsboro,pennsylvania,18424
Greeley,pennsylvania,18425
Greentown,pennsylvania,18426
Hamlin,pennsylvania,18427
Hawley,pennsylvania,18428
Herrick Center,pennsylvania,18430
Honesdale,pennsylvania,18431
Jermyn,pennsylvania,18433
Jessup,pennsylvania,18434
Lackawaxen,pennsylvania,18435
Lake Ariel,pennsylvania,18436
Lake Como,pennsylvania,18437
Lakeville,pennsylvania,18438
Lakewood,pennsylvania,18439
Lenoxville,pennsylvania,18441
Milanville,pennsylvania,18443
Moscow,pennsylvania,18444
Newfoundland,pennsylvania,18445
Nicholson,pennsylvania,18446
Olyphant,pennsylvania,18447
Paupack,pennsylvania,18451
Peckville,pennsylvania,18452
Pleasant Mount,pennsylvania,18453
Poyntelle,pennsylvania,18454
Preston Park,pennsylvania,18455
Prompton,pennsylvania,18456
Rowland,pennsylvania,18457
Shohola,pennsylvania,18458
South Canaan,pennsylvania,18459
South Sterling,pennsylvania,18460
Starlight,pennsylvania,18461
Starrucca,pennsylvania,18462
Sterling,pennsylvania,18463
Tafton,pennsylvania,18464
Thompson,pennsylvania,18465
Tobyhanna,pennsylvania,18466
Tyler Hill,pennsylvania,18469
Union Dale,pennsylvania,18470
Waverly,pennsylvania,18471
Waymart,pennsylvania,18472
White Mills,pennsylvania,18473
Scranton,pennsylvania,18503
Scranton,pennsylvania,18504
Scranton,pennsylvania,18505
Moosic,pennsylvania,18507
Scranton,pennsylvania,18508
Scranton,pennsylvania,18509
Scranton,pennsylvania,18510
Scranton,pennsylvania,18512
Taylor,pennsylvania,18517
Old Forge,pennsylvania,18518
Scranton,pennsylvania,18519
Bear Creek,pennsylvania,18602
Berwick,pennsylvania,18603
Blakeslee,pennsylvania,18610
Dallas,pennsylvania,18612
Dushore,pennsylvania,18614
Falls,pennsylvania,18615
Forksville,pennsylvania,18616
Glen Lyon,pennsylvania,18617
Harveys Lake,pennsylvania,18618
Hillsgrove,pennsylvania,18619
Hunlock Creek,pennsylvania,18621
Huntington Mills,pennsylvania,18622
Laceyville,pennsylvania,18623
Lake Harmony,pennsylvania,18624
Lake Winola,pennsylvania,18625
Laporte,pennsylvania,18626
Lopez,pennsylvania,18628
Mehoopany,pennsylvania,18629
Meshoppen,pennsylvania,18630
Mifflinville,pennsylvania,18631
Mildred,pennsylvania,18632
Nanticoke,pennsylvania,18634
Nescopeck,pennsylvania,18635
Noxen,pennsylvania,18636
Pittston,pennsylvania,18640
Pittston,pennsylvania,18641
Duryea,pennsylvania,18642
Pittston,pennsylvania,18643
Wyoming,pennsylvania,18644
Plymouth,pennsylvania,18651
Ransom,pennsylvania,18653
Shickshinny,pennsylvania,18655
Sweet Valley,pennsylvania,18656
Tunkhannock,pennsylvania,18657
Wapwallopen,pennsylvania,18660
White Haven,pennsylvania,18661
Wilkes Barre,pennsylvania,18701
Wilkes Barre,pennsylvania,18702
Kingston,pennsylvania,18704
Wilkes Barre,pennsylvania,18705
Wilkes Barre,pennsylvania,18706
Mountain Top,pennsylvania,18707
Shavertown,pennsylvania,18708
Luzerne,pennsylvania,18709
Montrose,pennsylvania,18801
Athens,pennsylvania,18810
Brackney,pennsylvania,18812
Burlington,pennsylvania,18814
Dimock,pennsylvania,18816
East Smithfield,pennsylvania,18817
Friendsville,pennsylvania,18818
Great Bend,pennsylvania,18821
Hallstead,pennsylvania,18822
Harford,pennsylvania,18823
Hop Bottom,pennsylvania,18824
Jackson,pennsylvania,18825
Kingsley,pennsylvania,18826
Lawton,pennsylvania,18828
Le Raysville,pennsylvania,18829
Little Meadows,pennsylvania,18830
Milan,pennsylvania,18831
Monroeton,pennsylvania,18832
New Albany,pennsylvania,18833
New Milford,pennsylvania,18834
Rome,pennsylvania,18837
Sayre,pennsylvania,18840
South Gibson,pennsylvania,18842
South Montrose,pennsylvania,18843
Springville,pennsylvania,18844
Stevensville,pennsylvania,18845
Sugar Run,pennsylvania,18846
Susquehanna,pennsylvania,18847
Towanda,pennsylvania,18848
Ulster,pennsylvania,18850
Warren Center,pennsylvania,18851
Wyalusing,pennsylvania,18853
Wysox,pennsylvania,18854
Doylestown,pennsylvania,18901
Doylestown,pennsylvania,18902
Buckingham,pennsylvania,18912
Carversville,pennsylvania,18913
Chalfont,pennsylvania,18914
Colmar,pennsylvania,18915
Dublin,pennsylvania,18917
Erwinna,pennsylvania,18920
Fountainville,pennsylvania,18923
Furlong,pennsylvania,18925
Jamison,pennsylvania,18929
Kintnersville,pennsylvania,18930
Line Lexington,pennsylvania,18932
Milford Square,pennsylvania,18935
Montgomeryville,pennsylvania,18936
New Hope,pennsylvania,18938
Newtown,pennsylvania,18940
Ottsville,pennsylvania,18942
Perkasie,pennsylvania,18944
Pipersville,pennsylvania,18947
Point Pleasant,pennsylvania,18950
Quakertown,pennsylvania,18951
Richboro,pennsylvania,18954
Richlandtown,pennsylvania,18955
Sellersville,pennsylvania,18960
Silverdale,pennsylvania,18962
Souderton,pennsylvania,18964
Southampton,pennsylvania,18966
Telford,pennsylvania,18969
Trumbauersville,pennsylvania,18970
Upper Black Eddy,pennsylvania,18972
Warminster,pennsylvania,18974
Warrington,pennsylvania,18976
Washington Crossing,pennsylvania,18977
Wycombe,pennsylvania,18980
Abington,pennsylvania,19001
Ambler,pennsylvania,19002
Ardmore,pennsylvania,19003
Bala Cynwyd,pennsylvania,19004
Huntingdon Valley,pennsylvania,19006
Bristol,pennsylvania,19007
Broomall,pennsylvania,19008
Bryn Athyn,pennsylvania,19009
Bryn Mawr,pennsylvania,19010
Cheltenham,pennsylvania,19012
Chester,pennsylvania,19013
Aston,pennsylvania,19014
Brookhaven,pennsylvania,19015
Chester Heights,pennsylvania,19017
Clifton Heights,pennsylvania,19018
Bensalem,pennsylvania,19020
Croydon,pennsylvania,19021
Crum Lynne,pennsylvania,19022
Darby,pennsylvania,19023
Dresher,pennsylvania,19025
Drexel Hill,pennsylvania,19026
Elkins Park,pennsylvania,19027
Essington,pennsylvania,19029
Fairless Hills,pennsylvania,19030
Flourtown,pennsylvania,19031
Folcroft,pennsylvania,19032
Folsom,pennsylvania,19033
Fort Washington,pennsylvania,19034
Gladwyne,pennsylvania,19035
Glenolden,pennsylvania,19036
Glenside,pennsylvania,19038
Hatboro,pennsylvania,19040
Haverford,pennsylvania,19041
Holmes,pennsylvania,19043
Horsham,pennsylvania,19044
Jenkintown,pennsylvania,19046
Langhorne,pennsylvania,19047
Lansdowne,pennsylvania,19050
Feasterville Trevose,pennsylvania,19053
Levittown,pennsylvania,19054
Levittown,pennsylvania,19055
Levittown,pennsylvania,19056
Levittown,pennsylvania,19057
Garnet Valley,pennsylvania,19060
Marcus Hook,pennsylvania,19061
Media,pennsylvania,19063
Springfield,pennsylvania,19064
Merion Station,pennsylvania,19066
Morrisville,pennsylvania,19067
Morton,pennsylvania,19070
Narberth,pennsylvania,19072
Newtown Square,pennsylvania,19073
Norwood,pennsylvania,19074
Oreland,pennsylvania,19075
Prospect Park,pennsylvania,19076
Ridley Park,pennsylvania,19078
Sharon Hill,pennsylvania,19079
Swarthmore,pennsylvania,19081
Upper Darby,pennsylvania,19082
Havertown,pennsylvania,19083
Villanova,pennsylvania,19085
Wallingford,pennsylvania,19086
Wayne,pennsylvania,19087
Willow Grove,pennsylvania,19090
Woodlyn,pennsylvania,19094
Wyncote,pennsylvania,19095
Wynnewood,pennsylvania,19096
Philadelphia,pennsylvania,19102
Philadelphia,pennsylvania,19103
Philadelphia,pennsylvania,19104
Philadelphia,pennsylvania,19106
Philadelphia,pennsylvania,19107
Philadelphia,pennsylvania,19109
Philadelphia,pennsylvania,19111
Philadelphia,pennsylvania,19112
Philadelphia,pennsylvania,19113
Philadelphia,pennsylvania,19114
Philadelphia,pennsylvania,19115
Philadelphia,pennsylvania,19116
Philadelphia,pennsylvania,19118
Philadelphia,pennsylvania,19119
Philadelphia,pennsylvania,19120
Philadelphia,pennsylvania,19121
Philadelphia,pennsylvania,19122
Philadelphia,pennsylvania,19123
Philadelphia,pennsylvania,19124
Philadelphia,pennsylvania,19125
Philadelphia,pennsylvania,19126
Philadelphia,pennsylvania,19127
Philadelphia,pennsylvania,19128
Philadelphia,pennsylvania,19129
Philadelphia,pennsylvania,19130
Philadelphia,pennsylvania,19131
Philadelphia,pennsylvania,19132
Philadelphia,pennsylvania,19133
Philadelphia,pennsylvania,19134
Philadelphia,pennsylvania,19135
Philadelphia,pennsylvania,19136
Philadelphia,pennsylvania,19137
Philadelphia,pennsylvania,19138
Philadelphia,pennsylvania,19139
Philadelphia,pennsylvania,19140
Philadelphia,pennsylvania,19141
Philadelphia,pennsylvania,19142
Philadelphia,pennsylvania,19143
Philadelphia,pennsylvania,19144
Philadelphia,pennsylvania,19145
Philadelphia,pennsylvania,19146
Philadelphia,pennsylvania,19147
Philadelphia,pennsylvania,19148
Philadelphia,pennsylvania,19149
Philadelphia,pennsylvania,19150
Philadelphia,pennsylvania,19151
Philadelphia,pennsylvania,19152
Philadelphia,pennsylvania,19153
Philadelphia,pennsylvania,19154
Paoli,pennsylvania,19301
Atglen,pennsylvania,19310
Avondale,pennsylvania,19311
Berwyn,pennsylvania,19312
Brandamore,pennsylvania,19316
Chadds Ford,pennsylvania,19317
Cheyney,pennsylvania,19319
Coatesville,pennsylvania,19320
Cochranville,pennsylvania,19330
Devon,pennsylvania,19333
Downingtown,pennsylvania,19335
Exton,pennsylvania,19341
Glen Mills,pennsylvania,19342
Glenmoore,pennsylvania,19343
Honey Brook,pennsylvania,19344
Immaculata,pennsylvania,19345
Kennett Square,pennsylvania,19348
Landenberg,pennsylvania,19350
Lincoln University,pennsylvania,19352
Malvern,pennsylvania,19355
Modena,pennsylvania,19358
Nottingham,pennsylvania,19362
Oxford,pennsylvania,19363
Parkesburg,pennsylvania,19365
Pomeroy,pennsylvania,19367
Thorndale,pennsylvania,19372
Thornton,pennsylvania,19373
Toughkenamon,pennsylvania,19374
Unionville,pennsylvania,19375
West Chester,pennsylvania,19380
West Chester,pennsylvania,19382
West Chester,pennsylvania,19383
West Grove,pennsylvania,19390
Norristown,pennsylvania,19401
Norristown,pennsylvania,19403
Bridgeport,pennsylvania,19405
King Of Prussia,pennsylvania,19406
Blue Bell,pennsylvania,19422
Chester Springs,pennsylvania,19425
Collegeville,pennsylvania,19426
Conshohocken,pennsylvania,19428
Frederick,pennsylvania,19435
Gwynedd,pennsylvania,19436
Gwynedd Valley,pennsylvania,19437
Harleysville,pennsylvania,19438
Hatfield,pennsylvania,19440
Kimberton,pennsylvania,19442
Lafayette Hill,pennsylvania,19444
Lansdale,pennsylvania,19446
Mont Clare,pennsylvania,19453
North Wales,pennsylvania,19454
Oaks,pennsylvania,19456
Parker Ford,pennsylvania,19457
Phoenixville,pennsylvania,19460
Plymouth Meeting,pennsylvania,19462
Pottstown,pennsylvania,19464
Pottstown,pennsylvania,19465
Royersford,pennsylvania,19468
Sassamansville,pennsylvania,19472
Schwenksville,pennsylvania,19473
Skippack,pennsylvania,19474
Spring City,pennsylvania,19475
Spring House,pennsylvania,19477
Zieglerville,pennsylvania,19492
Adamstown,pennsylvania,19501
Bally,pennsylvania,19503
Barto,pennsylvania,19504
Bechtelsville,pennsylvania,19505
Bernville,pennsylvania,19506
Bethel,pennsylvania,19507
Birdsboro,pennsylvania,19508
Blandon,pennsylvania,19510
Bowers,pennsylvania,19511
Boyertown,pennsylvania,19512
Douglassville,pennsylvania,19518
Earlville,pennsylvania,19519
Elverson,pennsylvania,19520
Fleetwood,pennsylvania,19522
Geigertown,pennsylvania,19523
Gilbertsville,pennsylvania,19525
Hamburg,pennsylvania,19526
Kempton,pennsylvania,19529
Kutztown,pennsylvania,19530
Leesport,pennsylvania,19533
Lenhartsville,pennsylvania,19534
Limekiln,pennsylvania,19535
Lyon Station,pennsylvania,19536
Maxatawny,pennsylvania,19538
Mertztown,pennsylvania,19539
Mohnton,pennsylvania,19540
Mohrsville,pennsylvania,19541
Morgantown,pennsylvania,19543
Mount Aetna,pennsylvania,19544
New Berlinville,pennsylvania,19545
Oley,pennsylvania,19547
Port Clinton,pennsylvania,19549
Rehrersburg,pennsylvania,19550
Robesonia,pennsylvania,19551
Shartlesville,pennsylvania,19554
Shoemakersville,pennsylvania,19555
Strausstown,pennsylvania,19559
Temple,pennsylvania,19560
Topton,pennsylvania,19562
Virginville,pennsylvania,19564
Wernersville,pennsylvania,19565
Womelsdorf,pennsylvania,19567
Reading,pennsylvania,19601
Reading,pennsylvania,19602
Reading,pennsylvania,19604
Reading,pennsylvania,19605
Reading,pennsylvania,19606
Reading,pennsylvania,19607
Reading,pennsylvania,19608
Reading,pennsylvania,19609
Reading,pennsylvania,19610
Reading,pennsylvania,19611
Bear,delaware,19701
Newark,delaware,19702
Claymont,delaware,19703
Delaware City,delaware,19706
Hockessin,delaware,19707
Middletown,delaware,19709
Montchanin,delaware,19710
Newark,delaware,19711
Newark,delaware,19713
Newark,delaware,19716
Newark,delaware,19717
New Castle,delaware,19720
Odessa,delaware,19730
Port Penn,delaware,19731
Rockland,delaware,19732
Saint Georges,delaware,19733
Townsend,delaware,19734
Winterthur,delaware,19735
Yorklyn,delaware,19736
Wilmington,delaware,19801
Wilmington,delaware,19802
Wilmington,delaware,19803
Wilmington,delaware,19804
Wilmington,delaware,19805
Wilmington,delaware,19806
Wilmington,delaware,19807
Wilmington,delaware,19808
Wilmington,delaware,19809
Wilmington,delaware,19810
Dover,delaware,19901
Dover Afb,delaware,19902
Dover,delaware,19904
Bethany Beach,delaware,19930
Bethel,delaware,19931
Bridgeville,delaware,19933
Camden Wyoming,delaware,19934
Cheswold,delaware,19936
Clayton,delaware,19938
Dagsboro,delaware,19939
Delmar,delaware,19940
Ellendale,delaware,19941
Felton,delaware,19943
Fenwick Island,delaware,19944
Frankford,delaware,19945
Frederica,delaware,19946
Georgetown,delaware,19947
Greenwood,delaware,19950
Harbeson,delaware,19951
Harrington,delaware,19952
Hartly,delaware,19953
Houston,delaware,19954
Kenton,delaware,19955
Laurel,delaware,19956
Lewes,delaware,19958
Lincoln,delaware,19960
Magnolia,delaware,19962
Milford,delaware,19963
Marydel,delaware,19964
Millsboro,delaware,19966
Millville,delaware,19967
Milton,delaware,19968
Ocean View,delaware,19970
Rehoboth Beach,delaware,19971
Seaford,delaware,19973
Selbyville,delaware,19975
Smyrna,delaware,19977
Viola,delaware,19979
Washington,district of columbia,20001
Washington,district of columbia,20002
Washington,district of columbia,20003
Washington,district of columbia,20004
Washington,district of columbia,20005
Washington,district of columbia,20006
Washington,district of columbia,20007
Washington,district of columbia,20008
Washington,district of columbia,20009
Washington,district of columbia,20010
Washington,district of columbia,20011
Washington,district of columbia,20012
Washington,district of columbia,20015
Washington,district of columbia,20016
Washington,district of columbia,20017
Washington,district of columbia,20018
Washington,district of columbia,20019
Washington,district of columbia,20020
Washington,district of columbia,20024
Washington,district of columbia,20032
Washington,district of columbia,20036
Washington,district of columbia,20037
Washington,district of columbia,20045
Washington,district of columbia,20052
Washington,district of columbia,20053
Washington,district of columbia,20057
Washington,district of columbia,20064
Aldie,virginia,20105
Amissville,virginia,20106
Manassas,virginia,20109
Manassas,virginia,20110
Manassas,virginia,20111
Manassas,virginia,20112
Marshall,virginia,20115
Middleburg,virginia,20117
Middleburg,virginia,20118
Catlett,virginia,20119
Centreville,virginia,20120
Centreville,virginia,20121
Clifton,virginia,20124
Paeonian Springs,virginia,20129
Paris,virginia,20130
Purcellville,virginia,20132
Bluemont,virginia,20135
Bristow,virginia,20136
Broad Run,virginia,20137
Casanova,virginia,20139
Round Hill,virginia,20141
Catharpin,virginia,20143
Delaplane,virginia,20144
Ashburn,virginia,20147
Ashburn,virginia,20148
Chantilly,virginia,20151
Chantilly,virginia,20152
Gainesville,virginia,20155
Hamilton,virginia,20158
Sterling,virginia,20164
Sterling,virginia,20165
Sterling,virginia,20166
Haymarket,virginia,20169
Herndon,virginia,20170
Herndon,virginia,20171
Leesburg,virginia,20175
Leesburg,virginia,20176
Lovettsville,virginia,20180
Nokesville,virginia,20181
Upperville,virginia,20184
Warrenton,virginia,20186
Warrenton,virginia,20187
Reston,virginia,20190
Reston,virginia,20191
Reston,virginia,20194
Waterford,virginia,20197
The Plains,virginia,20198
Washington,district of columbia,20202
Washington,district of columbia,20204
Washington,district of columbia,20228
Washington,district of columbia,20230
Washington,district of columbia,20240
Washington,district of columbia,20245
Washington,district of columbia,20260
Washington,district of columbia,20317
Washington,district of columbia,20319
Naval Anacost Annex,district of columbia,20373
Washington,district of columbia,20390
Washington,district of columbia,20405
Washington,district of columbia,20418
Washington,district of columbia,20427
Washington,district of columbia,20506
Washington,district of columbia,20510
Washington,district of columbia,20520
Washington,district of columbia,20535
Washington,district of columbia,20540
Washington,district of columbia,20551
Washington,district of columbia,20553
Washington,district of columbia,20560
Washington,district of columbia,20565
Washington,district of columbia,20566
Washington,district of columbia,20593
Waldorf,maryland,20601
Waldorf,maryland,20602
Waldorf,maryland,20603
Abell,maryland,20606
Accokeek,maryland,20607
Aquasco,maryland,20608
Avenue,maryland,20609
Bel Alton,maryland,20611
Benedict,maryland,20612
Brandywine,maryland,20613
Broomes Island,maryland,20615
Bryans Road,maryland,20616
Bryantown,maryland,20617
Bushwood,maryland,20618
California,maryland,20619
Callaway,maryland,20620
Chaptico,maryland,20621
Charlotte Hall,maryland,20622
Cheltenham,maryland,20623
Clements,maryland,20624
Cobb Island,maryland,20625
Coltons Point,maryland,20626
Dameron,maryland,20628
Dowell,maryland,20629
Drayden,maryland,20630
Faulkner,maryland,20632
Great Mills,maryland,20634
Hollywood,maryland,20636
Hughesville,maryland,20637
Huntingtown,maryland,20639
Indian Head,maryland,20640
Issue,maryland,20645
La Plata,maryland,20646
Leonardtown,maryland,20650
Lexington Park,maryland,20653
Lusby,maryland,20657
Marbury,maryland,20658
Mechanicsville,maryland,20659
Morganza,maryland,20660
Nanjemoy,maryland,20662
Newburg,maryland,20664
Park Hall,maryland,20667
Patuxent River,maryland,20670
Piney Point,maryland,20674
Pomfret,maryland,20675
Port Republic,maryland,20676
Port Tobacco,maryland,20677
Prince Frederick,maryland,20678
Ridge,maryland,20680
Saint Inigoes,maryland,20684
Saint Leonard,maryland,20685
Saint Marys City,maryland,20686
Scotland,maryland,20687
Solomons,maryland,20688
Sunderland,maryland,20689
Tall Timbers,maryland,20690
Valley Lee,maryland,20692
Welcome,maryland,20693
White Plains,maryland,20695
Annapolis Junction,maryland,20701
Beltsville,maryland,20705
Lanham,maryland,20706
Laurel,maryland,20707
Laurel,maryland,20708
Bladensburg,maryland,20710
Lothian,maryland,20711
Mount Rainier,maryland,20712
North Beach,maryland,20714
Bowie,maryland,20715
Bowie,maryland,20716
Bowie,maryland,20720
Bowie,maryland,20721
Brentwood,maryland,20722
Laurel,maryland,20723
Laurel,maryland,20724
Chesapeake Beach,maryland,20732
Churchton,maryland,20733
Clinton,maryland,20735
Owings,maryland,20736
Riverdale,maryland,20737
College Park,maryland,20740
College Park,maryland,20742
Capitol Heights,maryland,20743
Fort Washington,maryland,20744
Oxon Hill,maryland,20745
Suitland,maryland,20746
District Heights,maryland,20747
Temple Hills,maryland,20748
Deale,maryland,20751
Dunkirk,maryland,20754
Fort George G Meade,maryland,20755
Friendship,maryland,20758
Fulton,maryland,20759
Andrews Air Force Base,maryland,20762
Savage,maryland,20763
Shady Side,maryland,20764
Galesville,maryland,20765
Glenn Dale,maryland,20769
Greenbelt,maryland,20770
Upper Marlboro,maryland,20772
Upper Marlboro,maryland,20774
Harwood,maryland,20776
Highland,maryland,20777
West River,maryland,20778
Tracys Landing,maryland,20779
Hyattsville,maryland,20781
Hyattsville,maryland,20782
Hyattsville,maryland,20783
Hyattsville,maryland,20784
Hyattsville,maryland,20785
Jessup,maryland,20794
Glen Echo,maryland,20812
Bethesda,maryland,20814
Chevy Chase,maryland,20815
Bethesda,maryland,20816
Bethesda,maryland,20817
Cabin John,maryland,20818
Olney,maryland,20832
Brookeville,maryland,20833
Poolesville,maryland,20837
Barnesville,maryland,20838
Beallsville,maryland,20839
Boyds,maryland,20841
Dickerson,maryland,20842
Rockville,maryland,20850
Rockville,maryland,20851
Rockville,maryland,20852
Rockville,maryland,20853
Potomac,maryland,20854
Derwood,maryland,20855
Sandy Spring,maryland,20860
Ashton,maryland,20861
Brinklow,maryland,20862
Burtonsville,maryland,20866
Spencerville,maryland,20868
Clarksburg,maryland,20871
Damascus,maryland,20872
Germantown,maryland,20874
Germantown,maryland,20876
Gaithersburg,maryland,20877
Gaithersburg,maryland,20878
Gaithersburg,maryland,20879
Washington Grove,maryland,20880
Gaithersburg,maryland,20882
Montgomery Village,maryland,20886
Kensington,maryland,20895
Garrett Park,maryland,20896
Gaithersburg,maryland,20899
Silver Spring,maryland,20901
Silver Spring,maryland,20902
Silver Spring,maryland,20903
Silver Spring,maryland,20904
Silver Spring,maryland,20905
Silver Spring,maryland,20906
Silver Spring,maryland,20910
Takoma Park,maryland,20912
Aberdeen,maryland,21001
Aberdeen Proving Ground,maryland,21005
Abingdon,maryland,21009
Gunpowder,maryland,21010
Arnold,maryland,21012
Baldwin,maryland,21013
Bel Air,maryland,21014
Bel Air,maryland,21015
Belcamp,maryland,21017
Churchville,maryland,21028
Clarksville,maryland,21029
Cockeysville,maryland,21030
Hunt Valley,maryland,21031
Crownsville,maryland,21032
Darlington,maryland,21034
Davidsonville,maryland,21035
Dayton,maryland,21036
Edgewater,maryland,21037
Edgewood,maryland,21040
Ellicott City,maryland,21042
Ellicott City,maryland,21043
Columbia,maryland,21044
Columbia,maryland,21045
Columbia,maryland,21046
Fallston,maryland,21047
Finksburg,maryland,21048
Forest Hill,maryland,21050
Fork,maryland,21051
Fort Howard,maryland,21052
Freeland,maryland,21053
Gambrills,maryland,21054
Gibson Island,maryland,21056
Glen Arm,maryland,21057
Glen Burnie,maryland,21060
Glen Burnie,maryland,21061
Glyndon,maryland,21071
Hampstead,maryland,21074
Elkridge,maryland,21075
Hanover,maryland,21076
Harmans,maryland,21077
Havre De Grace,maryland,21078
Hydes,maryland,21082
Jarrettsville,maryland,21084
Joppa,maryland,21085
Kingsville,maryland,21087
Linthicum Heights,maryland,21090
Lutherville Timonium,maryland,21093
Manchester,maryland,21102
Marriottsville,maryland,21104
Maryland Line,maryland,21105
Millersville,maryland,21108
Monkton,maryland,21111
Odenton,maryland,21113
Crofton,maryland,21114
Owings Mills,maryland,21117
Parkton,maryland,21120
Pasadena,maryland,21122
Perry Hall,maryland,21128
Perryman,maryland,21130
Phoenix,maryland,21131
Pylesville,maryland,21132
Randallstown,maryland,21133
Reisterstown,maryland,21136
Riva,maryland,21140
Severn,maryland,21144
Severna Park,maryland,21146
Sparks Glencoe,maryland,21152
Stevenson,maryland,21153
Street,maryland,21154
Upperco,maryland,21155
Upper Falls,maryland,21156
Westminster,maryland,21157
Westminster,maryland,21158
Whiteford,maryland,21160
White Hall,maryland,21161
White Marsh,maryland,21162
Woodstock,maryland,21163
Baltimore,maryland,21201
Baltimore,maryland,21202
Towson,maryland,21204
Baltimore,maryland,21205
Baltimore,maryland,21206
Gwynn Oak,maryland,21207
Pikesville,maryland,21208
Baltimore,maryland,21209
Baltimore,maryland,21210
Baltimore,maryland,21211
Baltimore,maryland,21212
Baltimore,maryland,21213
Baltimore,maryland,21214
Baltimore,maryland,21215
Baltimore,maryland,21216
Baltimore,maryland,21217
Baltimore,maryland,21218
Sparrows Point,maryland,21219
Middle River,maryland,21220
Essex,maryland,21221
Dundalk,maryland,21222
Baltimore,maryland,21223
Baltimore,maryland,21224
Brooklyn,maryland,21225
Curtis Bay,maryland,21226
Halethorpe,maryland,21227
Catonsville,maryland,21228
Baltimore,maryland,21229
Baltimore,maryland,21230
Baltimore,maryland,21231
Parkville,maryland,21234
Nottingham,maryland,21236
Rosedale,maryland,21237
Baltimore,maryland,21239
Baltimore,maryland,21240
Windsor Mill,maryland,21244
Baltimore,maryland,21250
Baltimore,maryland,21251
Towson,maryland,21252
Towson,maryland,21286
Annapolis,maryland,21401
Annapolis,maryland,21402
Annapolis,maryland,21403
Annapolis,maryland,21405
Annapolis,maryland,21409
Cumberland,maryland,21502
Accident,maryland,21520
Barton,maryland,21521
Bittinger,maryland,21522
Bloomington,maryland,21523
Corriganville,maryland,21524
Ellerslie,maryland,21529
Flintstone,maryland,21530
Friendsville,maryland,21531
Frostburg,maryland,21532
Grantsville,maryland,21536
Kitzmiller,maryland,21538
Lonaconing,maryland,21539
Luke,maryland,21540
Mc Henry,maryland,21541
Midland,maryland,21542
Midlothian,maryland,21543
Mount Savage,maryland,21545
Oakland,maryland,21550
Oldtown,maryland,21555
Rawlings,maryland,21557
Swanton,maryland,21561
Westernport,maryland,21562
Easton,maryland,21601
Barclay,maryland,21607
Betterton,maryland,21610
Bozman,maryland,21612
Cambridge,maryland,21613
Centreville,maryland,21617
Chester,maryland,21619
Chestertown,maryland,21620
Church Creek,maryland,21622
Church Hill,maryland,21623
Claiborne,maryland,21624
Cordova,maryland,21625
Crapo,maryland,21626
Crocheron,maryland,21627
Crumpton,maryland,21628
Denton,maryland,21629
East New Market,maryland,21631
Federalsburg,maryland,21632
Fishing Creek,maryland,21634
Galena,maryland,21635
Goldsboro,maryland,21636
Grasonville,maryland,21638
Greensboro,maryland,21639
Henderson,maryland,21640
Hillsboro,maryland,21641
Hurlock,maryland,21643
Ingleside,maryland,21644
Kennedyville,maryland,21645
Mcdaniel,maryland,21647
Madison,maryland,21648
Marydel,maryland,21649
Massey,maryland,21650
Millington,maryland,21651
Neavitt,maryland,21652
Newcomb,maryland,21653
Oxford,maryland,21654
Preston,maryland,21655
Queen Anne,maryland,21657
Queenstown,maryland,21658
Rhodesdale,maryland,21659
Ridgely,maryland,21660
Rock Hall,maryland,21661
Royal Oak,maryland,21662
Saint Michaels,maryland,21663
Secretary,maryland,21664
Sherwood,maryland,21665
Stevensville,maryland,21666
Still Pond,maryland,21667
Sudlersville,maryland,21668
Taylors Island,maryland,21669
Tilghman,maryland,21671
Toddville,maryland,21672
Trappe,maryland,21673
Wingate,maryland,21675
Wittman,maryland,21676
Woolford,maryland,21677
Worton,maryland,21678
Wye Mills,maryland,21679
Frederick,maryland,21701
Frederick,maryland,21702
Frederick,maryland,21703
Frederick,maryland,21704
Frederick,maryland,21705
Adamstown,maryland,21710
Big Pool,maryland,21711
Boonsboro,maryland,21713
Braddock Heights,maryland,21714
Brunswick,maryland,21716
Buckeystown,maryland,21717
Burkittsville,maryland,21718
Cascade,maryland,21719
Clear Spring,maryland,21722
Cooksville,maryland,21723
Emmitsburg,maryland,21727
Fairplay,maryland,21733
Funkstown,maryland,21734
Glenelg,maryland,21737
Glenwood,maryland,21738
Hagerstown,maryland,21740
Hagerstown,maryland,21742
Hagerstown,maryland,21746
Hancock,maryland,21750
Ijamsville,maryland,21754
Jefferson,maryland,21755
Keedysville,maryland,21756
Keymar,maryland,21757
Knoxville,maryland,21758
Libertytown,maryland,21762
Little Orleans,maryland,21766
Maugansville,maryland,21767
Middletown,maryland,21769
Monrovia,maryland,21770
Mount Airy,maryland,21771
Myersville,maryland,21773
New Market,maryland,21774
New Windsor,maryland,21776
Point Of Rocks,maryland,21777
Rocky Ridge,maryland,21778
Rohrersville,maryland,21779
Sabillasville,maryland,21780
Saint James,maryland,21781
Sharpsburg,maryland,21782
Smithsburg,maryland,21783
Sykesville,maryland,21784
Taneytown,maryland,21787
Thurmont,maryland,21788
Tuscarora,maryland,21790
Union Bridge,maryland,21791
Walkersville,maryland,21793
West Friendship,maryland,21794
Williamsport,maryland,21795
Woodbine,maryland,21797
Woodsboro,maryland,21798
Salisbury,maryland,21801
Salisbury,maryland,21802
Salisbury,maryland,21804
Allen,maryland,21810
Berlin,maryland,21811
Bishopville,maryland,21813
Bivalve,maryland,21814
Crisfield,maryland,21817
Deal Island,maryland,21821
Eden,maryland,21822
Ewell,maryland,21824
Fruitland,maryland,21826
Girdletree,maryland,21829
Hebron,maryland,21830
Linkwood,maryland,21835
Mardela Springs,maryland,21837
Marion Station,maryland,21838
Nanticoke,maryland,21840
Newark,maryland,21841
Ocean City,maryland,21842
Parsonsburg,maryland,21849
Pittsville,maryland,21850
Pocomoke City,maryland,21851
Princess Anne,maryland,21853
Quantico,maryland,21856
Sharptown,maryland,21861
Showell,maryland,21862
Snow Hill,maryland,21863
Stockton,maryland,21864
Tyaskin,maryland,21865
Tylerton,maryland,21866
Upper Fairmount,maryland,21867
Vienna,maryland,21869
Westover,maryland,21871
Whaleyville,maryland,21872
Willards,maryland,21874
Delmar,maryland,21875
Westover,maryland,21890
North East,maryland,21901
Perry Point,maryland,21902
Perryville,maryland,21903
Port Deposit,maryland,21904
Rising Sun,maryland,21911
Warwick,maryland,21912
Cecilton,maryland,21913
Charlestown,maryland,21914
Chesapeake City,maryland,21915
Childs,maryland,21916
Colora,maryland,21917
Conowingo,maryland,21918
Earleville,maryland,21919
Elk Mills,maryland,21920
Elkton,maryland,21921
Georgetown,maryland,21930
Annandale,virginia,22003
Burke,virginia,22015
Dumfries,virginia,22025
Dumfries,virginia,22026
Dunn Loring,virginia,22027
Fairfax,virginia,22030
Fairfax,virginia,22031
Fairfax,virginia,22032
Fairfax,virginia,22033
Fairfax,virginia,22035
Fairfax Station,virginia,22039
Falls Church,virginia,22041
Falls Church,virginia,22042
Falls Church,virginia,22043
Falls Church,virginia,22044
Falls Church,virginia,22046
Fort Belvoir,virginia,22060
Great Falls,virginia,22066
Lorton,virginia,22079
Mc Lean,virginia,22101
Mc Lean,virginia,22102
Oakton,virginia,22124
Occoquan,virginia,22125
Quantico,virginia,22134
Springfield,virginia,22150
Springfield,virginia,22151
Springfield,virginia,22152
Springfield,virginia,22153
Triangle,virginia,22172
Vienna,virginia,22180
Vienna,virginia,22181
Vienna,virginia,22182
Vienna,virginia,22185
Woodbridge,virginia,22191
Woodbridge,virginia,22192
Woodbridge,virginia,22193
Arlington,virginia,22201
Arlington,virginia,22202
Arlington,virginia,22203
Arlington,virginia,22204
Arlington,virginia,22205
Arlington,virginia,22206
Arlington,virginia,22207
Arlington,virginia,22209
Fort Myer,virginia,22211
Arlington,virginia,22213
Arlington,virginia,22214
Alexandria,virginia,22301
Alexandria,virginia,22302
Alexandria,virginia,22303
Alexandria,virginia,22304
Alexandria,virginia,22305
Alexandria,virginia,22306
Alexandria,virginia,22307
Alexandria,virginia,22308
Alexandria,virginia,22309
Alexandria,virginia,22310
Alexandria,virginia,22311
Alexandria,virginia,22312
Alexandria,virginia,22314
Alexandria,virginia,22315
Fredericksburg,virginia,22401
Fredericksburg,virginia,22405
Fredericksburg,virginia,22406
Fredericksburg,virginia,22407
Fredericksburg,virginia,22408
Bowling Green,virginia,22427
Burgess,virginia,22432
Burr Hill,virginia,22433
Callao,virginia,22435
Caret,virginia,22436
Center Cross,virginia,22437
Champlain,virginia,22438
Colonial Beach,virginia,22443
Dahlgren,virginia,22448
Dunnsville,virginia,22454
Farnham,virginia,22460
Hague,virginia,22469
Heathsville,virginia,22473
Hustle,virginia,22476
Irvington,virginia,22480
Kilmarnock,virginia,22482
King George,virginia,22485
Kinsale,virginia,22488
Lancaster,virginia,22503
Laneview,virginia,22504
Locust Grove,virginia,22508
Loretto,virginia,22509
Lottsburg,virginia,22511
Milford,virginia,22514
Montross,virginia,22520
Oldhams,virginia,22529
Ophelia,virginia,22530
Partlow,virginia,22534
Port Royal,virginia,22535
Rappahannock Academy,virginia,22538
Reedville,virginia,22539
Rhoadesville,virginia,22542
Ruther Glen,virginia,22546
Sharps,virginia,22548
Spotsylvania,virginia,22551
Spotsylvania,virginia,22553
Stafford,virginia,22554
Stafford,virginia,22556
Tappahannock,virginia,22560
Unionville,virginia,22567
Warsaw,virginia,22572
Weems,virginia,22576
White Stone,virginia,22578
Wicomico Church,virginia,22579
Woodford,virginia,22580
Winchester,virginia,22601
Winchester,virginia,22602
Winchester,virginia,22603
Bentonville,virginia,22610
Berryville,virginia,22611
Boyce,virginia,22620
Chester Gap,virginia,22623
Clear Brook,virginia,22624
Cross Junction,virginia,22625
Flint Hill,virginia,22627
Front Royal,virginia,22630
Gore,virginia,22637
Hume,virginia,22639
Huntly,virginia,22640
Strasburg,virginia,22641
Linden,virginia,22642
Markham,virginia,22643
Maurertown,virginia,22644
Middletown,virginia,22645
Millwood,virginia,22646
Rileyville,virginia,22650
Fort Valley,virginia,22652
Star Tannery,virginia,22654
Stephens City,virginia,22655
Stephenson,virginia,22656
Strasburg,virginia,22657
Toms Brook,virginia,22660
White Post,virginia,22663
Woodstock,virginia,22664
Culpeper,virginia,22701
Aroda,virginia,22709
Banco,virginia,22711
Bealeton,virginia,22712
Boston,virginia,22713
Brandy Station,virginia,22714
Brightwood,virginia,22715
Castleton,virginia,22716
Elkwood,virginia,22718
Etlan,virginia,22719
Goldvein,virginia,22720
Haywood,virginia,22722
Hood,virginia,22723
Jeffersonton,virginia,22724
Lignum,virginia,22726
Madison,virginia,22727
Midland,virginia,22728
Mitchells,virginia,22729
Oakpark,virginia,22730
Pratts,virginia,22731
Radiant,virginia,22732
Rapidan,virginia,22733
Remington,virginia,22734
Reva,virginia,22735
Richardsville,virginia,22736
Rixeyville,virginia,22737
Rochelle,virginia,22738
Sperryville,virginia,22740
Stevensburg,virginia,22741
Sumerduck,virginia,22742
Syria,virginia,22743
Washington,virginia,22747
Woodville,virginia,22749
Harrisonburg,virginia,22801
Harrisonburg,virginia,22802
Harrisonburg,virginia,22807
Basye,virginia,22810
Bergton,virginia,22811
Bridgewater,virginia,22812
Broadway,virginia,22815
Criders,virginia,22820
Dayton,virginia,22821
Edinburg,virginia,22824
Elkton,virginia,22827
Fulks Run,virginia,22830
Hinton,virginia,22831
Keezletown,virginia,22832
Linville,virginia,22834
Luray,virginia,22835
Mc Gaheysville,virginia,22840
Mount Crawford,virginia,22841
Mount Jackson,virginia,22842
Mount Solon,virginia,22843
New Market,virginia,22844
Orkney Springs,virginia,22845
Penn Laird,virginia,22846
Quicksburg,virginia,22847
Shenandoah,virginia,22849
Singers Glen,virginia,22850
Stanley,virginia,22851
Timberville,virginia,22853
Charlottesville,virginia,22901
Charlottesville,virginia,22902
Charlottesville,virginia,22903
Charlottesville,virginia,22904
Charlottesville,virginia,22911
Afton,virginia,22920
Arrington,virginia,22922
Barboursville,virginia,22923
Covesville,virginia,22931
Crozet,virginia,22932
Dyke,virginia,22935
Earlysville,virginia,22936
Esmont,virginia,22937
Faber,virginia,22938
Fishersville,virginia,22939
Free Union,virginia,22940
Gordonsville,virginia,22942
Greenwood,virginia,22943
Keene,virginia,22946
Keswick,virginia,22947
Locust Dale,virginia,22948
Lovingston,virginia,22949
Lyndhurst,virginia,22952
Nellysford,virginia,22958
North Garden,virginia,22959
Orange,virginia,22960
Palmyra,virginia,22963
Piney River,virginia,22964
Roseland,virginia,22967
Ruckersville,virginia,22968
Schuyler,virginia,22969
Shipman,virginia,22971
Somerset,virginia,22972
Stanardsville,virginia,22973
Troy,virginia,22974
Tyro,virginia,22976
Waynesboro,virginia,22980
Woodberry Forest,virginia,22989
Amelia Court House,virginia,23002
Arvonia,virginia,23004
Ashland,virginia,23005
Aylett,virginia,23009
Barhamsville,virginia,23011
Beaverdam,virginia,23015
Bohannon,virginia,23021
Bremo Bluff,virginia,23022
Bruington,virginia,23023
Bumpass,virginia,23024
Cardinal,virginia,23025
Cartersville,virginia,23027
Charles City,virginia,23030
Church View,virginia,23032
Cobbs Creek,virginia,23035
Columbia,virginia,23038
Crozier,virginia,23039
Cumberland,virginia,23040
Deltaville,virginia,23043
Diggs,virginia,23045
Doswell,virginia,23047
Dutton,virginia,23050
Fork Union,virginia,23055
Foster,virginia,23056
Glen Allen,virginia,23059
Glen Allen,virginia,23060
Gloucester,virginia,23061
Gloucester Point,virginia,23062
Goochland,virginia,23063
Grimstead,virginia,23064
Gum Spring,virginia,23065
Gwynn,virginia,23066
Hallieford,virginia,23068
Hanover,virginia,23069
Hardyville,virginia,23070
Hartfield,virginia,23071
Hayes,virginia,23072
Henrico,virginia,23075
Hudgins,virginia,23076
Jamaica,virginia,23079
Jetersville,virginia,23083
Kents Store,virginia,23084
King And Queen Court House,virginia,23085
King William,virginia,23086
Lanexa,virginia,23089
Little Plymouth,virginia,23091
Locust Hill,virginia,23092
Louisa,virginia,23093
Maidens,virginia,23102
Manakin Sabot,virginia,23103
Manquin,virginia,23106
Mascot,virginia,23108
Mathews,virginia,23109
Mattaponi,virginia,23110
Mechanicsville,virginia,23111
Midlothian,virginia,23112
Midlothian,virginia,23113
Midlothian,virginia,23114
Millers Tavern,virginia,23115
Mechanicsville,virginia,23116
Mineral,virginia,23117
Moon,virginia,23119
Moseley,virginia,23120
New Canton,virginia,23123
New Kent,virginia,23124
New Point,virginia,23125
Newtown,virginia,23126
North,virginia,23128
Oilville,virginia,23129
Onemo,virginia,23130
Port Haywood,virginia,23138
Powhatan,virginia,23139
Providence Forge,virginia,23140
Quinton,virginia,23141
Rockville,virginia,23146
Saint Stephens Church,virginia,23148
Saluda,virginia,23149
Sandston,virginia,23150
Sandy Hook,virginia,23153
Shacklefords,virginia,23156
State Farm,virginia,23160
Stevensville,virginia,23161
Susan,virginia,23163
Toano,virginia,23168
Topping,virginia,23169
Richmond,virginia,23173
Urbanna,virginia,23175
Wake,virginia,23176
Walkerton,virginia,23177
Water View,virginia,23180
West Point,virginia,23181
Williamsburg,virginia,23185
Williamsburg,virginia,23187
Williamsburg,virginia,23188
Montpelier,virginia,23192
Richmond,virginia,23219
Richmond,virginia,23220
Richmond,virginia,23221
Richmond,virginia,23222
Richmond,virginia,23223
Richmond,virginia,23224
Richmond,virginia,23225
Richmond,virginia,23226
Richmond,virginia,23227
Henrico,virginia,23228
Henrico,virginia,23229
Richmond,virginia,23230
Henrico,virginia,23231
Henrico,virginia,23233
Richmond,virginia,23234
Richmond,virginia,23235
Richmond,virginia,23236
Richmond,virginia,23237
Henrico,virginia,23238
Richmond,virginia,23250
Henrico,virginia,23294
Accomac,virginia,23301
Assawoman,virginia,23302
Atlantic,virginia,23303
Battery Park,virginia,23304
Belle Haven,virginia,23306
Birdsnest,virginia,23307
Bloxom,virginia,23308
Cape Charles,virginia,23310
Capeville,virginia,23313
Carrollton,virginia,23314
Carrsville,virginia,23315
Cheriton,virginia,23316
Chesapeake,virginia,23320
Chesapeake,virginia,23321
Chesapeake,virginia,23322
Chesapeake,virginia,23323
Chesapeake,virginia,23324
Chesapeake,virginia,23325
Chincoteague Island,virginia,23336
Wallops Island,virginia,23337
Eastville,virginia,23347
Exmore,virginia,23350
Franktown,virginia,23354
Greenbackville,virginia,23356
Greenbush,virginia,23357
Hacksneck,virginia,23358
Hallwood,virginia,23359
Harborton,virginia,23389
Horntown,virginia,23395
Jamesville,virginia,23398
Keller,virginia,23401
Machipongo,virginia,23405
Mappsville,virginia,23407
Marionville,virginia,23408
Mears,virginia,23409
Melfa,virginia,23410
Nassawadox,virginia,23413
Nelsonia,virginia,23414
New Church,virginia,23415
Oak Hall,virginia,23416
Onancock,virginia,23417
Onley,virginia,23418
Painter,virginia,23420
Parksley,virginia,23421
Pungoteague,virginia,23422
Quinby,virginia,23423
Sanford,virginia,23426
Saxis,virginia,23427
Smithfield,virginia,23430
Suffolk,virginia,23432
Suffolk,virginia,23433
Suffolk,virginia,23434
Suffolk,virginia,23435
Suffolk,virginia,23436
Suffolk,virginia,23437
Suffolk,virginia,23438
Tangier,virginia,23440
Tasley,virginia,23441
Temperanceville,virginia,23442
Virginia Beach,virginia,23451
Virginia Beach,virginia,23452
Virginia Beach,virginia,23453
Virginia Beach,virginia,23454
Virginia Beach,virginia,23455
Virginia Beach,virginia,23456
Virginia Beach,virginia,23457
Virginia Beach,virginia,23459
Virginia Beach,virginia,23460
Virginia Beach,virginia,23461
Virginia Beach,virginia,23462
Virginia Beach,virginia,23464
Wachapreague,virginia,23480
Willis Wharf,virginia,23486
Windsor,virginia,23487
Withams,virginia,23488
Norfolk,virginia,23502
Norfolk,virginia,23503
Norfolk,virginia,23504
Norfolk,virginia,23505
Norfolk,virginia,23507
Norfolk,virginia,23508
Norfolk,virginia,23509
Norfolk,virginia,23510
Norfolk,virginia,23511
Norfolk,virginia,23513
Norfolk,virginia,23517
Norfolk,virginia,23518
Norfolk,virginia,23523
Norfolk,virginia,23551
Newport News,virginia,23601
Newport News,virginia,23602
Newport News,virginia,23603
Fort Eustis,virginia,23604
Newport News,virginia,23605
Newport News,virginia,23606
Newport News,virginia,23607
Newport News,virginia,23608
Fort Monroe,virginia,23651
Hampton,virginia,23661
Poquoson,virginia,23662
Hampton,virginia,23663
Hampton,virginia,23664
Hampton,virginia,23665
Hampton,virginia,23666
Hampton,virginia,23669
Yorktown,virginia,23690
Yorktown,virginia,23691
Yorktown,virginia,23692
Yorktown,virginia,23693
Seaford,virginia,23696
Portsmouth,virginia,23701
Portsmouth,virginia,23702
Portsmouth,virginia,23703
Portsmouth,virginia,23704
Portsmouth,virginia,23707
Portsmouth,virginia,23708
Portsmouth,virginia,23709
Fort Lee,virginia,23801
Petersburg,virginia,23803
Petersburg,virginia,23805
Virginia State University,virginia,23806
Alberta,virginia,23821
Blackstone,virginia,23824
Boykins,virginia,23827
Branchville,virginia,23828
Capron,virginia,23829
Carson,virginia,23830
Chester,virginia,23831
Chesterfield,virginia,23832
Church Road,virginia,23833
Colonial Heights,virginia,23834
Chester,virginia,23836
Courtland,virginia,23837
Chesterfield,virginia,23838
Dendron,virginia,23839
Dewitt,virginia,23840
Dinwiddie,virginia,23841
Disputanta,virginia,23842
Dolphin,virginia,23843
Drewryville,virginia,23844
Ebony,virginia,23845
Elberon,virginia,23846
Emporia,virginia,23847
Ford,virginia,23850
Franklin,virginia,23851
Freeman,virginia,23856
Gasburg,virginia,23857
Hopewell,virginia,23860
Ivor,virginia,23866
Jarratt,virginia,23867
Lawrenceville,virginia,23868
Mc Kenney,virginia,23872
Newsoms,virginia,23874
Prince George,virginia,23875
Rawlings,virginia,23876
Sedley,virginia,23878
Skippers,virginia,23879
Spring Grove,virginia,23881
Stony Creek,virginia,23882
Surry,virginia,23883
Sussex,virginia,23884
Sutherland,virginia,23885
Valentines,virginia,23887
Wakefield,virginia,23888
Warfield,virginia,23889
Waverly,virginia,23890
Waverly,virginia,23891
White Plains,virginia,23893
Wilsons,virginia,23894
Yale,virginia,23897
Zuni,virginia,23898
Claremont,virginia,23899
Farmville,virginia,23901
Farmville,virginia,23909
Baskerville,virginia,23915
Boydton,virginia,23917
Bracey,virginia,23919
Brodnax,virginia,23920
Buckingham,virginia,23921
Burkeville,virginia,23922
Charlotte Court House,virginia,23923
Chase City,virginia,23924
Clarksville,virginia,23927
Crewe,virginia,23930
Cullen,virginia,23934
Dillwyn,virginia,23936
Drakes Branch,virginia,23937
Dundas,virginia,23938
Green Bay,virginia,23942
Hampden Sydney,virginia,23943
Kenbridge,virginia,23944
Keysville,virginia,23947
La Crosse,virginia,23950
Lunenburg,virginia,23952
Meherrin,virginia,23954
Pamplin,virginia,23958
Phenix,virginia,23959
Prospect,virginia,23960
Randolph,virginia,23962
Red House,virginia,23963
Red Oak,virginia,23964
Rice,virginia,23966
Saxe,virginia,23967
Skipwith,virginia,23968
South Hill,virginia,23970
Victoria,virginia,23974
Wylliesburg,virginia,23976
Roanoke,virginia,24011
Roanoke,virginia,24012
Roanoke,virginia,24013
Roanoke,virginia,24014
Roanoke,virginia,24015
Roanoke,virginia,24016
Roanoke,virginia,24017
Roanoke,virginia,24018
Roanoke,virginia,24019
Roanoke,virginia,24020
Ararat,virginia,24053
Axton,virginia,24054
Bassett,virginia,24055
Belspring,virginia,24058
Bent Mountain,virginia,24059
Blacksburg,virginia,24060
Blue Ridge,virginia,24064
Boones Mill,virginia,24065
Buchanan,virginia,24066
Callaway,virginia,24067
Cascade,virginia,24069
Catawba,virginia,24070
Check,virginia,24072
Christiansburg,virginia,24073
Claudville,virginia,24076
Cloverdale,virginia,24077
Collinsville,virginia,24078
Copper Hill,virginia,24079
Critz,virginia,24082
Daleville,virginia,24083
Dublin,virginia,24084
Eagle Rock,virginia,24085
Eggleston,virginia,24086
Elliston,virginia,24087
Ferrum,virginia,24088
Fieldale,virginia,24089
Fincastle,virginia,24090
Floyd,virginia,24091
Glade Hill,virginia,24092
Glen Lyn,virginia,24093
Goodview,virginia,24095
Hardy,virginia,24101
Henry,virginia,24102
Huddleston,virginia,24104
Indian Valley,virginia,24105
Martinsville,virginia,24112
Meadows Of Dan,virginia,24120
Moneta,virginia,24121
Montvale,virginia,24122
Narrows,virginia,24124
New Castle,virginia,24127
Newport,virginia,24128
Oriskany,virginia,24130
Paint Bank,virginia,24131
Parrott,virginia,24132
Patrick Springs,virginia,24133
Pearisburg,virginia,24134
Pembroke,virginia,24136
Penhook,virginia,24137
Pilot,virginia,24138
Pittsville,virginia,24139
Radford,virginia,24141
Radford,virginia,24142
Rich Creek,virginia,24147
Ridgeway,virginia,24148
Riner,virginia,24149
Ripplemead,virginia,24150
Rocky Mount,virginia,24151
Salem,virginia,24153
Sandy Level,virginia,24161
Shawsville,virginia,24162
Spencer,virginia,24165
Staffordsville,virginia,24167
Stanleytown,virginia,24168
Stuart,virginia,24171
Thaxton,virginia,24174
Troutville,virginia,24175
Union Hall,virginia,24176
Vinton,virginia,24179
Wirtz,virginia,24184
Woolwine,virginia,24185
Bristol,virginia,24201
Bristol,virginia,24202
Abingdon,virginia,24210
Abingdon,virginia,24211
Appalachia,virginia,24216
Bee,virginia,24217
Big Stone Gap,virginia,24219
Birchleaf,virginia,24220
Blackwater,virginia,24221
Castlewood,virginia,24224
Cleveland,virginia,24225
Clinchco,virginia,24226
Clintwood,virginia,24228
Coeburn,virginia,24230
Damascus,virginia,24236
Dante,virginia,24237
Davenport,virginia,24239
Dryden,virginia,24243
Duffield,virginia,24244
Dungannon,virginia,24245
East Stone Gap,virginia,24246
Ewing,virginia,24248
Fort Blackmore,virginia,24250
Gate City,virginia,24251
Haysi,virginia,24256
Hiltons,virginia,24258
Honaker,virginia,24260
Jonesville,virginia,24263
Keokee,virginia,24265
Lebanon,virginia,24266
Mc Clure,virginia,24269
Mendota,virginia,24270
Nickelsville,virginia,24271
Nora,virginia,24272
Norton,virginia,24273
Pennington Gap,virginia,24277
Pound,virginia,24279
Rosedale,virginia,24280
Rose Hill,virginia,24281
Saint Charles,virginia,24282
Saint Paul,virginia,24283
Weber City,virginia,24290
Whitetop,virginia,24292
Wise,virginia,24293
Pulaski,virginia,24301
Atkins,virginia,24311
Austinville,virginia,24312
Barren Springs,virginia,24313
Bastian,virginia,24314
Bland,virginia,24315
Broadford,virginia,24316
Cana,virginia,24317
Ceres,virginia,24318
Chilhowie,virginia,24319
Cripple Creek,virginia,24322
Crockett,virginia,24323
Draper,virginia,24324
Dugspur,virginia,24325
Elk Creek,virginia,24326
Fancy Gap,virginia,24328
Fries,virginia,24330
Galax,virginia,24333
Glade Spring,virginia,24340
Hillsville,virginia,24343
Hiwassee,virginia,24347
Independence,virginia,24348
Ivanhoe,virginia,24350
Lambsburg,virginia,24351
Laurel Fork,virginia,24352
Marion,virginia,24354
Max Meadows,virginia,24360
Meadowview,virginia,24361
Mouth Of Wilson,virginia,24363
Rocky Gap,virginia,24366
Rural Retreat,virginia,24368
Saltville,virginia,24370
Speedwell,virginia,24374
Sugar Grove,virginia,24375
Tannersville,virginia,24377
Troutdale,virginia,24378
Willis,virginia,24380
Woodlawn,virginia,24381
Wytheville,virginia,24382
Staunton,virginia,24401
Augusta Springs,virginia,24411
Bacova,virginia,24412
Blue Grass,virginia,24413
Brownsburg,virginia,24415
Buena Vista,virginia,24416
Churchville,virginia,24421
Clifton Forge,virginia,24422
Covington,virginia,24426
Craigsville,virginia,24430
Crimora,virginia,24431
Deerfield,virginia,24432
Doe Hill,virginia,24433
Fairfield,virginia,24435
Fort Defiance,virginia,24437
Goshen,virginia,24439
Greenville,virginia,24440
Grottoes,virginia,24441
Head Waters,virginia,24442
Hot Springs,virginia,24445
Iron Gate,virginia,24448
Lexington,virginia,24450
Low Moor,virginia,24457
Mc Dowell,virginia,24458
Middlebrook,virginia,24459
Millboro,virginia,24460
Montebello,virginia,24464
Monterey,virginia,24465
Mount Sidney,virginia,24467
Port Republic,virginia,24471
Raphine,virginia,24472
Rockbridge Baths,virginia,24473
Selma,virginia,24474
Steeles Tavern,virginia,24476
Stuarts Draft,virginia,24477
Swoope,virginia,24479
Verona,virginia,24482
Vesuvius,virginia,24483
Warm Springs,virginia,24484
West Augusta,virginia,24485
Weyers Cave,virginia,24486
Williamsville,virginia,24487
Lynchburg,virginia,24501
Lynchburg,virginia,24502
Lynchburg,virginia,24503
Lynchburg,virginia,24504
Altavista,virginia,24517
Alton,virginia,24520
Amherst,virginia,24521
Appomattox,virginia,24522
Bedford,virginia,24523
Big Island,virginia,24526
Blairs,virginia,24527
Brookneal,virginia,24528
Buffalo Junction,virginia,24529
Callands,virginia,24530
Chatham,virginia,24531
Clover,virginia,24534
Coleman Falls,virginia,24536
Concord,virginia,24538
Crystal Hill,virginia,24539
Danville,virginia,24540
Danville,virginia,24541
Dry Fork,virginia,24549
Evington,virginia,24550
Forest,virginia,24551
Gladstone,virginia,24553
Gladys,virginia,24554
Glasgow,virginia,24555
Goode,virginia,24556
Gretna,virginia,24557
Halifax,virginia,24558
Howardsville,virginia,24562
Hurt,virginia,24563
Java,virginia,24565
Keeling,virginia,24566
Long Island,virginia,24569
Lowry,virginia,24570
Lynch Station,virginia,24571
Madison Heights,virginia,24572
Monroe,virginia,24574
Nathalie,virginia,24577
Natural Bridge,virginia,24578
Natural Bridge Station,virginia,24579
Nelson,virginia,24580
Norwood,virginia,24581
Ringgold,virginia,24586
Rustburg,virginia,24588
Scottsburg,virginia,24589
Scottsville,virginia,24590
South Boston,virginia,24592
Spout Spring,virginia,24593
Sutherlin,virginia,24594
Sweet Briar,virginia,24595
Vernon Hill,virginia,24597
Virgilina,virginia,24598
Wingina,virginia,24599
Amonate,virginia,24601
Bandy,virginia,24602
Big Rock,virginia,24603
Bishop,virginia,24604
Bluefield,virginia,24605
Boissevain,virginia,24606
Breaks,virginia,24607
Cedar Bluff,virginia,24609
Doran,virginia,24612
Falls Mills,virginia,24613
Grundy,virginia,24614
Hurley,virginia,24620
Jewell Ridge,virginia,24622
Maxie,virginia,24628
North Tazewell,virginia,24630
Oakwood,virginia,24631
Pilgrims Knob,virginia,24634
Pocahontas,virginia,24635
Pounding Mill,virginia,24637
Raven,virginia,24639
Richlands,virginia,24641
Rowe,virginia,24646
Swords Creek,virginia,24649
Tazewell,virginia,24651
Vansant,virginia,24656
Whitewood,virginia,24657
Bluefield,west virginia,24701
Athens,west virginia,24712
Beeson,west virginia,24714
Bramwell,west virginia,24715
Bud,west virginia,24716
Covel,west virginia,24719
Freeman,west virginia,24724
Herndon,west virginia,24726
Hiawatha,west virginia,24729
Kegley,west virginia,24731
Lashmeet,west virginia,24733
Matoaka,west virginia,24736
Montcalm,west virginia,24737
Nemours,west virginia,24738
Princeton,west virginia,24740
Rock,west virginia,24747
Welch,west virginia,24801
Anawalt,west virginia,24808
Avondale,west virginia,24811
Bartley,west virginia,24813
Berwind,west virginia,24815
Big Sandy,west virginia,24816
Bradshaw,west virginia,24817
Brenton,west virginia,24818
Clear Fork,west virginia,24822
Coal Mountain,west virginia,24823
Cucumber,west virginia,24826
Cyclone,west virginia,24827
Davy,west virginia,24828
Elbert,west virginia,24830
Elkhorn,west virginia,24831
Fanrock,west virginia,24834
Gary,west virginia,24836
Hanover,west virginia,24839
Hensley,west virginia,24843
Iaeger,west virginia,24844
Ikes Fork,west virginia,24845
Isaban,west virginia,24846
Itmann,west virginia,24847
Jenkinjones,west virginia,24848
Jesse,west virginia,24849
Jolo,west virginia,24850
Justice,west virginia,24851
Kimball,west virginia,24853
Kopperston,west virginia,24854
Lynco,west virginia,24857
Matheny,west virginia,24860
Maybeury,west virginia,24861
Mohawk,west virginia,24862
Newhall,west virginia,24866
New Richmond,west virginia,24867
Northfork,west virginia,24868
North Spring,west virginia,24869
Oceana,west virginia,24870
Pageton,west virginia,24871
Panther,west virginia,24872
Paynesville,west virginia,24873
Pineville,west virginia,24874
Premier,west virginia,24878
Raysal,west virginia,24879
Rock View,west virginia,24880
Roderfield,west virginia,24881
Simon,west virginia,24882
Squire,west virginia,24884
Switchback,west virginia,24887
Thorpe,west virginia,24888
War,west virginia,24892
Warriormine,west virginia,24894
Wyoming,west virginia,24898
Lewisburg,west virginia,24901
Alderson,west virginia,24910
Arbovale,west virginia,24915
Asbury,west virginia,24916
Ballard,west virginia,24918
Bartow,west virginia,24920
Buckeye,west virginia,24924
Caldwell,west virginia,24925
Cass,west virginia,24927
Crawley,west virginia,24931
Dunmore,west virginia,24934
Forest Hill,west virginia,24935
Frankford,west virginia,24938
Gap Mills,west virginia,24941
Green Bank,west virginia,24944
Greenville,west virginia,24945
Hillsboro,west virginia,24946
Lindside,west virginia,24951
Marlinton,west virginia,24954
Maxwelton,west virginia,24957
Pence Springs,west virginia,24962
Peterstown,west virginia,24963
Renick,west virginia,24966
Ronceverte,west virginia,24970
Secondcreek,west virginia,24974
Sinks Grove,west virginia,24976
Smoot,west virginia,24977
Talcott,west virginia,24981
Union,west virginia,24983
Waiteville,west virginia,24984
White Sulphur Springs,west virginia,24986
Williamsburg,west virginia,24991
Alloy,west virginia,25002
Alum Creek,west virginia,25003
Amma,west virginia,25005
Arnett,west virginia,25007
Artie,west virginia,25008
Ashford,west virginia,25009
Bancroft,west virginia,25011
Belle,west virginia,25015
Bickmore,west virginia,25019
Bim,west virginia,25021
Blair,west virginia,25022
Bloomingrose,west virginia,25024
Blount,west virginia,25025
Bob White,west virginia,25028
Bomont,west virginia,25030
Boomer,west virginia,25031
Buffalo,west virginia,25033
Cabin Creek,west virginia,25035
Cannelton,west virginia,25036
Cedar Grove,west virginia,25039
Charlton Heights,west virginia,25040
Clay,west virginia,25043
Clear Creek,west virginia,25044
Clendenin,west virginia,25045
Clothier,west virginia,25047
Colcord,west virginia,25048
Comfort,west virginia,25049
Costa,west virginia,25051
Danville,west virginia,25053
Dawes,west virginia,25054
Deep Water,west virginia,25057
Dixie,west virginia,25059
Dorothy,west virginia,25060
Drybranch,west virginia,25061
Dry Creek,west virginia,25062
Duck,west virginia,25063
Dunbar,west virginia,25064
East Bank,west virginia,25067
Eleanor,west virginia,25070
Elkview,west virginia,25071
Eskdale,west virginia,25075
Ethel,west virginia,25076
Foster,west virginia,25081
Fraziers Bottom,west virginia,25082
Gallagher,west virginia,25083
Gauley Bridge,west virginia,25085
Glasgow,west virginia,25086
Glen,west virginia,25088
Glen Ferris,west virginia,25090
Gordon,west virginia,25093
Handley,west virginia,25102
Hansford,west virginia,25103
Henderson,west virginia,25106
Hernshaw,west virginia,25107
Hewett,west virginia,25108
Hometown,west virginia,25109
Hugheston,west virginia,25110
Indore,west virginia,25111
Institute,west virginia,25112
Ivydale,west virginia,25113
Jeffrey,west virginia,25114
Kanawha Falls,west virginia,25115
Kimberly,west virginia,25118
Kincaid,west virginia,25119
Lake,west virginia,25121
Leon,west virginia,25123
Liberty,west virginia,25124
Lizemores,west virginia,25125
London,west virginia,25126
Madison,west virginia,25130
Mammoth,west virginia,25132
Maysel,west virginia,25133
Miami,west virginia,25134
Montgomery,west virginia,25136
Mount Carbon,west virginia,25139
Naoma,west virginia,25140
Nebo,west virginia,25141
Nellis,west virginia,25142
Nitro,west virginia,25143
Orgas,west virginia,25148
Ottawa,west virginia,25149
Page,west virginia,25152
Peytona,west virginia,25154
Pinch,west virginia,25156
Poca,west virginia,25159
Pond Gap,west virginia,25160
Powellton,west virginia,25161
Pratt,west virginia,25162
Procious,west virginia,25164
Racine,west virginia,25165
Red House,west virginia,25168
Ridgeview,west virginia,25169
Robson,west virginia,25173
Rock Creek,west virginia,25174
Saint Albans,west virginia,25177
Saxon,west virginia,25180
Seth,west virginia,25181
Sharples,west virginia,25183
Mount Olive,west virginia,25185
Smithers,west virginia,25186
Southside,west virginia,25187
Sylvester,west virginia,25193
Tad,west virginia,25201
Tornado,west virginia,25202
Turtle Creek,west virginia,25203
Twilight,west virginia,25204
Uneeda,west virginia,25205
Van,west virginia,25206
Wharton,west virginia,25208
Whitesville,west virginia,25209
Widen,west virginia,25211
Winfield,west virginia,25213
Winifrede,west virginia,25214
Arnoldsburg,west virginia,25234
Chloe,west virginia,25235
Cottageville,west virginia,25239
Evans,west virginia,25241
Gandeeville,west virginia,25243
Gay,west virginia,25244
Given,west virginia,25245
Hartford,west virginia,25247
Kenna,west virginia,25248
Left Hand,west virginia,25251
Le Roy,west virginia,25252
Letart,west virginia,25253
Looneyville,west virginia,25259
Mason,west virginia,25260
Millstone,west virginia,25261
Millwood,west virginia,25262
Mount Alto,west virginia,25264
New Haven,west virginia,25265
Newton,west virginia,25266
Normantown,west virginia,25267
Orma,west virginia,25268
Reedy,west virginia,25270
Ripley,west virginia,25271
Sandyville,west virginia,25275
Spencer,west virginia,25276
Wallback,west virginia,25285
Walton,west virginia,25286
West Columbia,west virginia,25287
Charleston,west virginia,25301
Charleston,west virginia,25302
South Charleston,west virginia,25303
Charleston,west virginia,25304
Charleston,west virginia,25305
Charleston,west virginia,25306
South Charleston,west virginia,25309
Charleston,west virginia,25311
Charleston,west virginia,25312
Charleston,west virginia,25313
Charleston,west virginia,25314
Charleston,west virginia,25315
Charleston,west virginia,25320
Martinsburg,west virginia,25401
Martinsburg,west virginia,25403
Martinsburg,west virginia,25404
Martinsburg,west virginia,25405
Berkeley Springs,west virginia,25411
Bunker Hill,west virginia,25413
Charles Town,west virginia,25414
Falling Waters,west virginia,25419
Gerrardstown,west virginia,25420
Great Cacapon,west virginia,25422
Harpers Ferry,west virginia,25425
Hedgesville,west virginia,25427
Inwood,west virginia,25428
Kearneysville,west virginia,25430
Levels,west virginia,25431
Millville,west virginia,25432
Paw Paw,west virginia,25434
Points,west virginia,25437
Ranson,west virginia,25438
Shenandoah Junction,west virginia,25442
Shepherdstown,west virginia,25443
Slanesville,west virginia,25444
Summit Point,west virginia,25446
Alkol,west virginia,25501
Apple Grove,west virginia,25502
Ashton,west virginia,25503
Barboursville,west virginia,25504
Big Creek,west virginia,25505
Branchland,west virginia,25506
Ceredo,west virginia,25507
Chapmanville,west virginia,25508
Culloden,west virginia,25510
Dunlow,west virginia,25511
East Lynn,west virginia,25512
Fort Gay,west virginia,25514
Gallipolis Ferry,west virginia,25515
Genoa,west virginia,25517
Glenwood,west virginia,25520
Griffithsville,west virginia,25521
Hamlin,west virginia,25523
Harts,west virginia,25524
Hurricane,west virginia,25526
Julian,west virginia,25529
Kenova,west virginia,25530
Kiahsville,west virginia,25534
Lavalette,west virginia,25535
Lesage,west virginia,25537
Midkiff,west virginia,25540
Milton,west virginia,25541
Ona,west virginia,25545
Pecks Mill,west virginia,25547
Point Pleasant,west virginia,25550
Prichard,west virginia,25555
Ranger,west virginia,25557
Salt Rock,west virginia,25559
Scott Depot,west virginia,25560
Sod,west virginia,25564
Spurlockville,west virginia,25565
Sumerco,west virginia,25567
Wayne,west virginia,25570
West Hamlin,west virginia,25571
Yawkey,west virginia,25573
Logan,west virginia,25601
Accoville,west virginia,25606
Amherstdale,west virginia,25607
Baisden,west virginia,25608
Bruno,west virginia,25611
Davin,west virginia,25617
Gilbert,west virginia,25621
Henlawson,west virginia,25624
Holden,west virginia,25625
Kistler,west virginia,25628
Lorado,west virginia,25630
Lyburn,west virginia,25632
Mallory,west virginia,25634
Man,west virginia,25635
Mount Gay,west virginia,25637
Omar,west virginia,25638
Peach Creek,west virginia,25639
Sarah Ann,west virginia,25644
Stollings,west virginia,25646
Switzer,west virginia,25647
Verdunville,west virginia,25649
Verner,west virginia,25650
Wharncliffe,west virginia,25651
Whitman,west virginia,25652
Wilkinson,west virginia,25653
Yolyn,west virginia,25654
Williamson,west virginia,25661
Breeden,west virginia,25666
Crum,west virginia,25669
Delbarton,west virginia,25670
Dingess,west virginia,25671
Edgarton,west virginia,25672
Kermit,west virginia,25674
Lenore,west virginia,25676
Matewan,west virginia,25678
North Matewan,west virginia,25688
Ragland,west virginia,25690
Red Jacket,west virginia,25692
Varney,west virginia,25696
Wilsondale,west virginia,25699
Huntington,west virginia,25701
Huntington,west virginia,25702
Huntington,west virginia,25703
Huntington,west virginia,25704
Huntington,west virginia,25705
Beckley,west virginia,25801
Allen Junction,west virginia,25810
Amigo,west virginia,25811
Ansted,west virginia,25812
Beaver,west virginia,25813
Bolt,west virginia,25817
Bradley,west virginia,25818
Camp Creek,west virginia,25820
Coal City,west virginia,25823
Cool Ridge,west virginia,25825
Corinne,west virginia,25826
Crab Orchard,west virginia,25827
Danese,west virginia,25831
Daniels,west virginia,25832
Eccles,west virginia,25836
Edmond,west virginia,25837
Fairdale,west virginia,25839
Fayetteville,west virginia,25840
Flat Top,west virginia,25841
Ghent,west virginia,25843
Glen Daniel,west virginia,25844
Glen Fork,west virginia,25845
Glen Jean,west virginia,25846
Glen Rogers,west virginia,25848
Glen White,west virginia,25849
Helen,west virginia,25853
Hico,west virginia,25854
Hilltop,west virginia,25855
Josephine,west virginia,25857
Lansing,west virginia,25862
Layland,west virginia,25864
Lester,west virginia,25865
Lookout,west virginia,25868
Maben,west virginia,25870
Mabscott,west virginia,25871
Mac Arthur,west virginia,25873
Mc Graws,west virginia,25875
Saulsville,west virginia,25876
Midway,west virginia,25878
Minden,west virginia,25879
Mount Hope,west virginia,25880
Mullens,west virginia,25882
Oak Hill,west virginia,25901
Odd,west virginia,25902
Pax,west virginia,25904
Piney View,west virginia,25906
Prince,west virginia,25907
Princewick,west virginia,25908
Raleigh,west virginia,25911
Ravencliff,west virginia,25913
Rhodell,west virginia,25915
Sabine,west virginia,25916
Scarbro,west virginia,25917
Shady Spring,west virginia,25918
Slab Fork,west virginia,25920
Sophia,west virginia,25921
Spanishburg,west virginia,25922
Stephenson,west virginia,25928
Surveyor,west virginia,25932
Thurmond,west virginia,25936
Victor,west virginia,25938
Winona,west virginia,25942
Hinton,west virginia,25951
Charmco,west virginia,25958
Rainelle,west virginia,25962
Jumping Branch,west virginia,25969
Lerona,west virginia,25971
Leslie,west virginia,25972
Meadow Bridge,west virginia,25976
Meadow Creek,west virginia,25977
Nimitz,west virginia,25978
Pipestem,west virginia,25979
Quinwood,west virginia,25981
Rupert,west virginia,25984
Sandstone,west virginia,25985
White Oak,west virginia,25989
Wheeling,west virginia,26003
Beech Bottom,west virginia,26030
Benwood,west virginia,26031
Bethany,west virginia,26032
Cameron,west virginia,26033
Chester,west virginia,26034
Colliers,west virginia,26035
Dallas,west virginia,26036
Follansbee,west virginia,26037
Glen Dale,west virginia,26038
Glen Easton,west virginia,26039
Mcmechen,west virginia,26040
Moundsville,west virginia,26041
New Cumberland,west virginia,26047
Newell,west virginia,26050
Proctor,west virginia,26055
New Manchester,west virginia,26056
Triadelphia,west virginia,26059
Valley Grove,west virginia,26060
Weirton,west virginia,26062
Wellsburg,west virginia,26070
West Liberty,west virginia,26074
Windsor Heights,west virginia,26075
Parkersburg,west virginia,26101
Parkersburg,west virginia,26104
Vienna,west virginia,26105
Belleville,west virginia,26133
Belmont,west virginia,26134
Big Bend,west virginia,26136
Big Springs,west virginia,26137
Brohard,west virginia,26138
Creston,west virginia,26141
Davisville,west virginia,26142
Elizabeth,west virginia,26143
Friendly,west virginia,26146
Grantsville,west virginia,26147
Macfarlan,west virginia,26148
Middlebourne,west virginia,26149
Mineral Wells,west virginia,26150
Mount Zion,west virginia,26151
Munday,west virginia,26152
New Martinsville,west virginia,26155
Paden City,west virginia,26159
Palestine,west virginia,26160
Petroleum,west virginia,26161
Ravenswood,west virginia,26164
Reader,west virginia,26167
Rockport,west virginia,26169
Saint Marys,west virginia,26170
Sistersville,west virginia,26175
Smithville,west virginia,26178
Walker,west virginia,26180
Washington,west virginia,26181
Waverly,west virginia,26184
Williamstown,west virginia,26187
Buckhannon,west virginia,26201
Fenwick,west virginia,26202
Erbacon,west virginia,26203
Craigsville,west virginia,26205
Cowen,west virginia,26206
Camden On Gauley,west virginia,26208
Snowshoe,west virginia,26209
Cleveland,west virginia,26215
Diana,west virginia,26217
French Creek,west virginia,26218
Hacker Valley,west virginia,26222
Helvetia,west virginia,26224
Kanawha Head,west virginia,26228
Pickens,west virginia,26230
Rock Cave,west virginia,26234
Selbyville,west virginia,26236
Tallmansville,west virginia,26237
Volga,west virginia,26238
Elkins,west virginia,26241
Belington,west virginia,26250
Beverly,west virginia,26253
Bowden,west virginia,26254
Coalton,west virginia,26257
Dailey,west virginia,26259
Davis,west virginia,26260
Richwood,west virginia,26261
Dryfork,west virginia,26263
Durbin,west virginia,26264
Upperglade,west virginia,26266
Ellamore,west virginia,26267
Glady,west virginia,26268
Hambleton,west virginia,26269
Harman,west virginia,26270
Hendricks,west virginia,26271
Huttonsville,west virginia,26273
Junior,west virginia,26275
Kerens,west virginia,26276
Mabie,west virginia,26278
Mill Creek,west virginia,26280
Monterville,west virginia,26282
Montrose,west virginia,26283
Norton,west virginia,26285
Parsons,west virginia,26287
Webster Springs,west virginia,26288
Slatyfork,west virginia,26291
Thomas,west virginia,26292
Valley Bend,west virginia,26293
Valley Head,west virginia,26294
Whitmer,west virginia,26296
Bergoo,west virginia,26298
Clarksburg,west virginia,26301
Alma,west virginia,26320
Alum Bridge,west virginia,26321
Anmoore,west virginia,26323
Auburn,west virginia,26325
Berea,west virginia,26327
Bridgeport,west virginia,26330
Burnsville,west virginia,26335
Cairo,west virginia,26337
Camden,west virginia,26338
Center Point,west virginia,26339
Coxs Mills,west virginia,26342
Crawford,west virginia,26343
Ellenboro,west virginia,26346
Flemington,west virginia,26347
Folsom,west virginia,26348
Galloway,west virginia,26349
Glenville,west virginia,26351
Grafton,west virginia,26354
Gypsy,west virginia,26361
Harrisville,west virginia,26362
Haywood,west virginia,26366
Hepzibah,west virginia,26369
Horner,west virginia,26372
Independence,west virginia,26374
Ireland,west virginia,26376
Jacksonburg,west virginia,26377
Jane Lew,west virginia,26378
Linn,west virginia,26384
Lost Creek,west virginia,26385
Lumberport,west virginia,26386
Meadowbrook,west virginia,26404
Moatsville,west virginia,26405
Mount Clare,west virginia,26408
Newburg,west virginia,26410
New Milton,west virginia,26411
Orlando,west virginia,26412
Pennsboro,west virginia,26415
Philippi,west virginia,26416
Pine Grove,west virginia,26419
Pullman,west virginia,26421
Reynoldsville,west virginia,26422
Rosemont,west virginia,26424
Rowlesburg,west virginia,26425
Salem,west virginia,26426
Sand Fork,west virginia,26430
Shinnston,west virginia,26431
Simpson,west virginia,26435
Smithburg,west virginia,26436
Smithfield,west virginia,26437
Spelter,west virginia,26438
Thornton,west virginia,26440
Troy,west virginia,26443
Tunnelton,west virginia,26444
Walkersville,west virginia,26447
Wallace,west virginia,26448
West Milford,west virginia,26451
Weston,west virginia,26452
West Union,west virginia,26456
Morgantown,west virginia,26501
Morgantown,west virginia,26505
Morgantown,west virginia,26508
Albright,west virginia,26519
Arthurdale,west virginia,26520
Blacksville,west virginia,26521
Bruceton Mills,west virginia,26525
Granville,west virginia,26534
Kingwood,west virginia,26537
Maidsville,west virginia,26541
Masontown,west virginia,26542
Osage,west virginia,26543
Reedsville,west virginia,26547
Fairmont,west virginia,26554
Barrackville,west virginia,26559
Baxter,west virginia,26560
Burton,west virginia,26562
Carolina,west virginia,26563
Enterprise,west virginia,26568
Fairview,west virginia,26570
Farmington,west virginia,26571
Four States,west virginia,26572
Grant Town,west virginia,26574
Hundred,west virginia,26575
Idamay,west virginia,26576
Littleton,west virginia,26581
Mannington,west virginia,26582
Metz,west virginia,26585
Montana Mines,west virginia,26586
Rachel,west virginia,26587
Rivesville,west virginia,26588
Wana,west virginia,26590
Worthington,west virginia,26591
Sutton,west virginia,26601
Birch River,west virginia,26610
Cedarville,west virginia,26611
Copen,west virginia,26615
Dille,west virginia,26617
Exchange,west virginia,26619
Flatwoods,west virginia,26621
Frametown,west virginia,26623
Gassaway,west virginia,26624
Heaters,west virginia,26627
Little Birch,west virginia,26629
Napier,west virginia,26631
Rosedale,west virginia,26636
Shock,west virginia,26638
Summersville,west virginia,26651
Belva,west virginia,26656
Calvin,west virginia,26660
Canvas,west virginia,26662
Leivasy,west virginia,26676
Mount Lookout,west virginia,26678
Mount Nebo,west virginia,26679
Nallen,west virginia,26680
Nettie,west virginia,26681
Pool,west virginia,26684
Swiss,west virginia,26690
Tioga,west virginia,26691
Augusta,west virginia,26704
Aurora,west virginia,26705
Bayard,west virginia,26707
Burlington,west virginia,26710
Capon Bridge,west virginia,26711
Delray,west virginia,26714
Eglon,west virginia,26716
Elk Garden,west virginia,26717
Fort Ashby,west virginia,26719
Gormania,west virginia,26720
Green Spring,west virginia,26722
Keyser,west virginia,26726
Lahmansville,west virginia,26731
Mount Storm,west virginia,26739
New Creek,west virginia,26743
Piedmont,west virginia,26750
Ridgeley,west virginia,26753
Rio,west virginia,26755
Romney,west virginia,26757
Shanks,west virginia,26761
Springfield,west virginia,26763
Terra Alta,west virginia,26764
Wiley Ford,west virginia,26767
Baker,west virginia,26801
Brandywine,west virginia,26802
Circleville,west virginia,26804
Franklin,west virginia,26807
High View,west virginia,26808
Lost City,west virginia,26810
Mathias,west virginia,26812
Riverton,west virginia,26814
Sugar Grove,west virginia,26815
Bloomery,west virginia,26817
Fisher,west virginia,26818
Capon Springs,west virginia,26823
Maysville,west virginia,26833
Moorefield,west virginia,26836
Old Fields,west virginia,26845
Petersburg,west virginia,26847
Wardensville,west virginia,26851
Purgitsville,west virginia,26852
Cabins,west virginia,26855
Yellow Spring,west virginia,26865
Upper Tract,west virginia,26866
Seneca Rocks,west virginia,26884
Advance,north carolina,27006
Ararat,north carolina,27007
Belews Creek,north carolina,27009
Boonville,north carolina,27011
Clemmons,north carolina,27012
Cleveland,north carolina,27013
Cooleemee,north carolina,27014
Danbury,north carolina,27016
Dobson,north carolina,27017
East Bend,north carolina,27018
Germanton,north carolina,27019
Hamptonville,north carolina,27020
King,north carolina,27021
Lawsonville,north carolina,27022
Lewisville,north carolina,27023
Lowgap,north carolina,27024
Madison,north carolina,27025
Mayodan,north carolina,27027
Mocksville,north carolina,27028
Mount Airy,north carolina,27030
Pfafftown,north carolina,27040
Pilot Mountain,north carolina,27041
Pine Hall,north carolina,27042
Pinnacle,north carolina,27043
Rural Hall,north carolina,27045
Sandy Ridge,north carolina,27046
Siloam,north carolina,27047
Stoneville,north carolina,27048
Tobaccoville,north carolina,27050
Walkertown,north carolina,27051
Walnut Cove,north carolina,27052
Westfield,north carolina,27053
Woodleaf,north carolina,27054
Yadkinville,north carolina,27055
Winston Salem,north carolina,27101
Winston Salem,north carolina,27103
Winston Salem,north carolina,27104
Winston Salem,north carolina,27105
Winston Salem,north carolina,27106
Winston Salem,north carolina,27107
Winston Salem,north carolina,27109
Winston Salem,north carolina,27110
Winston Salem,north carolina,27127
Alamance,north carolina,27201
Asheboro,north carolina,27203
Asheboro,north carolina,27205
Bear Creek,north carolina,27207
Bennett,north carolina,27208
Biscoe,north carolina,27209
Blanch,north carolina,27212
Browns Summit,north carolina,27214
Burlington,north carolina,27215
Burlington,north carolina,27217
Candor,north carolina,27229
Cedar Grove,north carolina,27231
Climax,north carolina,27233
Colfax,north carolina,27235
Denton,north carolina,27239
Eagle Springs,north carolina,27242
Efland,north carolina,27243
Elon,north carolina,27244
Franklinville,north carolina,27248
Gibsonville,north carolina,27249
Goldston,north carolina,27252
Graham,north carolina,27253
Haw River,north carolina,27258
High Point,north carolina,27260
High Point,north carolina,27262
High Point,north carolina,27263
High Point,north carolina,27265
Hillsborough,north carolina,27278
Jackson Springs,north carolina,27281
Jamestown,north carolina,27282
Julian,north carolina,27283
Kernersville,north carolina,27284
Eden,north carolina,27288
Leasburg,north carolina,27291
Lexington,north carolina,27292
Lexington,north carolina,27295
Liberty,north carolina,27298
Linwood,north carolina,27299
Mc Leansville,north carolina,27301
Mebane,north carolina,27302
Milton,north carolina,27305
Mount Gilead,north carolina,27306
Oak Ridge,north carolina,27310
Pelham,north carolina,27311
Pittsboro,north carolina,27312
Pleasant Garden,north carolina,27313
Prospect Hill,north carolina,27314
Providence,north carolina,27315
Ramseur,north carolina,27316
Randleman,north carolina,27317
Reidsville,north carolina,27320
Robbins,north carolina,27325
Ruffin,north carolina,27326
Sanford,north carolina,27330
Sanford,north carolina,27332
Saxapahaw,north carolina,27340
Seagrove,north carolina,27341
Semora,north carolina,27343
Siler City,north carolina,27344
Snow Camp,north carolina,27349
Sophia,north carolina,27350
Staley,north carolina,27355
Star,north carolina,27356
Stokesdale,north carolina,27357
Summerfield,north carolina,27358
Thomasville,north carolina,27360
Trinity,north carolina,27370
Troy,north carolina,27371
West End,north carolina,27376
Whitsett,north carolina,27377
Yanceyville,north carolina,27379
Greensboro,north carolina,27401
Greensboro,north carolina,27403
Greensboro,north carolina,27405
Greensboro,north carolina,27406
Greensboro,north carolina,27407
Greensboro,north carolina,27408
Greensboro,north carolina,27409
Greensboro,north carolina,27410
Greensboro,north carolina,27455
Angier,north carolina,27501
Apex,north carolina,27502
Bahama,north carolina,27503
Benson,north carolina,27504
Broadway,north carolina,27505
Bullock,north carolina,27507
Bunn,north carolina,27508
Butner,north carolina,27509
Carrboro,north carolina,27510
Cary,north carolina,27511
Cary,north carolina,27513
Chapel Hill,north carolina,27514
Chapel Hill,north carolina,27516
Chapel Hill,north carolina,27517
Cary,north carolina,27518
Cary,north carolina,27519
Clayton,north carolina,27520
Coats,north carolina,27521
Creedmoor,north carolina,27522
Apex,north carolina,27523
Four Oaks,north carolina,27524
Franklinton,north carolina,27525
Fuquay Varina,north carolina,27526
Clayton,north carolina,27527
Garner,north carolina,27529
Goldsboro,north carolina,27530
Goldsboro,north carolina,27531
Goldsboro,north carolina,27534
Henderson,north carolina,27536
Henderson,north carolina,27537
Apex,north carolina,27539
Holly Springs,north carolina,27540
Hurdle Mills,north carolina,27541
Kenly,north carolina,27542
Kittrell,north carolina,27544
Knightdale,north carolina,27545
Lillington,north carolina,27546
Louisburg,north carolina,27549
Macon,north carolina,27551
Manson,north carolina,27553
Micro,north carolina,27555
Middleburg,north carolina,27556
Middlesex,north carolina,27557
Moncure,north carolina,27559
Morrisville,north carolina,27560
New Hill,north carolina,27562
Norlina,north carolina,27563
Oxford,north carolina,27565
Pine Level,north carolina,27568
Princeton,north carolina,27569
Rolesville,north carolina,27571
Rougemont,north carolina,27572
Roxboro,north carolina,27573
Roxboro,north carolina,27574
Selma,north carolina,27576
Smithfield,north carolina,27577
Stem,north carolina,27581
Stovall,north carolina,27582
Timberlake,north carolina,27583
Wake Forest,north carolina,27587
Warrenton,north carolina,27589
Wendell,north carolina,27591
Willow Spring,north carolina,27592
Youngsville,north carolina,27596
Zebulon,north carolina,27597
Raleigh,north carolina,27601
Raleigh,north carolina,27603
Raleigh,north carolina,27604
Raleigh,north carolina,27605
Raleigh,north carolina,27606
Raleigh,north carolina,27607
Raleigh,north carolina,27608
Raleigh,north carolina,27609
Raleigh,north carolina,27610
Raleigh,north carolina,27612
Raleigh,north carolina,27613
Raleigh,north carolina,27614
Raleigh,north carolina,27615
Raleigh,north carolina,27616
Raleigh,north carolina,27617
Durham,north carolina,27701
Durham,north carolina,27703
Durham,north carolina,27704
Durham,north carolina,27705
Durham,north carolina,27707
Durham,north carolina,27709
Durham,north carolina,27712
Durham,north carolina,27713
Rocky Mount,north carolina,27801
Rocky Mount,north carolina,27803
Rocky Mount,north carolina,27804
Aulander,north carolina,27805
Aurora,north carolina,27806
Bailey,north carolina,27807
Bath,north carolina,27808
Battleboro,north carolina,27809
Belhaven,north carolina,27810
Bethel,north carolina,27812
Black Creek,north carolina,27813
Blounts Creek,north carolina,27814
Castalia,north carolina,27816
Chocowinity,north carolina,27817
Como,north carolina,27818
Conetoe,north carolina,27819
Conway,north carolina,27820
Edward,north carolina,27821
Elm City,north carolina,27822
Enfield,north carolina,27823
Engelhard,north carolina,27824
Everetts,north carolina,27825
Fairfield,north carolina,27826
Falkland,north carolina,27827
Farmville,north carolina,27828
Fountain,north carolina,27829
Fremont,north carolina,27830
Garysburg,north carolina,27831
Gaston,north carolina,27832
Greenville,north carolina,27834
Grimesland,north carolina,27837
Halifax,north carolina,27839
Hamilton,north carolina,27840
Hassell,north carolina,27841
Henrico,north carolina,27842
Hobgood,north carolina,27843
Hollister,north carolina,27844
Jackson,north carolina,27845
Jamesville,north carolina,27846
Kelford,north carolina,27847
Lewiston Woodville,north carolina,27849
Littleton,north carolina,27850
Lucama,north carolina,27851
Macclesfield,north carolina,27852
Margarettsville,north carolina,27853
Murfreesboro,north carolina,27855
Nashville,north carolina,27856
Oak City,north carolina,27857
Greenville,north carolina,27858
Pantego,north carolina,27860
Parmele,north carolina,27861
Pendleton,north carolina,27862
Pikeville,north carolina,27863
Pinetops,north carolina,27864
Pinetown,north carolina,27865
Pleasant Hill,north carolina,27866
Rich Square,north carolina,27869
Roanoke Rapids,north carolina,27870
Robersonville,north carolina,27871
Roxobel,north carolina,27872
Saratoga,north carolina,27873
Scotland Neck,north carolina,27874
Scranton,north carolina,27875
Seaboard,north carolina,27876
Sharpsburg,north carolina,27878
Simpson,north carolina,27879
Sims,north carolina,27880
Speed,north carolina,27881
Spring Hope,north carolina,27882
Stantonsburg,north carolina,27883
Stokes,north carolina,27884
Swanquarter,north carolina,27885
Tarboro,north carolina,27886
Walstonburg,north carolina,27888
Washington,north carolina,27889
Weldon,north carolina,27890
Whitakers,north carolina,27891
Williamston,north carolina,27892
Wilson,north carolina,27893
Wilson,north carolina,27896
Woodland,north carolina,27897
Elizabeth City,north carolina,27909
Ahoskie,north carolina,27910
Avon,north carolina,27915
Aydlett,north carolina,27916
Barco,north carolina,27917
Belvidere,north carolina,27919
Buxton,north carolina,27920
Camden,north carolina,27921
Cofield,north carolina,27922
Coinjock,north carolina,27923
Colerain,north carolina,27924
Columbia,north carolina,27925
Corapeake,north carolina,27926
Corolla,north carolina,27927
Creswell,north carolina,27928
Currituck,north carolina,27929
Edenton,north carolina,27932
Eure,north carolina,27935
Frisco,north carolina,27936
Gates,north carolina,27937
Gatesville,north carolina,27938
Grandy,north carolina,27939
Harbinger,north carolina,27941
Harrellsville,north carolina,27942
Hatteras,north carolina,27943
Hertford,north carolina,27944
Hobbsville,north carolina,27946
Jarvisburg,north carolina,27947
Kill Devil Hills,north carolina,27948
Kitty Hawk,north carolina,27949
Knotts Island,north carolina,27950
Manns Harbor,north carolina,27953
Manteo,north carolina,27954
Maple,north carolina,27956
Merry Hill,north carolina,27957
Moyock,north carolina,27958
Nags Head,north carolina,27959
Ocracoke,north carolina,27960
Plymouth,north carolina,27962
Point Harbor,north carolina,27964
Poplar Branch,north carolina,27965
Powells Point,north carolina,27966
Powellsville,north carolina,27967
Rodanthe,north carolina,27968
Roper,north carolina,27970
Salvo,north carolina,27972
Shawboro,north carolina,27973
Shiloh,north carolina,27974
South Mills,north carolina,27976
Stumpy Point,north carolina,27978
Sunbury,north carolina,27979
Tyner,north carolina,27980
Wanchese,north carolina,27981
Waves,north carolina,27982
Windsor,north carolina,27983
Winfall,north carolina,27985
Winton,north carolina,27986
Albemarle,north carolina,28001
Alexis,north carolina,28006
Ansonville,north carolina,28007
Badin,north carolina,28009
Belmont,north carolina,28012
Bessemer City,north carolina,28016
Boiling Springs,north carolina,28017
Bostic,north carolina,28018
Caroleen,north carolina,28019
Casar,north carolina,28020
Cherryville,north carolina,28021
China Grove,north carolina,28023
Concord,north carolina,28025
Concord,north carolina,28027
Cornelius,north carolina,28031
Cramerton,north carolina,28032
Crouse,north carolina,28033
Dallas,north carolina,28034
Davidson,north carolina,28036
Denver,north carolina,28037
East Spencer,north carolina,28039
Ellenboro,north carolina,28040
Forest City,north carolina,28043
Gastonia,north carolina,28052
Gastonia,north carolina,28054
Gastonia,north carolina,28056
Gold Hill,north carolina,28071
Granite Quarry,north carolina,28072
Grover,north carolina,28073
Harrisburg,north carolina,28075
Henrietta,north carolina,28076
High Shoals,north carolina,28077
Huntersville,north carolina,28078
Indian Trail,north carolina,28079
Iron Station,north carolina,28080
Kannapolis,north carolina,28081
Kannapolis,north carolina,28083
Kings Mountain,north carolina,28086
Landis,north carolina,28088
Lattimore,north carolina,28089
Lawndale,north carolina,28090
Lilesville,north carolina,28091
Lincolnton,north carolina,28092
Locust,north carolina,28097
Lowell,north carolina,28098
Mc Adenville,north carolina,28101
Mc Farlan,north carolina,28102
Marshville,north carolina,28103
Matthews,north carolina,28104
Matthews,north carolina,28105
Midland,north carolina,28107
Mineral Springs,north carolina,28108
Misenheimer,north carolina,28109
Monroe,north carolina,28110
Monroe,north carolina,28112
Mooresboro,north carolina,28114
Mooresville,north carolina,28115
Mooresville,north carolina,28117
Morven,north carolina,28119
Mount Holly,north carolina,28120
Mount Pleasant,north carolina,28124
Mount Ulla,north carolina,28125
New London,north carolina,28127
Norwood,north carolina,28128
Oakboro,north carolina,28129
Peachland,north carolina,28133
Pineville,north carolina,28134
Polkton,north carolina,28135
Richfield,north carolina,28137
Rockwell,north carolina,28138
Rutherfordton,north carolina,28139
Salisbury,north carolina,28144
Salisbury,north carolina,28146
Salisbury,north carolina,28147
Shelby,north carolina,28150
Shelby,north carolina,28152
Spencer,north carolina,28159
Spindale,north carolina,28160
Stanfield,north carolina,28163
Stanley,north carolina,28164
Troutman,north carolina,28166
Union Mills,north carolina,28167
Vale,north carolina,28168
Waco,north carolina,28169
Wadesboro,north carolina,28170
Waxhaw,north carolina,28173
Wingate,north carolina,28174
Charlotte,north carolina,28202
Charlotte,north carolina,28203
Charlotte,north carolina,28204
Charlotte,north carolina,28205
Charlotte,north carolina,28206
Charlotte,north carolina,28207
Charlotte,north carolina,28208
Charlotte,north carolina,28209
Charlotte,north carolina,28210
Charlotte,north carolina,28211
Charlotte,north carolina,28212
Charlotte,north carolina,28213
Charlotte,north carolina,28214
Charlotte,north carolina,28215
Charlotte,north carolina,28216
Charlotte,north carolina,28217
Charlotte,north carolina,28226
Charlotte,north carolina,28227
Charlotte,north carolina,28244
Charlotte,north carolina,28262
Charlotte,north carolina,28269
Charlotte,north carolina,28270
Charlotte,north carolina,28273
Charlotte,north carolina,28277
Charlotte,north carolina,28278
Charlotte,north carolina,28280
Charlotte,north carolina,28282
Fayetteville,north carolina,28301
Fayetteville,north carolina,28303
Fayetteville,north carolina,28304
Fayetteville,north carolina,28305
Fayetteville,north carolina,28306
Fort Bragg,north carolina,28307
Pope Army Airfield,north carolina,28308
Fort Bragg,north carolina,28310
Fayetteville,north carolina,28311
Fayetteville,north carolina,28312
Fayetteville,north carolina,28314
Aberdeen,north carolina,28315
Autryville,north carolina,28318
Bladenboro,north carolina,28320
Bunnlevel,north carolina,28323
Calypso,north carolina,28325
Cameron,north carolina,28326
Carthage,north carolina,28327
Clinton,north carolina,28328
Cordova,north carolina,28330
Dublin,north carolina,28332
Dudley,north carolina,28333
Dunn,north carolina,28334
Elizabethtown,north carolina,28337
Ellerbe,north carolina,28338
Erwin,north carolina,28339
Fairmont,north carolina,28340
Faison,north carolina,28341
Falcon,north carolina,28342
Gibson,north carolina,28343
Godwin,north carolina,28344
Hamlet,north carolina,28345
Hoffman,north carolina,28347
Hope Mills,north carolina,28348
Kenansville,north carolina,28349
Lakeview,north carolina,28350
Laurel Hill,north carolina,28351
Laurinburg,north carolina,28352
Linden,north carolina,28356
Lumber Bridge,north carolina,28357
Lumberton,north carolina,28358
Lumberton,north carolina,28360
Marston,north carolina,28363
Maxton,north carolina,28364
Mount Olive,north carolina,28365
Newton Grove,north carolina,28366
Norman,north carolina,28367
Orrum,north carolina,28369
Parkton,north carolina,28371
Pembroke,north carolina,28372
Pinebluff,north carolina,28373
Pinehurst,north carolina,28374
Proctorville,north carolina,28375
Raeford,north carolina,28376
Red Springs,north carolina,28377
Rockingham,north carolina,28379
Roseboro,north carolina,28382
Rowland,north carolina,28383
Saint Pauls,north carolina,28384
Salemburg,north carolina,28385
Shannon,north carolina,28386
Southern Pines,north carolina,28387
Spring Lake,north carolina,28390
Stedman,north carolina,28391
Tar Heel,north carolina,28392
Turkey,north carolina,28393
Vass,north carolina,28394
Wade,north carolina,28395
Wagram,north carolina,28396
Warsaw,north carolina,28398
White Oak,north carolina,28399
Wilmington,north carolina,28401
Wilmington,north carolina,28403
Wilmington,north carolina,28405
Wilmington,north carolina,28409
Wilmington,north carolina,28411
Wilmington,north carolina,28412
Ash,north carolina,28420
Atkinson,north carolina,28421
Bolivia,north carolina,28422
Bolton,north carolina,28423
Brunswick,north carolina,28424
Burgaw,north carolina,28425
Carolina Beach,north carolina,28428
Castle Hayne,north carolina,28429
Cerro Gordo,north carolina,28430
Chadbourn,north carolina,28431
Clarendon,north carolina,28432
Clarkton,north carolina,28433
Council,north carolina,28434
Currie,north carolina,28435
Delco,north carolina,28436
Evergreen,north carolina,28438
Fair Bluff,north carolina,28439
Garland,north carolina,28441
Hallsboro,north carolina,28442
Hampstead,north carolina,28443
Harrells,north carolina,28444
Holly Ridge,north carolina,28445
Ivanhoe,north carolina,28447
Kelly,north carolina,28448
Kure Beach,north carolina,28449
Lake Waccamaw,north carolina,28450
Leland,north carolina,28451
Longwood,north carolina,28452
Magnolia,north carolina,28453
Maple Hill,north carolina,28454
Nakina,north carolina,28455
Riegelwood,north carolina,28456
Rocky Point,north carolina,28457
Rose Hill,north carolina,28458
Sneads Ferry,north carolina,28460
Southport,north carolina,28461
Supply,north carolina,28462
Tabor City,north carolina,28463
Teachey,north carolina,28464
Oak Island,north carolina,28465
Wallace,north carolina,28466
Calabash,north carolina,28467
Sunset Beach,north carolina,28468
Ocean Isle Beach,north carolina,28469
Shallotte,north carolina,28470
Whiteville,north carolina,28472
Willard,north carolina,28478
Winnabow,north carolina,28479
Wrightsville Beach,north carolina,28480
Kinston,north carolina,28501
Kinston,north carolina,28504
Albertson,north carolina,28508
Arapahoe,north carolina,28510
Atlantic,north carolina,28511
Atlantic Beach,north carolina,28512
Ayden,north carolina,28513
Bayboro,north carolina,28515
Beaufort,north carolina,28516
Beulaville,north carolina,28518
Bridgeton,north carolina,28519
Cedar Island,north carolina,28520
Chinquapin,north carolina,28521
Cove City,north carolina,28523
Davis,north carolina,28524
Deep Run,north carolina,28525
Dover,north carolina,28526
Ernul,north carolina,28527
Gloucester,north carolina,28528
Grantsboro,north carolina,28529
Grifton,north carolina,28530
Harkers Island,north carolina,28531
Havelock,north carolina,28532
Cherry Point,north carolina,28533
Hobucken,north carolina,28537
Hookerton,north carolina,28538
Hubert,north carolina,28539
Jacksonville,north carolina,28540
Tarawa Terrace,north carolina,28543
Midway Park,north carolina,28544
Jacksonville,north carolina,28546
Camp Lejeune,north carolina,28547
La Grange,north carolina,28551
Lowland,north carolina,28552
Marshallberg,north carolina,28553
Maury,north carolina,28554
Maysville,north carolina,28555
Merritt,north carolina,28556
Morehead City,north carolina,28557
New Bern,north carolina,28560
New Bern,north carolina,28562
Newport,north carolina,28570
Oriental,north carolina,28571
Pink Hill,north carolina,28572
Pollocksville,north carolina,28573
Richlands,north carolina,28574
Salter Path,north carolina,28575
Sealevel,north carolina,28577
Seven Springs,north carolina,28578
Smyrna,north carolina,28579
Snow Hill,north carolina,28580
Stacy,north carolina,28581
Stella,north carolina,28582
Stonewall,north carolina,28583
Swansboro,north carolina,28584
Trenton,north carolina,28585
Vanceboro,north carolina,28586
Vandemere,north carolina,28587
Williston,north carolina,28589
Winterville,north carolina,28590
Emerald Isle,north carolina,28594
Hickory,north carolina,28601
Hickory,north carolina,28602
Banner Elk,north carolina,28604
Blowing Rock,north carolina,28605
Boomer,north carolina,28606
Boone,north carolina,28607
Catawba,north carolina,28609
Claremont,north carolina,28610
Collettsville,north carolina,28611
Connelly Springs,north carolina,28612
Conover,north carolina,28613
Creston,north carolina,28615
Crossnore,north carolina,28616
Crumpler,north carolina,28617
Deep Gap,north carolina,28618
Drexel,north carolina,28619
Elkin,north carolina,28621
Elk Park,north carolina,28622
Ennice,north carolina,28623
Ferguson,north carolina,28624
Statesville,north carolina,28625
Fleetwood,north carolina,28626
Glade Valley,north carolina,28627
Glen Alpine,north carolina,28628
Glendale Springs,north carolina,28629
Granite Falls,north carolina,28630
Grassy Creek,north carolina,28631
Harmony,north carolina,28634
Hays,north carolina,28635
Hiddenite,north carolina,28636
Hildebran,north carolina,28637
Hudson,north carolina,28638
Jefferson,north carolina,28640
Jonesville,north carolina,28642
Lansing,north carolina,28643
Laurel Springs,north carolina,28644
Lenoir,north carolina,28645
Linville,north carolina,28646
Linville Falls,north carolina,28647
Mc Grady,north carolina,28649
Maiden,north carolina,28650
Millers Creek,north carolina,28651
Minneapolis,north carolina,28652
Moravian Falls,north carolina,28654
Morganton,north carolina,28655
Newland,north carolina,28657
Newton,north carolina,28658
North Wilkesboro,north carolina,28659
Olin,north carolina,28660
Pineola,north carolina,28662
Piney Creek,north carolina,28663
Purlear,north carolina,28665
Icard,north carolina,28666
Rhodhiss,north carolina,28667
Roaring Gap,north carolina,28668
Roaring River,north carolina,28669
Ronda,north carolina,28670
Rutherford College,north carolina,28671
Scottville,north carolina,28672
Sherrills Ford,north carolina,28673
Sparta,north carolina,28675
State Road,north carolina,28676
Statesville,north carolina,28677
Stony Point,north carolina,28678
Sugar Grove,north carolina,28679
Taylorsville,north carolina,28681
Terrell,north carolina,28682
Thurmond,north carolina,28683
Todd,north carolina,28684
Traphill,north carolina,28685
Union Grove,north carolina,28689
Valdese,north carolina,28690
Vilas,north carolina,28692
Warrensville,north carolina,28693
West Jefferson,north carolina,28694
Wilkesboro,north carolina,28697
Zionville,north carolina,28698
Alexander,north carolina,28701
Almond,north carolina,28702
Arden,north carolina,28704
Bakersville,north carolina,28705
Balsam,north carolina,28707
Balsam Grove,north carolina,28708
Barnardsville,north carolina,28709
Black Mountain,north carolina,28711
Brevard,north carolina,28712
Bryson City,north carolina,28713
Burnsville,north carolina,28714
Candler,north carolina,28715
Canton,north carolina,28716
Cashiers,north carolina,28717
Cedar Mountain,north carolina,28718
Cherokee,north carolina,28719
Chimney Rock,north carolina,28720
Clyde,north carolina,28721
Columbus,north carolina,28722
Cullowhee,north carolina,28723
Dillsboro,north carolina,28725
East Flat Rock,north carolina,28726
Etowah,north carolina,28729
Fairview,north carolina,28730
Flat Rock,north carolina,28731
Fletcher,north carolina,28732
Fontana Dam,north carolina,28733
Franklin,north carolina,28734
Gerton,north carolina,28735
Glenville,north carolina,28736
Hendersonville,north carolina,28739
Green Mountain,north carolina,28740
Highlands,north carolina,28741
Horse Shoe,north carolina,28742
Hot Springs,north carolina,28743
Lake Junaluska,north carolina,28745
Lake Lure,north carolina,28746
Lake Toxaway,north carolina,28747
Leicester,north carolina,28748
Little Switzerland,north carolina,28749
Maggie Valley,north carolina,28751
Marion,north carolina,28752
Marshall,north carolina,28753
Mars Hill,north carolina,28754
Mill Spring,north carolina,28756
Montreat,north carolina,28757
Mills River,north carolina,28759
Nebo,north carolina,28761
Old Fort,north carolina,28762
Otto,north carolina,28763
Penrose,north carolina,28766
Pisgah Forest,north carolina,28768
Robbinsville,north carolina,28771
Rosman,north carolina,28772
Saluda,north carolina,28773
Sapphire,north carolina,28774
Scaly Mountain,north carolina,28775
Spruce Pine,north carolina,28777
Swannanoa,north carolina,28778
Sylva,north carolina,28779
Topton,north carolina,28781
Tryon,north carolina,28782
Tuckasegee,north carolina,28783
Waynesville,north carolina,28785
Waynesville,north carolina,28786
Weaverville,north carolina,28787
Whittier,north carolina,28789
Zirconia,north carolina,28790
Hendersonville,north carolina,28791
Hendersonville,north carolina,28792
Asheville,north carolina,28801
Asheville,north carolina,28803
Asheville,north carolina,28804
Asheville,north carolina,28805
Asheville,north carolina,28806
Andrews,north carolina,28901
Brasstown,north carolina,28902
Hayesville,north carolina,28904
Marble,north carolina,28905
Murphy,north carolina,28906
Warne,north carolina,28909
Alcolu,south carolina,29001
Bamberg,south carolina,29003
Batesburg,south carolina,29006
Bethune,south carolina,29009
Bishopville,south carolina,29010
Blackstock,south carolina,29014
Blair,south carolina,29015
Blythewood,south carolina,29016
Bowman,south carolina,29018
Camden,south carolina,29020
Cameron,south carolina,29030
Carlisle,south carolina,29031
Cassatt,south carolina,29032
Cayce,south carolina,29033
Chapin,south carolina,29036
Chappells,south carolina,29037
Cope,south carolina,29038
Cordova,south carolina,29039
Dalzell,south carolina,29040
Denmark,south carolina,29042
Eastover,south carolina,29044
Elgin,south carolina,29045
Elliott,south carolina,29046
Elloree,south carolina,29047
Eutawville,south carolina,29048
Gable,south carolina,29051
Gadsden,south carolina,29052
Gaston,south carolina,29053
Gilbert,south carolina,29054
Great Falls,south carolina,29055
Greeleyville,south carolina,29056
Heath Springs,south carolina,29058
Holly Hill,south carolina,29059
Hopkins,south carolina,29061
Horatio,south carolina,29062
Irmo,south carolina,29063
Jenkinsville,south carolina,29065
Kershaw,south carolina,29067
Lamar,south carolina,29069
Leesville,south carolina,29070
Lexington,south carolina,29072
Lexington,south carolina,29073
Liberty Hill,south carolina,29074
Little Mountain,south carolina,29075
Lugoff,south carolina,29078
Lydia,south carolina,29079
Lynchburg,south carolina,29080
Ehrhardt,south carolina,29081
Lodge,south carolina,29082
Mc Bee,south carolina,29101
Manning,south carolina,29102
Mayesville,south carolina,29104
Monetta,south carolina,29105
Neeses,south carolina,29107
Newberry,south carolina,29108
New Zion,south carolina,29111
North,south carolina,29112
Norway,south carolina,29113
Olanta,south carolina,29114
Orangeburg,south carolina,29115
Orangeburg,south carolina,29117
Orangeburg,south carolina,29118
Peak,south carolina,29122
Pelion,south carolina,29123
Pinewood,south carolina,29125
Pomaria,south carolina,29126
Prosperity,south carolina,29127
Rembert,south carolina,29128
Ridge Spring,south carolina,29129
Ridgeway,south carolina,29130
Rowesville,south carolina,29133
Saint Matthews,south carolina,29135
Salley,south carolina,29137
Saluda,south carolina,29138
Santee,south carolina,29142
Silverstreet,south carolina,29145
Springfield,south carolina,29146
State Park,south carolina,29147
Summerton,south carolina,29148
Sumter,south carolina,29150
Shaw Afb,south carolina,29152
Sumter,south carolina,29153
Sumter,south carolina,29154
Swansea,south carolina,29160
Timmonsville,south carolina,29161
Turbeville,south carolina,29162
Vance,south carolina,29163
Wagener,south carolina,29164
Ward,south carolina,29166
Wedgefield,south carolina,29168
West Columbia,south carolina,29169
West Columbia,south carolina,29170
West Columbia,south carolina,29172
Westville,south carolina,29175
Whitmire,south carolina,29178
Winnsboro,south carolina,29180
Columbia,south carolina,29201
Columbia,south carolina,29202
Columbia,south carolina,29203
Columbia,south carolina,29204
Columbia,south carolina,29205
Columbia,south carolina,29206
Columbia,south carolina,29207
Columbia,south carolina,29208
Columbia,south carolina,29209
Columbia,south carolina,29210
Columbia,south carolina,29212
Columbia,south carolina,29223
Columbia,south carolina,29225
Columbia,south carolina,29229
Spartanburg,south carolina,29301
Spartanburg,south carolina,29302
Spartanburg,south carolina,29303
Spartanburg,south carolina,29306
Spartanburg,south carolina,29307
Boiling Springs,south carolina,29316
Arcadia,south carolina,29320
Buffalo,south carolina,29321
Campobello,south carolina,29322
Chesnee,south carolina,29323
Clifton,south carolina,29324
Clinton,south carolina,29325
Converse,south carolina,29329
Cowpens,south carolina,29330
Cross Anchor,south carolina,29331
Cross Hill,south carolina,29332
Drayton,south carolina,29333
Duncan,south carolina,29334
Enoree,south carolina,29335
Fingerville,south carolina,29338
Gaffney,south carolina,29340
Gaffney,south carolina,29341
Glendale,south carolina,29346
Inman,south carolina,29349
Joanna,south carolina,29351
Jonesville,south carolina,29353
Kinards,south carolina,29355
Landrum,south carolina,29356
Laurens,south carolina,29360
Lockhart,south carolina,29364
Lyman,south carolina,29365
Mayo,south carolina,29368
Moore,south carolina,29369
Mountville,south carolina,29370
Pacolet,south carolina,29372
Pacolet Mills,south carolina,29373
Pauline,south carolina,29374
Reidville,south carolina,29375
Roebuck,south carolina,29376
Startex,south carolina,29377
Una,south carolina,29378
Union,south carolina,29379
Waterloo,south carolina,29384
Wellford,south carolina,29385
Woodruff,south carolina,29388
Charleston,south carolina,29401
Charleston,south carolina,29403
Charleston Afb,south carolina,29404
North Charleston,south carolina,29405
Charleston,south carolina,29406
Charleston,south carolina,29407
Charleston,south carolina,29409
Hanahan,south carolina,29410
Charleston,south carolina,29412
Charleston,south carolina,29414
North Charleston,south carolina,29418
North Charleston,south carolina,29420
Charleston,south carolina,29423
Charleston,south carolina,29424
Adams Run,south carolina,29426
Awendaw,south carolina,29429
Bonneau,south carolina,29431
Branchville,south carolina,29432
Cordesville,south carolina,29434
Cottageville,south carolina,29435
Cross,south carolina,29436
Dorchester,south carolina,29437
Edisto Island,south carolina,29438
Folly Beach,south carolina,29439
Georgetown,south carolina,29440
Goose Creek,south carolina,29445
Green Pond,south carolina,29446
Harleyville,south carolina,29448
Hollywood,south carolina,29449
Huger,south carolina,29450
Isle Of Palms,south carolina,29451
Jacksonboro,south carolina,29452
Jamestown,south carolina,29453
Johns Island,south carolina,29455
Ladson,south carolina,29456
Mc Clellanville,south carolina,29458
Moncks Corner,south carolina,29461
Mount Pleasant,south carolina,29464
Mount Pleasant,south carolina,29466
Pineville,south carolina,29468
Pinopolis,south carolina,29469
Ravenel,south carolina,29470
Reevesville,south carolina,29471
Ridgeville,south carolina,29472
Round O,south carolina,29474
Ruffin,south carolina,29475
Saint George,south carolina,29477
Saint Stephen,south carolina,29479
Smoaks,south carolina,29481
Sullivans Island,south carolina,29482
Summerville,south carolina,29483
Summerville,south carolina,29485
Wadmalaw Island,south carolina,29487
Walterboro,south carolina,29488
Charleston,south carolina,29492
Williams,south carolina,29493
Florence,south carolina,29501
Florence,south carolina,29505
Florence,south carolina,29506
Andrews,south carolina,29510
Aynor,south carolina,29511
Bennettsville,south carolina,29512
Blenheim,south carolina,29516
Cades,south carolina,29518
Centenary,south carolina,29519
Cheraw,south carolina,29520
Clio,south carolina,29525
Conway,south carolina,29526
Conway,south carolina,29527
Coward,south carolina,29530
Darlington,south carolina,29532
Dillon,south carolina,29536
Darlington,south carolina,29540
Effingham,south carolina,29541
Fork,south carolina,29543
Galivants Ferry,south carolina,29544
Green Sea,south carolina,29545
Gresham,south carolina,29546
Hamer,south carolina,29547
Hartsville,south carolina,29550
Hemingway,south carolina,29554
Johnsonville,south carolina,29555
Kingstree,south carolina,29556
Lake City,south carolina,29560
Lake View,south carolina,29563
Lane,south carolina,29564
Latta,south carolina,29565
Little River,south carolina,29566
Little Rock,south carolina,29567
Longs,south carolina,29568
Loris,south carolina,29569
Mc Coll,south carolina,29570
Marion,south carolina,29571
Myrtle Beach,south carolina,29572
Mullins,south carolina,29574
Myrtle Beach,south carolina,29575
Murrells Inlet,south carolina,29576
Myrtle Beach,south carolina,29577
Myrtle Beach,south carolina,29579
Nesmith,south carolina,29580
Nichols,south carolina,29581
North Myrtle Beach,south carolina,29582
Pamplico,south carolina,29583
Patrick,south carolina,29584
Pawleys Island,south carolina,29585
Myrtle Beach,south carolina,29588
Salters,south carolina,29590
Scranton,south carolina,29591
Sellers,south carolina,29592
Society Hill,south carolina,29593
Tatum,south carolina,29594
Wallace,south carolina,29596
Greenville,south carolina,29601
Greenville,south carolina,29605
Greenville,south carolina,29607
Greenville,south carolina,29609
Greenville,south carolina,29611
Greenville,south carolina,29613
Greenville,south carolina,29614
Greenville,south carolina,29615
Greenville,south carolina,29617
Abbeville,south carolina,29620
Anderson,south carolina,29621
Anderson,south carolina,29624
Anderson,south carolina,29625
Anderson,south carolina,29626
Belton,south carolina,29627
Calhoun Falls,south carolina,29628
Central,south carolina,29630
Clemson,south carolina,29631
Clemson,south carolina,29634
Cleveland,south carolina,29635
Donalds,south carolina,29638
Due West,south carolina,29639
Easley,south carolina,29640
Easley,south carolina,29642
Fair Play,south carolina,29643
Fountain Inn,south carolina,29644
Gray Court,south carolina,29645
Greenwood,south carolina,29646
Greenwood,south carolina,29649
Greer,south carolina,29650
Greer,south carolina,29651
Hodges,south carolina,29653
Honea Path,south carolina,29654
Iva,south carolina,29655
Liberty,south carolina,29657
Long Creek,south carolina,29658
Lowndesville,south carolina,29659
Marietta,south carolina,29661
Mauldin,south carolina,29662
Mountain Rest,south carolina,29664
Newry,south carolina,29665
Ninety Six,south carolina,29666
Norris,south carolina,29667
Pelzer,south carolina,29669
Pendleton,south carolina,29670
Pickens,south carolina,29671
Seneca,south carolina,29672
Piedmont,south carolina,29673
Salem,south carolina,29676
Seneca,south carolina,29678
Simpsonville,south carolina,29680
Simpsonville,south carolina,29681
Six Mile,south carolina,29682
Slater,south carolina,29683
Starr,south carolina,29684
Sunset,south carolina,29685
Tamassee,south carolina,29686
Taylors,south carolina,29687
Townville,south carolina,29689
Travelers Rest,south carolina,29690
Walhalla,south carolina,29691
Ware Shoals,south carolina,29692
Westminster,south carolina,29693
West Union,south carolina,29696
Williamston,south carolina,29697
Blacksburg,south carolina,29702
Catawba,south carolina,29704
Chester,south carolina,29706
Fort Mill,south carolina,29707
Fort Mill,south carolina,29708
Chesterfield,south carolina,29709
Clover,south carolina,29710
Edgemoor,south carolina,29712
Fort Lawn,south carolina,29714
Fort Mill,south carolina,29715
Hickory Grove,south carolina,29717
Jefferson,south carolina,29718
Lancaster,south carolina,29720
Lando,south carolina,29724
Mc Connells,south carolina,29726
Mount Croghan,south carolina,29727
Pageland,south carolina,29728
Richburg,south carolina,29729
Rock Hill,south carolina,29730
Rock Hill,south carolina,29732
Rock Hill,south carolina,29733
Ruby,south carolina,29741
Sharon,south carolina,29742
Smyrna,south carolina,29743
York,south carolina,29745
Aiken,south carolina,29801
Aiken,south carolina,29803
Aiken,south carolina,29805
New Ellenton,south carolina,29809
Allendale,south carolina,29810
Barnwell,south carolina,29812
Bath,south carolina,29816
Blackville,south carolina,29817
Bradley,south carolina,29819
Clarks Hill,south carolina,29821
Edgefield,south carolina,29824
Elko,south carolina,29826
Fairfax,south carolina,29827
Gloverville,south carolina,29828
Graniteville,south carolina,29829
Jackson,south carolina,29831
Johnston,south carolina,29832
Langley,south carolina,29834
Mc Cormick,south carolina,29835
Martin,south carolina,29836
Modoc,south carolina,29838
Mount Carmel,south carolina,29840
North Augusta,south carolina,29841
Beech Island,south carolina,29842
Olar,south carolina,29843
Parksville,south carolina,29844
Plum Branch,south carolina,29845
Trenton,south carolina,29847
Troy,south carolina,29848
Ulmer,south carolina,29849
Vaucluse,south carolina,29850
Warrenville,south carolina,29851
Williston,south carolina,29853
Windsor,south carolina,29856
North Augusta,south carolina,29860
Mc Cormick,south carolina,29899
Beaufort,south carolina,29902
Beaufort,south carolina,29904
Parris Island,south carolina,29905
Beaufort,south carolina,29906
Beaufort,south carolina,29907
Okatie,south carolina,29909
Bluffton,south carolina,29910
Brunson,south carolina,29911
Coosawhatchie,south carolina,29912
Daufuskie Island,south carolina,29915
Early Branch,south carolina,29916
Estill,south carolina,29918
Saint Helena Island,south carolina,29920
Furman,south carolina,29921
Garnett,south carolina,29922
Gifford,south carolina,29923
Hampton,south carolina,29924
Hilton Head Island,south carolina,29926
Hardeeville,south carolina,29927
Hilton Head Island,south carolina,29928
Islandton,south carolina,29929
Luray,south carolina,29932
Pineland,south carolina,29934
Port Royal,south carolina,29935
Ridgeland,south carolina,29936
Scotia,south carolina,29939
Seabrook,south carolina,29940
Sheldon,south carolina,29941
Tillman,south carolina,29943
Varnville,south carolina,29944
Yemassee,south carolina,29945
Avondale Estates,georgia,30002
Alpharetta,georgia,30004
Alpharetta,georgia,30005
Marietta,georgia,30008
Alpharetta,georgia,30009
Auburn,georgia,30011
Conyers,georgia,30012
Conyers,georgia,30013
Covington,georgia,30014
Covington,georgia,30016
Grayson,georgia,30017
Dacula,georgia,30019
Clarkston,georgia,30021
Alpharetta,georgia,30022
Suwanee,georgia,30024
Social Circle,georgia,30025
Cumming,georgia,30028
Decatur,georgia,30030
Decatur,georgia,30032
Decatur,georgia,30033
Decatur,georgia,30034
Decatur,georgia,30035
Lithonia,georgia,30038
Snellville,georgia,30039
Cumming,georgia,30040
Cumming,georgia,30041
Lawrenceville,georgia,30043
Lawrenceville,georgia,30044
Lawrenceville,georgia,30045
Lawrenceville,georgia,30046
Lilburn,georgia,30047
Loganville,georgia,30052
Oxford,georgia,30054
Mansfield,georgia,30055
Newborn,georgia,30056
Lithonia,georgia,30058
Marietta,georgia,30060
Marietta,georgia,30062
Marietta,georgia,30064
Marietta,georgia,30066
Marietta,georgia,30067
Marietta,georgia,30068
Porterdale,georgia,30070
Norcross,georgia,30071
Pine Lake,georgia,30072
Roswell,georgia,30075
Roswell,georgia,30076
Snellville,georgia,30078
Scottdale,georgia,30079
Smyrna,georgia,30080
Smyrna,georgia,30082
Stone Mountain,georgia,30083
Tucker,georgia,30084
Stone Mountain,georgia,30087
Stone Mountain,georgia,30088
Peachtree Corners,georgia,30092
Norcross,georgia,30093
Conyers,georgia,30094
Duluth,georgia,30096
Duluth,georgia,30097
Acworth,georgia,30101
Acworth,georgia,30102
Adairsville,georgia,30103
Aragon,georgia,30104
Armuchee,georgia,30105
Austell,georgia,30106
Ball Ground,georgia,30107
Bowdon,georgia,30108
Bremen,georgia,30110
Buchanan,georgia,30113
Canton,georgia,30114
Canton,georgia,30115
Carrollton,georgia,30116
Carrollton,georgia,30117
Carrollton,georgia,30118
Cartersville,georgia,30120
Cartersville,georgia,30121
Lithia Springs,georgia,30122
Cave Spring,georgia,30124
Cedartown,georgia,30125
Mableton,georgia,30126
Powder Springs,georgia,30127
Dallas,georgia,30132
Douglasville,georgia,30134
Douglasville,georgia,30135
Emerson,georgia,30137
Fairmount,georgia,30139
Hiram,georgia,30141
Jasper,georgia,30143
Kennesaw,georgia,30144
Kingston,georgia,30145
Lindale,georgia,30147
Marble Hill,georgia,30148
Mount Berry,georgia,30149
Kennesaw,georgia,30152
Rockmart,georgia,30153
Dallas,georgia,30157
Rome,georgia,30161
Rome,georgia,30164
Rome,georgia,30165
Austell,georgia,30168
Roopville,georgia,30170
Rydal,georgia,30171
Silver Creek,georgia,30173
Talking Rock,georgia,30175
Tallapoosa,georgia,30176
Tate,georgia,30177
Taylorsville,georgia,30178
Temple,georgia,30179
Villa Rica,georgia,30180
Waco,georgia,30182
Waleska,georgia,30183
White,georgia,30184
Whitesburg,georgia,30185
Winston,georgia,30187
Woodstock,georgia,30188
Woodstock,georgia,30189
Barnesville,georgia,30204
Brooks,georgia,30205
Concord,georgia,30206
Fairburn,georgia,30213
Fayetteville,georgia,30214
Fayetteville,georgia,30215
Flovilla,georgia,30216
Franklin,georgia,30217
Gay,georgia,30218
Grantville,georgia,30220
Greenville,georgia,30222
Griffin,georgia,30223
Griffin,georgia,30224
Hampton,georgia,30228
Hogansville,georgia,30230
Jackson,georgia,30233
Jenkinsburg,georgia,30234
Jonesboro,georgia,30236
Jonesboro,georgia,30238
Lagrange,georgia,30240
Lagrange,georgia,30241
Locust Grove,georgia,30248
Lovejoy,georgia,30250
Luthersville,georgia,30251
Mcdonough,georgia,30252
Mcdonough,georgia,30253
Meansville,georgia,30256
Milner,georgia,30257
Molena,georgia,30258
Moreland,georgia,30259
Morrow,georgia,30260
Newnan,georgia,30263
Newnan,georgia,30265
Palmetto,georgia,30268
Peachtree City,georgia,30269
Rex,georgia,30273
Riverdale,georgia,30274
Sargent,georgia,30275
Senoia,georgia,30276
Sharpsburg,georgia,30277
Stockbridge,georgia,30281
Sunny Side,georgia,30284
The Rock,georgia,30285
Thomaston,georgia,30286
Conley,georgia,30288
Turin,georgia,30289
Tyrone,georgia,30290
Union City,georgia,30291
Williamson,georgia,30292
Woodbury,georgia,30293
Ellenwood,georgia,30294
Zebulon,georgia,30295
Riverdale,georgia,30296
Forest Park,georgia,30297
Atlanta,georgia,30303
Atlanta,georgia,30305
Atlanta,georgia,30306
Atlanta,georgia,30307
Atlanta,georgia,30308
Atlanta,georgia,30309
Atlanta,georgia,30310
Atlanta,georgia,30311
Atlanta,georgia,30312
Atlanta,georgia,30313
Atlanta,georgia,30314
Atlanta,georgia,30315
Atlanta,georgia,30316
Atlanta,georgia,30317
Atlanta,georgia,30318
Atlanta,georgia,30319
Atlanta,georgia,30322
Atlanta,georgia,30324
Atlanta,georgia,30326
Atlanta,georgia,30327
Atlanta,georgia,30328
Atlanta,georgia,30329
Atlanta,georgia,30331
Atlanta,georgia,30332
Atlanta,georgia,30334
Atlanta,georgia,30336
Atlanta,georgia,30337
Atlanta,georgia,30338
Atlanta,georgia,30339
Atlanta,georgia,30340
Atlanta,georgia,30341
Atlanta,georgia,30342
Atlanta,georgia,30344
Atlanta,georgia,30345
Atlanta,georgia,30346
Atlanta,georgia,30349
Atlanta,georgia,30350
Atlanta,georgia,30354
Atlanta,georgia,30360
Atlanta,georgia,30363
Swainsboro,georgia,30401
Ailey,georgia,30410
Alamo,georgia,30411
Alston,georgia,30412
Bartow,georgia,30413
Brooklet,georgia,30415
Claxton,georgia,30417
Cobbtown,georgia,30420
Collins,georgia,30421
Daisy,georgia,30423
Garfield,georgia,30425
Girard,georgia,30426
Glennville,georgia,30427
Glenwood,georgia,30428
Hagan,georgia,30429
Louisville,georgia,30434
Lyons,georgia,30436
Manassas,georgia,30438
Metter,georgia,30439
Midville,georgia,30441
Millen,georgia,30442
Mount Vernon,georgia,30445
Newington,georgia,30446
Nunez,georgia,30448
Oliver,georgia,30449
Portal,georgia,30450
Pulaski,georgia,30451
Register,georgia,30452
Reidsville,georgia,30453
Rockledge,georgia,30454
Rocky Ford,georgia,30455
Sardis,georgia,30456
Soperton,georgia,30457
Statesboro,georgia,30458
Statesboro,georgia,30460
Statesboro,georgia,30461
Stillmore,georgia,30464
Sylvania,georgia,30467
Tarrytown,georgia,30470
Twin City,georgia,30471
Uvalda,georgia,30473
Vidalia,georgia,30474
Vidalia,georgia,30475
Wadley,georgia,30477
Gainesville,georgia,30501
Gainesville,georgia,30504
Gainesville,georgia,30506
Gainesville,georgia,30507
Alto,georgia,30510
Baldwin,georgia,30511
Blairsville,georgia,30512
Blue Ridge,georgia,30513
Bowersville,georgia,30516
Braselton,georgia,30517
Buford,georgia,30518
Buford,georgia,30519
Canon,georgia,30520
Carnesville,georgia,30521
Cherry Log,georgia,30522
Clarkesville,georgia,30523
Clayton,georgia,30525
Clermont,georgia,30527
Cleveland,georgia,30528
Commerce,georgia,30529
Commerce,georgia,30530
Cornelia,georgia,30531
Dahlonega,georgia,30533
Dawsonville,georgia,30534
Demorest,georgia,30535
Ellijay,georgia,30536
Dillard,georgia,30537
Eastanollee,georgia,30538
Ellijay,georgia,30540
Epworth,georgia,30541
Flowery Branch,georgia,30542
Gillsville,georgia,30543
Helen,georgia,30545
Hiawassee,georgia,30546
Homer,georgia,30547
Hoschton,georgia,30548
Jefferson,georgia,30549
Lakemont,georgia,30552
Lavonia,georgia,30553
Lula,georgia,30554
Mc Caysville,georgia,30555
Martin,georgia,30557
Maysville,georgia,30558
Mineral Bluff,georgia,30559
Morganton,georgia,30560
Mountain City,georgia,30562
Mount Airy,georgia,30563
Murrayville,georgia,30564
Nicholson,georgia,30565
Oakwood,georgia,30566
Pendergrass,georgia,30567
Rabun Gap,georgia,30568
Sautee Nacoochee,georgia,30571
Suches,georgia,30572
Tallulah Falls,georgia,30573
Talmo,georgia,30575
Tiger,georgia,30576
Toccoa,georgia,30577
Wiley,georgia,30581
Young Harris,georgia,30582
Athens,georgia,30601
Athens,georgia,30602
Athens,georgia,30605
Athens,georgia,30606
Athens,georgia,30607
Athens,georgia,30609
Arnoldsville,georgia,30619
Bethlehem,georgia,30620
Bishop,georgia,30621
Bogart,georgia,30622
Bostwick,georgia,30623
Bowman,georgia,30624
Buckhead,georgia,30625
Carlton,georgia,30627
Colbert,georgia,30628
Comer,georgia,30629
Crawford,georgia,30630
Crawfordville,georgia,30631
Danielsville,georgia,30633
Dewy Rose,georgia,30634
Elberton,georgia,30635
Good Hope,georgia,30641
Greensboro,georgia,30642
Hartwell,georgia,30643
Hull,georgia,30646
Lexington,georgia,30648
Madison,georgia,30650
Monroe,georgia,30655
Monroe,georgia,30656
Rayle,georgia,30660
Royston,georgia,30662
Rutledge,georgia,30663
Sharon,georgia,30664
Siloam,georgia,30665
Statham,georgia,30666
Stephens,georgia,30667
Tignall,georgia,30668
Union Point,georgia,30669
Washington,georgia,30673
Watkinsville,georgia,30677
White Plains,georgia,30678
Winder,georgia,30680
Winterville,georgia,30683
Calhoun,georgia,30701
Chatsworth,georgia,30705
Chickamauga,georgia,30707
Cisco,georgia,30708
Cohutta,georgia,30710
Crandall,georgia,30711
Dalton,georgia,30720
Dalton,georgia,30721
Flintstone,georgia,30725
Graysville,georgia,30726
La Fayette,georgia,30728
Lyerly,georgia,30730
Menlo,georgia,30731
Plainville,georgia,30733
Ranger,georgia,30734
Resaca,georgia,30735
Ringgold,georgia,30736
Rising Fawn,georgia,30738
Rock Spring,georgia,30739
Rocky Face,georgia,30740
Rossville,georgia,30741
Fort Oglethorpe,georgia,30742
Sugar Valley,georgia,30746
Summerville,georgia,30747
Lookout Mountain,georgia,30750
Tennga,georgia,30751
Trenton,georgia,30752
Trion,georgia,30753
Tunnel Hill,georgia,30755
Varnell,georgia,30756
Wildwood,georgia,30757
Appling,georgia,30802
Avera,georgia,30803
Blythe,georgia,30805
Camak,georgia,30807
Dearing,georgia,30808
Evans,georgia,30809
Gibson,georgia,30810
Gracewood,georgia,30812
Grovetown,georgia,30813
Harlem,georgia,30814
Hephzibah,georgia,30815
Keysville,georgia,30816
Lincolnton,georgia,30817
Matthews,georgia,30818
Mitchell,georgia,30820
Norwood,georgia,30821
Perkins,georgia,30822
Stapleton,georgia,30823
Thomson,georgia,30824
Warrenton,georgia,30828
Waynesboro,georgia,30830
Wrens,georgia,30833
Augusta,georgia,30901
Augusta,georgia,30903
Augusta,georgia,30904
Augusta,georgia,30905
Augusta,georgia,30906
Augusta,georgia,30907
Augusta,georgia,30909
Augusta,georgia,30912
Abbeville,georgia,31001
Adrian,georgia,31002
Allentown,georgia,31003
Bonaire,georgia,31005
Butler,georgia,31006
Byromville,georgia,31007
Byron,georgia,31008
Cadwell,georgia,31009
Chauncey,georgia,31011
Chester,georgia,31012
Cochran,georgia,31014
Cordele,georgia,31015
Culloden,georgia,31016
Danville,georgia,31017
Davisboro,georgia,31018
Dexter,georgia,31019
Dry Branch,georgia,31020
Dublin,georgia,31021
Dudley,georgia,31022
Eastman,georgia,31023
Eatonton,georgia,31024
Elko,georgia,31025
East Dublin,georgia,31027
Centerville,georgia,31028
Forsyth,georgia,31029
Fort Valley,georgia,31030
Gordon,georgia,31031
Gray,georgia,31032
Haddock,georgia,31033
Harrison,georgia,31035
Hawkinsville,georgia,31036
Mc Rae Helena,georgia,31037
Hillsboro,georgia,31038
Howard,georgia,31039
Ideal,georgia,31041
Irwinton,georgia,31042
Jeffersonville,georgia,31044
Jewell,georgia,31045
Juliette,georgia,31046
Kathleen,georgia,31047
Kite,georgia,31049
Knoxville,georgia,31050
Lilly,georgia,31051
Lizella,georgia,31052
Mc Intyre,georgia,31054
Mc Rae Helena,georgia,31055
Marshallville,georgia,31057
Mauk,georgia,31058
Milan,georgia,31060
Milledgeville,georgia,31061
Milledgeville,georgia,31062
Montezuma,georgia,31063
Monticello,georgia,31064
Montrose,georgia,31065
Musella,georgia,31066
Oconee,georgia,31067
Oglethorpe,georgia,31068
Perry,georgia,31069
Pinehurst,georgia,31070
Pineview,georgia,31071
Pitts,georgia,31072
Rentz,georgia,31075
Reynolds,georgia,31076
Rhine,georgia,31077
Roberta,georgia,31078
Rochelle,georgia,31079
Rupert,georgia,31081
Sandersville,georgia,31082
Scotland,georgia,31083
Seville,georgia,31084
Shady Dale,georgia,31085
Sparta,georgia,31087
Warner Robins,georgia,31088
Tennille,georgia,31089
Toomsboro,georgia,31090
Unadilla,georgia,31091
Vienna,georgia,31092
Warner Robins,georgia,31093
Warthen,georgia,31094
Wrightsville,georgia,31096
Yatesville,georgia,31097
Warner Robins,georgia,31098
Macon,georgia,31201
Macon,georgia,31204
Macon,georgia,31206
Macon,georgia,31207
Macon,georgia,31210
Macon,georgia,31211
Macon,georgia,31213
Macon,georgia,31216
Macon,georgia,31217
Macon,georgia,31220
Allenhurst,georgia,31301
Bloomingdale,georgia,31302
Clyo,georgia,31303
Crescent,georgia,31304
Darien,georgia,31305
Eden,georgia,31307
Ellabell,georgia,31308
Fleming,georgia,31309
Guyton,georgia,31312
Hinesville,georgia,31313
Fort Stewart,georgia,31314
Fort Stewart,georgia,31315
Ludowici,georgia,31316
Meldrim,georgia,31318
Midway,georgia,31320
Pembroke,georgia,31321
Pooler,georgia,31322
Riceboro,georgia,31323
Richmond Hill,georgia,31324
Rincon,georgia,31326
Sapelo Island,georgia,31327
Tybee Island,georgia,31328
Springfield,georgia,31329
Townsend,georgia,31331
Savannah,georgia,31401
Savannah,georgia,31404
Savannah,georgia,31405
Savannah,georgia,31406
Port Wentworth,georgia,31407
Savannah,georgia,31408
Savannah,georgia,31409
Savannah,georgia,31410
Savannah,georgia,31411
Savannah,georgia,31415
Savannah,georgia,31419
Waycross,georgia,31501
Waycross,georgia,31503
Alma,georgia,31510
Ambrose,georgia,31512
Baxley,georgia,31513
Blackshear,georgia,31516
Bristol,georgia,31518
Broxton,georgia,31519
Brunswick,georgia,31520
Saint Simons Island,georgia,31522
Brunswick,georgia,31523
Brunswick,georgia,31524
Brunswick,georgia,31525
Jekyll Island,georgia,31527
Denton,georgia,31532
Douglas,georgia,31533
Douglas,georgia,31535
Folkston,georgia,31537
Hazlehurst,georgia,31539
Hoboken,georgia,31542
Hortense,georgia,31543
Jacksonville,georgia,31544
Jesup,georgia,31545
Jesup,georgia,31546
Kings Bay,georgia,31547
Kingsland,georgia,31548
Lumber City,georgia,31549
Manor,georgia,31550
Mershon,georgia,31551
Millwood,georgia,31552
Nahunta,georgia,31553
Nicholls,georgia,31554
Odum,georgia,31555
Offerman,georgia,31556
Patterson,georgia,31557
Saint Marys,georgia,31558
Screven,georgia,31560
Sea Island,georgia,31561
Saint George,georgia,31562
Surrency,georgia,31563
Waverly,georgia,31565
Waynesville,georgia,31566
West Green,georgia,31567
White Oak,georgia,31568
Woodbine,georgia,31569
Valdosta,georgia,31601
Valdosta,georgia,31602
Valdosta,georgia,31605
Valdosta,georgia,31606
Adel,georgia,31620
Alapaha,georgia,31622
Argyle,georgia,31623
Axson,georgia,31624
Barney,georgia,31625
Boston,georgia,31626
Cecil,georgia,31627
Dixie,georgia,31629
Du Pont,georgia,31630
Fargo,georgia,31631
Hahira,georgia,31632
Homerville,georgia,31634
Lakeland,georgia,31635
Lake Park,georgia,31636
Lenox,georgia,31637
Morven,georgia,31638
Nashville,georgia,31639
Naylor,georgia,31641
Pearson,georgia,31642
Quitman,georgia,31643
Ray City,georgia,31645
Sparks,georgia,31647
Statenville,georgia,31648
Stockton,georgia,31649
Willacoochee,georgia,31650
Valdosta,georgia,31698
Moody Afb,georgia,31699
Albany,georgia,31701
Albany,georgia,31705
Albany,georgia,31707
Americus,georgia,31709
Andersonville,georgia,31711
Arabi,georgia,31712
Ashburn,georgia,31714
Baconton,georgia,31716
Americus,georgia,31719
Barwick,georgia,31720
Albany,georgia,31721
Berlin,georgia,31722
Camilla,georgia,31730
Chula,georgia,31733
Cobb,georgia,31735
Coolidge,georgia,31738
De Soto,georgia,31743
Doerun,georgia,31744
Ellenton,georgia,31747
Enigma,georgia,31749
Fitzgerald,georgia,31750
Hartsfield,georgia,31756
Thomasville,georgia,31757
Leesburg,georgia,31763
Leslie,georgia,31764
Meigs,georgia,31765
Moultrie,georgia,31768
Norman Park,georgia,31771
Oakfield,georgia,31772
Ochlocknee,georgia,31773
Ocilla,georgia,31774
Omega,georgia,31775
Pavo,georgia,31778
Pelham,georgia,31779
Plains,georgia,31780
Poulan,georgia,31781
Rebecca,georgia,31783
Sale City,georgia,31784
Smithville,georgia,31787
Moultrie,georgia,31788
Sumner,georgia,31789
Sycamore,georgia,31790
Sylvester,georgia,31791
Thomasville,georgia,31792
Tifton,georgia,31793
Tifton,georgia,31794
Ty Ty,georgia,31795
Warwick,georgia,31796
Wray,georgia,31798
Box Springs,georgia,31801
Buena Vista,georgia,31803
Cataula,georgia,31804
Cusseta,georgia,31805
Ellaville,georgia,31806
Ellerslie,georgia,31807
Fortson,georgia,31808
Geneva,georgia,31810
Hamilton,georgia,31811
Junction City,georgia,31812
Louvale,georgia,31814
Lumpkin,georgia,31815
Manchester,georgia,31816
Midland,georgia,31820
Omaha,georgia,31821
Pine Mountain,georgia,31822
Pine Mountain Valley,georgia,31823
Preston,georgia,31824
Richland,georgia,31825
Shiloh,georgia,31826
Talbotton,georgia,31827
Upatoi,georgia,31829
Warm Springs,georgia,31830
Waverly Hall,georgia,31831
Weston,georgia,31832
West Point,georgia,31833
Woodland,georgia,31836
Columbus,georgia,31901
Columbus,georgia,31903
Columbus,georgia,31904
Fort Benning,georgia,31905
Columbus,georgia,31906
Columbus,georgia,31907
Columbus,georgia,31909
Fleming Island,florida,32003
Branford,florida,32008
Bryceville,florida,32009
Callahan,florida,32011
Lake City,florida,32024
Lake City,florida,32025
Raiford,florida,32026
Elkton,florida,32033
Fernandina Beach,florida,32034
Fort White,florida,32038
Glen Saint Mary,florida,32040
Green Cove Springs,florida,32043
Hampton,florida,32044
Hilliard,florida,32046
Jasper,florida,32052
Jennings,florida,32053
Lake Butler,florida,32054
Lake City,florida,32055
Lawtey,florida,32058
Lee,florida,32059
Live Oak,florida,32060
Lulu,florida,32061
Mc Alpin,florida,32062
Macclenny,florida,32063
Live Oak,florida,32064
Orange Park,florida,32065
Mayo,florida,32066
Middleburg,florida,32068
O Brien,florida,32071
Olustee,florida,32072
Orange Park,florida,32073
Penney Farms,florida,32079
Saint Augustine,florida,32080
Ponte Vedra,florida,32081
Ponte Vedra Beach,florida,32082
Raiford,florida,32083
Saint Augustine,florida,32084
Saint Augustine,florida,32086
Sanderson,florida,32087
Starke,florida,32091
Saint Augustine,florida,32092
Wellborn,florida,32094
Saint Augustine,florida,32095
White Springs,florida,32096
Yulee,florida,32097
Astor,florida,32102
Bunnell,florida,32110
Crescent City,florida,32112
Citra,florida,32113
Daytona Beach,florida,32114
Daytona Beach,florida,32117
Daytona Beach,florida,32118
Daytona Beach,florida,32119
Daytona Beach,florida,32124
Port Orange,florida,32127
Port Orange,florida,32128
Port Orange,florida,32129
De Leon Springs,florida,32130
East Palatka,florida,32131
Edgewater,florida,32132
Eastlake Weir,florida,32133
Fort Mc Coy,florida,32134
Flagler Beach,florida,32136
Palm Coast,florida,32137
Georgetown,florida,32139
Florahome,florida,32140
Edgewater,florida,32141
Hastings,florida,32145
Hollister,florida,32147
Interlachen,florida,32148
Lake Como,florida,32157
Lady Lake,florida,32159
The Villages,florida,32162
Palm Coast,florida,32164
New Smyrna Beach,florida,32168
New Smyrna Beach,florida,32169
Ormond Beach,florida,32174
Ormond Beach,florida,32176
Palatka,florida,32177
Ocklawaha,florida,32179
Pierson,florida,32180
Pomona Park,florida,32181
San Mateo,florida,32187
Satsuma,florida,32189
Seville,florida,32190
Welaka,florida,32193
Weirsdale,florida,32195
Jacksonville,florida,32202
Jacksonville,florida,32204
Jacksonville,florida,32205
Jacksonville,florida,32206
Jacksonville,florida,32207
Jacksonville,florida,32208
Jacksonville,florida,32209
Jacksonville,florida,32210
Jacksonville,florida,32211
Jacksonville,florida,32212
Jacksonville,florida,32216
Jacksonville,florida,32217
Jacksonville,florida,32218
Jacksonville,florida,32219
Jacksonville,florida,32220
Jacksonville,florida,32221
Jacksonville,florida,32222
Jacksonville,florida,32223
Jacksonville,florida,32224
Jacksonville,florida,32225
Jacksonville,florida,32226
Jacksonville,florida,32227
Jacksonville,florida,32228
Atlantic Beach,florida,32233
Jacksonville,florida,32234
Jacksonville,florida,32244
Jacksonville,florida,32246
Jacksonville Beach,florida,32250
Jacksonville,florida,32254
Jacksonville,florida,32256
Jacksonville,florida,32257
Jacksonville,florida,32258
Saint Johns,florida,32259
Neptune Beach,florida,32266
Jacksonville,florida,32277
Tallahassee,florida,32301
Tallahassee,florida,32303
Tallahassee,florida,32304
Tallahassee,florida,32305
Tallahassee,florida,32308
Tallahassee,florida,32309
Tallahassee,florida,32310
Tallahassee,florida,32311
Tallahassee,florida,32312
Tallahassee,florida,32317
Apalachicola,florida,32320
Bristol,florida,32321
Carrabelle,florida,32322
Lanark Village,florida,32323
Chattahoochee,florida,32324
Crawfordville,florida,32327
Eastpoint,florida,32328
Greensboro,florida,32330
Greenville,florida,32331
Gretna,florida,32332
Havana,florida,32333
Hosford,florida,32334
Lamont,florida,32336
Madison,florida,32340
Midway,florida,32343
Monticello,florida,32344
Panacea,florida,32346
Perry,florida,32347
Perry,florida,32348
Pinetta,florida,32350
Quincy,florida,32351
Quincy,florida,32352
Saint Marks,florida,32355
Salem,florida,32356
Sopchoppy,florida,32358
Steinhatchee,florida,32359
Wacissa,florida,32361
Tallahassee,florida,32399
Panama City,florida,32401
Panama City,florida,32403
Panama City,florida,32404
Panama City,florida,32405
Panama City Beach,florida,32407
Panama City,florida,32408
Panama City,florida,32409
Mexico Beach,florida,32410
Panama City Beach,florida,32413
Alford,florida,32420
Altha,florida,32421
Bascom,florida,32423
Blountstown,florida,32424
Bonifay,florida,32425
Campbellton,florida,32426
Caryville,florida,32427
Chipley,florida,32428
Clarksville,florida,32430
Cottondale,florida,32431
Cypress,florida,32432
Defuniak Springs,florida,32433
Defuniak Springs,florida,32435
Ebro,florida,32437
Fountain,florida,32438
Freeport,florida,32439
Graceville,florida,32440
Grand Ridge,florida,32442
Greenwood,florida,32443
Lynn Haven,florida,32444
Malone,florida,32445
Marianna,florida,32446
Marianna,florida,32447
Marianna,florida,32448
Wewahitchka,florida,32449
Ponce De Leon,florida,32455
Port Saint Joe,florida,32456
Santa Rosa Beach,florida,32459
Sneads,florida,32460
Inlet Beach,florida,32461
Vernon,florida,32462
Wausau,florida,32463
Westville,florida,32464
Wewahitchka,florida,32465
Youngstown,florida,32466
Pensacola,florida,32501
Pensacola,florida,32502
Pensacola,florida,32503
Pensacola,florida,32504
Pensacola,florida,32505
Pensacola,florida,32506
Pensacola,florida,32507
Pensacola,florida,32508
Pensacola,florida,32509
Pensacola,florida,32511
Pensacola,florida,32514
Pensacola,florida,32526
Bagdad,florida,32530
Baker,florida,32531
Cantonment,florida,32533
Pensacola,florida,32534
Century,florida,32535
Crestview,florida,32536
Crestview,florida,32539
Destin,florida,32541
Eglin Afb,florida,32542
Hurlburt Field,florida,32544
Fort Walton Beach,florida,32547
Fort Walton Beach,florida,32548
Miramar Beach,florida,32550
Gulf Breeze,florida,32561
Gulf Breeze,florida,32563
Holt,florida,32564
Jay,florida,32565
Navarre,florida,32566
Laurel Hill,florida,32567
Mc David,florida,32568
Mary Esther,florida,32569
Milton,florida,32570
Milton,florida,32571
Molino,florida,32577
Niceville,florida,32578
Shalimar,florida,32579
Valparaiso,florida,32580
Milton,florida,32583
Gainesville,florida,32601
Gainesville,florida,32603
Gainesville,florida,32605
Gainesville,florida,32606
Gainesville,florida,32607
Gainesville,florida,32608
Gainesville,florida,32609
Gainesville,florida,32612
Alachua,florida,32615
Alachua,florida,32616
Anthony,florida,32617
Archer,florida,32618
Bell,florida,32619
Bronson,florida,32621
Brooker,florida,32622
Cedar Key,florida,32625
Chiefland,florida,32626
Cross City,florida,32628
Earleton,florida,32631
Gulf Hammock,florida,32639
Hawthorne,florida,32640
Gainesville,florida,32641
High Springs,florida,32643
Horseshoe Beach,florida,32648
Gainesville,florida,32653
Keystone Heights,florida,32656
La Crosse,florida,32658
Mc Intosh,florida,32664
Melrose,florida,32666
Micanopy,florida,32667
Morriston,florida,32668
Newberry,florida,32669
Old Town,florida,32680
Orange Lake,florida,32681
Otter Creek,florida,32683
Reddick,florida,32686
Suwannee,florida,32692
Trenton,florida,32693
Waldo,florida,32694
Williston,florida,32696
Worthington Springs,florida,32697
Altamonte Springs,florida,32701
Altoona,florida,32702
Apopka,florida,32703
Casselberry,florida,32707
Winter Springs,florida,32708
Christmas,florida,32709
Apopka,florida,32712
Debary,florida,32713
Altamonte Springs,florida,32714
Deland,florida,32720
Deland,florida,32724
Deltona,florida,32725
Eustis,florida,32726
Casselberry,florida,32730
Geneva,florida,32732
Grand Island,florida,32735
Eustis,florida,32736
Deltona,florida,32738
Lake Helen,florida,32744
Lake Mary,florida,32746
Longwood,florida,32750
Maitland,florida,32751
Mims,florida,32754
Mount Dora,florida,32757
Oak Hill,florida,32759
Orange City,florida,32763
Osteen,florida,32764
Oviedo,florida,32765
Oviedo,florida,32766
Paisley,florida,32767
Sanford,florida,32771
Sanford,florida,32773
Sorrento,florida,32776
Tavares,florida,32778
Longwood,florida,32779
Titusville,florida,32780
Umatilla,florida,32784
Winter Park,florida,32789
Winter Park,florida,32792
Titusville,florida,32796
Zellwood,florida,32798
Orlando,florida,32801
Orlando,florida,32803
Orlando,florida,32804
Orlando,florida,32805
Orlando,florida,32806
Orlando,florida,32807
Orlando,florida,32808
Orlando,florida,32809
Orlando,florida,32810
Orlando,florida,32811
Orlando,florida,32812
Orlando,florida,32814
Orlando,florida,32817
Orlando,florida,32818
Orlando,florida,32819
Orlando,florida,32820
Orlando,florida,32821
Orlando,florida,32822
Orlando,florida,32824
Orlando,florida,32825
Orlando,florida,32826
Orlando,florida,32827
Orlando,florida,32828
Orlando,florida,32829
Orlando,florida,32830
Orlando,florida,32831
Orlando,florida,32832
Orlando,florida,32833
Orlando,florida,32835
Orlando,florida,32836
Orlando,florida,32837
Orlando,florida,32839
Melbourne,florida,32901
Indialantic,florida,32903
Melbourne,florida,32904
Palm Bay,florida,32905
Palm Bay,florida,32907
Palm Bay,florida,32908
Palm Bay,florida,32909
Cape Canaveral,florida,32920
Cocoa,florida,32922
Patrick Afb,florida,32925
Cocoa,florida,32926
Cocoa,florida,32927
Cocoa Beach,florida,32931
Melbourne,florida,32934
Melbourne,florida,32935
Satellite Beach,florida,32937
Melbourne,florida,32940
Fellsmere,florida,32948
Grant,florida,32949
Malabar,florida,32950
Melbourne Beach,florida,32951
Merritt Island,florida,32952
Merritt Island,florida,32953
Rockledge,florida,32955
Sebastian,florida,32958
Vero Beach,florida,32960
Vero Beach,florida,32962
Vero Beach,florida,32963
Vero Beach,florida,32966
Vero Beach,florida,32967
Vero Beach,florida,32968
Wabasso,florida,32970
Sebastian,florida,32976
Long Key,florida,33001
Dania,florida,33004
Hallandale,florida,33009
Hialeah,florida,33010
Hialeah,florida,33012
Hialeah,florida,33013
Hialeah,florida,33014
Hialeah,florida,33015
Hialeah,florida,33016
Hialeah,florida,33018
Hollywood,florida,33019
Hollywood,florida,33020
Hollywood,florida,33021
Hollywood,florida,33023
Hollywood,florida,33024
Hollywood,florida,33025
Hollywood,florida,33026
Hollywood,florida,33027
Pembroke Pines,florida,33028
Hollywood,florida,33029
Homestead,florida,33030
Homestead,florida,33031
Homestead,florida,33032
Homestead,florida,33033
Homestead,florida,33034
Homestead,florida,33035
Islamorada,florida,33036
Key Largo,florida,33037
Homestead,florida,33039
Key West,florida,33040
Summerland Key,florida,33042
Big Pine Key,florida,33043
Marathon,florida,33050
Key Colony Beach,florida,33051
Opa Locka,florida,33054
Opa Locka,florida,33055
Miami Gardens,florida,33056
Pompano Beach,florida,33060
Pompano Beach,florida,33062
Pompano Beach,florida,33063
Pompano Beach,florida,33064
Coral Springs,florida,33065
Pompano Beach,florida,33066
Pompano Beach,florida,33067
Pompano Beach,florida,33068
Pompano Beach,florida,33069
Tavernier,florida,33070
Coral Springs,florida,33071
Pompano Beach,florida,33073
Pompano Beach,florida,33076
Miami,florida,33101
Miami Beach,florida,33109
Miami,florida,33122
Miami,florida,33125
Miami,florida,33126
Miami,florida,33127
Miami,florida,33128
Miami,florida,33129
Miami,florida,33130
Miami,florida,33131
Miami,florida,33132
Miami,florida,33133
Miami,florida,33134
Miami,florida,33135
Miami,florida,33136
Miami,florida,33137
Miami,florida,33138
Miami Beach,florida,33139
Miami Beach,florida,33140
Miami Beach,florida,33141
Miami,florida,33142
Miami,florida,33143
Miami,florida,33144
Miami,florida,33145
Miami,florida,33146
Miami,florida,33147
Key Biscayne,florida,33149
Miami,florida,33150
Miami Beach,florida,33154
Miami,florida,33155
Miami,florida,33156
Miami,florida,33157
Miami,florida,33158
North Miami Beach,florida,33160
Miami,florida,33161
Miami,florida,33162
Miami,florida,33165
Miami,florida,33166
Miami,florida,33167
Miami,florida,33168
Miami,florida,33169
Miami,florida,33170
Miami,florida,33172
Miami,florida,33173
Miami,florida,33174
Miami,florida,33175
Miami,florida,33176
Miami,florida,33177
Miami,florida,33178
Miami,florida,33179
Miami,florida,33180
Miami,florida,33181
Miami,florida,33182
Miami,florida,33183
Miami,florida,33184
Miami,florida,33185
Miami,florida,33186
Miami,florida,33187
Miami,florida,33189
Miami,florida,33190
Miami,florida,33193
Miami,florida,33194
Miami,florida,33196
Fort Lauderdale,florida,33301
Fort Lauderdale,florida,33304
Fort Lauderdale,florida,33305
Fort Lauderdale,florida,33306
Fort Lauderdale,florida,33308
Fort Lauderdale,florida,33309
Fort Lauderdale,florida,33311
Fort Lauderdale,florida,33312
Fort Lauderdale,florida,33313
Fort Lauderdale,florida,33314
Fort Lauderdale,florida,33315
Fort Lauderdale,florida,33316
Fort Lauderdale,florida,33317
Fort Lauderdale,florida,33319
Fort Lauderdale,florida,33321
Fort Lauderdale,florida,33322
Fort Lauderdale,florida,33323
Fort Lauderdale,florida,33324
Fort Lauderdale,florida,33325
Fort Lauderdale,florida,33326
Fort Lauderdale,florida,33327
Fort Lauderdale,florida,33328
Fort Lauderdale,florida,33330
Fort Lauderdale,florida,33331
Fort Lauderdale,florida,33332
Fort Lauderdale,florida,33334
Fort Lauderdale,florida,33351
West Palm Beach,florida,33401
West Palm Beach,florida,33403
West Palm Beach,florida,33404
West Palm Beach,florida,33405
West Palm Beach,florida,33406
West Palm Beach,florida,33407
North Palm Beach,florida,33408
West Palm Beach,florida,33409
Palm Beach Gardens,florida,33410
West Palm Beach,florida,33411
West Palm Beach,florida,33412
West Palm Beach,florida,33413
Wellington,florida,33414
West Palm Beach,florida,33415
West Palm Beach,florida,33417
Palm Beach Gardens,florida,33418
Boynton Beach,florida,33426
Boca Raton,florida,33428
Belle Glade,florida,33430
Boca Raton,florida,33431
Boca Raton,florida,33432
Boca Raton,florida,33433
Boca Raton,florida,33434
Boynton Beach,florida,33435
Boynton Beach,florida,33436
Boynton Beach,florida,33437
Canal Point,florida,33438
Clewiston,florida,33440
Deerfield Beach,florida,33441
Deerfield Beach,florida,33442
Delray Beach,florida,33444
Delray Beach,florida,33445
Delray Beach,florida,33446
Lake Worth,florida,33449
Hobe Sound,florida,33455
Jupiter,florida,33458
Lake Worth Beach,florida,33460
Lake Worth,florida,33461
Lake Worth,florida,33462
Lake Worth,florida,33463
Lake Worth,florida,33467
Jupiter,florida,33469
Loxahatchee,florida,33470
Moore Haven,florida,33471
Boynton Beach,florida,33472
Boynton Beach,florida,33473
Pahokee,florida,33476
Jupiter,florida,33477
Jupiter,florida,33478
Palm Beach,florida,33480
Delray Beach,florida,33483
Delray Beach,florida,33484
Boca Raton,florida,33486
Boca Raton,florida,33487
South Bay,florida,33493
Boca Raton,florida,33496
Boca Raton,florida,33498
Balm,florida,33503
Brandon,florida,33510
Brandon,florida,33511
Bushnell,florida,33513
Center Hill,florida,33514
Coleman,florida,33521
Dade City,florida,33523
Dade City,florida,33525
Dover,florida,33527
Gibsonton,florida,33534
Lake Panasoffkee,florida,33538
Zephyrhills,florida,33540
Zephyrhills,florida,33541
Zephyrhills,florida,33542
Wesley Chapel,florida,33543
Wesley Chapel,florida,33544
Wesley Chapel,florida,33545
Lithia,florida,33547
Lutz,florida,33548
Lutz,florida,33549
Odessa,florida,33556
Lutz,florida,33558
Lutz,florida,33559
Plant City,florida,33563
Plant City,florida,33565
Plant City,florida,33566
Plant City,florida,33567
Riverview,florida,33569
Ruskin,florida,33570
Apollo Beach,florida,33572
Sun City Center,florida,33573
San Antonio,florida,33576
Riverview,florida,33578
Riverview,florida,33579
Seffner,florida,33584
Sumterville,florida,33585
Thonotosassa,florida,33592
Valrico,florida,33594
Valrico,florida,33596
Webster,florida,33597
Wimauma,florida,33598
Tampa,florida,33602
Tampa,florida,33603
Tampa,florida,33604
Tampa,florida,33605
Tampa,florida,33606
Tampa,florida,33607
Tampa,florida,33609
Tampa,florida,33610
Tampa,florida,33611
Tampa,florida,33612
Tampa,florida,33613
Tampa,florida,33614
Tampa,florida,33615
Tampa,florida,33616
Tampa,florida,33617
Tampa,florida,33618
Tampa,florida,33619
Tampa,florida,33620
Tampa,florida,33621
Tampa,florida,33624
Tampa,florida,33625
Tampa,florida,33626
Tampa,florida,33629
Tampa,florida,33634
Tampa,florida,33635
Tampa,florida,33637
Tampa,florida,33647
Saint Petersburg,florida,33701
Saint Petersburg,florida,33702
Saint Petersburg,florida,33703
Saint Petersburg,florida,33704
Saint Petersburg,florida,33705
Saint Petersburg,florida,33706
Saint Petersburg,florida,33707
Saint Petersburg,florida,33708
Saint Petersburg,florida,33709
Saint Petersburg,florida,33710
Saint Petersburg,florida,33711
Saint Petersburg,florida,33712
Saint Petersburg,florida,33713
Saint Petersburg,florida,33714
Saint Petersburg,florida,33715
Saint Petersburg,florida,33716
Bay Pines,florida,33744
Clearwater,florida,33755
Clearwater,florida,33756
Clearwater,florida,33759
Clearwater,florida,33760
Clearwater,florida,33761
Clearwater,florida,33762
Clearwater,florida,33763
Clearwater,florida,33764
Clearwater,florida,33765
Clearwater Beach,florida,33767
Largo,florida,33770
Largo,florida,33771
Seminole,florida,33772
Largo,florida,33773
Largo,florida,33774
Seminole,florida,33776
Seminole,florida,33777
Largo,florida,33778
Pinellas Park,florida,33781
Pinellas Park,florida,33782
Indian Rocks Beach,florida,33785
Belleair Beach,florida,33786
Lakeland,florida,33801
Lakeland,florida,33803
Lakeland,florida,33805
Lakeland,florida,33809
Lakeland,florida,33810
Lakeland,florida,33811
Lakeland,florida,33812
Lakeland,florida,33813
Lakeland,florida,33815
Auburndale,florida,33823
Avon Park,florida,33825
Babson Park,florida,33827
Bartow,florida,33830
Bowling Green,florida,33834
Davenport,florida,33837
Dundee,florida,33838
Eagle Lake,florida,33839
Fort Meade,florida,33841
Frostproof,florida,33843
Haines City,florida,33844
Homeland,florida,33847
Intercession City,florida,33848
Kathleen,florida,33849
Lake Alfred,florida,33850
Lake Hamilton,florida,33851
Lake Placid,florida,33852
Lake Wales,florida,33853
Lakeshore,florida,33854
Indian Lake Estates,florida,33855
Nalcrest,florida,33856
Lorida,florida,33857
Lake Wales,florida,33859
Mulberry,florida,33860
Ona,florida,33865
River Ranch,florida,33867
Polk City,florida,33868
Sebring,florida,33870
Sebring,florida,33872
Wauchula,florida,33873
Sebring,florida,33875
Sebring,florida,33876
Waverly,florida,33877
Winter Haven,florida,33880
Winter Haven,florida,33881
Winter Haven,florida,33884
Zolfo Springs,florida,33890
Davenport,florida,33896
Davenport,florida,33897
Lake Wales,florida,33898
Fort Myers,florida,33901
North Fort Myers,florida,33903
Cape Coral,florida,33904
Fort Myers,florida,33905
Fort Myers,florida,33907
Fort Myers,florida,33908
Cape Coral,florida,33909
Fort Myers,florida,33912
Fort Myers,florida,33913
Cape Coral,florida,33914
Fort Myers,florida,33916
North Fort Myers,florida,33917
Fort Myers,florida,33919
Alva,florida,33920
Boca Grande,florida,33921
Bokeelia,florida,33922
Captiva,florida,33924
Estero,florida,33928
Felda,florida,33930
Fort Myers Beach,florida,33931
Labelle,florida,33935
Lehigh Acres,florida,33936
Palmdale,florida,33944
Pineland,florida,33945
Placida,florida,33946
Rotonda West,florida,33947
Port Charlotte,florida,33948
Punta Gorda,florida,33950
Port Charlotte,florida,33952
Port Charlotte,florida,33953
Port Charlotte,florida,33954
Punta Gorda,florida,33955
Saint James City,florida,33956
Sanibel,florida,33957
Venus,florida,33960
Fort Myers,florida,33965
Fort Myers,florida,33966
Fort Myers,florida,33967
Lehigh Acres,florida,33971
Lehigh Acres,florida,33972
Lehigh Acres,florida,33973
Lehigh Acres,florida,33974
Lehigh Acres,florida,33976
Punta Gorda,florida,33980
Port Charlotte,florida,33981
Punta Gorda,florida,33982
Punta Gorda,florida,33983
Cape Coral,florida,33990
Cape Coral,florida,33991
Cape Coral,florida,33993
Naples,florida,34101
Naples,florida,34102
Naples,florida,34103
Naples,florida,34104
Naples,florida,34105
Naples,florida,34108
Naples,florida,34109
Naples,florida,34110
Naples,florida,34112
Naples,florida,34113
Naples,florida,34114
Naples,florida,34116
Naples,florida,34117
Naples,florida,34119
Naples,florida,34120
Bonita Springs,florida,34134
Bonita Springs,florida,34135
Copeland,florida,34137
Chokoloskee,florida,34138
Everglades City,florida,34139
Goodland,florida,34140
Ochopee,florida,34141
Immokalee,florida,34142
Marco Island,florida,34145
Bradenton,florida,34201
Bradenton,florida,34202
Bradenton,florida,34203
Bradenton,florida,34205
Bradenton,florida,34207
Bradenton,florida,34208
Bradenton,florida,34209
Bradenton,florida,34210
Bradenton,florida,34211
Bradenton,florida,34212
Cortez,florida,34215
Anna Maria,florida,34216
Bradenton Beach,florida,34217
Parrish,florida,34219
Palmetto,florida,34221
Ellenton,florida,34222
Englewood,florida,34223
Englewood,florida,34224
Longboat Key,florida,34228
Osprey,florida,34229
Sarasota,florida,34231
Sarasota,florida,34232
Sarasota,florida,34233
Sarasota,florida,34234
Sarasota,florida,34235
Sarasota,florida,34236
Sarasota,florida,34237
Sarasota,florida,34238
Sarasota,florida,34239
Sarasota,florida,34240
Sarasota,florida,34241
Sarasota,florida,34242
Sarasota,florida,34243
Myakka City,florida,34251
Arcadia,florida,34266
Nocatee,florida,34268
Arcadia,florida,34269
Nokomis,florida,34275
Venice,florida,34285
North Port,florida,34286
North Port,florida,34287
North Port,florida,34288
North Port,florida,34289
North Port,florida,34291
Venice,florida,34292
Venice,florida,34293
Belleview,florida,34420
Crystal River,florida,34428
Crystal River,florida,34429
Dunnellon,florida,34431
Dunnellon,florida,34432
Dunnellon,florida,34433
Dunnellon,florida,34434
Floral City,florida,34436
Hernando,florida,34442
Holder,florida,34445
Homosassa,florida,34446
Homosassa,florida,34448
Inglis,florida,34449
Inverness,florida,34450
Inverness,florida,34452
Inverness,florida,34453
Lecanto,florida,34461
Beverly Hills,florida,34465
Ocala,florida,34470
Ocala,florida,34471
Ocala,florida,34472
Ocala,florida,34473
Ocala,florida,34474
Ocala,florida,34475
Ocala,florida,34476
Ocala,florida,34479
Ocala,florida,34480
Ocala,florida,34481
Ocala,florida,34482
Oxford,florida,34484
Silver Springs,florida,34488
Summerfield,florida,34491
Yankeetown,florida,34498
Brooksville,florida,34601
Brooksville,florida,34602
Brooksville,florida,34604
Spring Hill,florida,34606
Spring Hill,florida,34607
Spring Hill,florida,34608
Spring Hill,florida,34609
Spring Hill,florida,34610
Brooksville,florida,34613
Brooksville,florida,34614
Land O Lakes,florida,34637
Land O Lakes,florida,34638
Land O Lakes,florida,34639
New Port Richey,florida,34652
New Port Richey,florida,34653
New Port Richey,florida,34654
New Port Richey,florida,34655
Nobleton,florida,34661
Hudson,florida,34667
Port Richey,florida,34668
Hudson,florida,34669
Oldsmar,florida,34677
Aripeka,florida,34679
Crystal Beach,florida,34681
Palm Harbor,florida,34683
Palm Harbor,florida,34684
Palm Harbor,florida,34685
Tarpon Springs,florida,34688
Tarpon Springs,florida,34689
Holiday,florida,34690
Holiday,florida,34691
Safety Harbor,florida,34695
Dunedin,florida,34698
Astatula,florida,34705
Clermont,florida,34711
Clermont,florida,34714
Clermont,florida,34715
Fruitland Park,florida,34731
Gotha,florida,34734
Groveland,florida,34736
Howey In The Hills,florida,34737
Kenansville,florida,34739
Kissimmee,florida,34741
Kissimmee,florida,34743
Kissimmee,florida,34744
Kissimmee,florida,34746
Kissimmee,florida,34747
Leesburg,florida,34748
Mascotte,florida,34753
Montverde,florida,34756
Kissimmee,florida,34758
Kissimmee,florida,34759
Oakland,florida,34760
Ocoee,florida,34761
Okahumpka,florida,34762
Saint Cloud,florida,34769
Saint Cloud,florida,34771
Saint Cloud,florida,34772
Saint Cloud,florida,34773
Wildwood,florida,34785
Windermere,florida,34786
Winter Garden,florida,34787
Leesburg,florida,34788
Yalaha,florida,34797
Fort Pierce,florida,34945
Fort Pierce,florida,34946
Fort Pierce,florida,34947
Fort Pierce,florida,34949
Fort Pierce,florida,34950
Fort Pierce,florida,34951
Port Saint Lucie,florida,34952
Port Saint Lucie,florida,34953
Indiantown,florida,34956
Jensen Beach,florida,34957
Okeechobee,florida,34972
Okeechobee,florida,34974
Fort Pierce,florida,34981
Fort Pierce,florida,34982
Port Saint Lucie,florida,34983
Port Saint Lucie,florida,34984
Port Saint Lucie,florida,34986
Port Saint Lucie,florida,34987
Palm City,florida,34990
Stuart,florida,34994
Stuart,florida,34996
Stuart,florida,34997
Moody,alabama,35004
Adamsville,alabama,35005
Adger,alabama,35006
Alabaster,alabama,35007
Alexander City,alabama,35010
Allgood,alabama,35013
Alpine,alabama,35014
Arab,alabama,35016
Baileyton,alabama,35019
Bessemer,alabama,35020
Bessemer,alabama,35022
Bessemer,alabama,35023
Blountsville,alabama,35031
Bon Air,alabama,35032
Bremen,alabama,35033
Brent,alabama,35034
Brierfield,alabama,35035
Brookside,alabama,35036
Calera,alabama,35040
Centreville,alabama,35042
Chelsea,alabama,35043
Childersburg,alabama,35044
Clanton,alabama,35045
Clanton,alabama,35046
Cleveland,alabama,35049
Columbiana,alabama,35051
Cook Springs,alabama,35052
Crane Hill,alabama,35053
Cropwell,alabama,35054
Cullman,alabama,35055
Cullman,alabama,35057
Cullman,alabama,35058
Docena,alabama,35060
Dolomite,alabama,35061
Dora,alabama,35062
Empire,alabama,35063
Fairfield,alabama,35064
Fultondale,alabama,35068
Garden City,alabama,35070
Gardendale,alabama,35071
Goodwater,alabama,35072
Graysville,alabama,35073
Green Pond,alabama,35074
Hanceville,alabama,35077
Harpersville,alabama,35078
Hayden,alabama,35079
Helena,alabama,35080
Hollins,alabama,35082
Holly Pond,alabama,35083
Jemison,alabama,35085
Joppa,alabama,35087
Kellyton,alabama,35089
Kimberly,alabama,35091
Leeds,alabama,35094
Lincoln,alabama,35096
Locust Fork,alabama,35097
Logan,alabama,35098
Mc Calla,alabama,35111
Margaret,alabama,35112
Alabaster,alabama,35114
Montevallo,alabama,35115
Morris,alabama,35116
Mount Olive,alabama,35117
Mulga,alabama,35118
New Castle,alabama,35119
Odenville,alabama,35120
Oneonta,alabama,35121
Pelham,alabama,35124
Pell City,alabama,35125
Pinson,alabama,35126
Pleasant Grove,alabama,35127
Pell City,alabama,35128
Quinton,alabama,35130
Ragland,alabama,35131
Remlap,alabama,35133
Riverside,alabama,35135
Rockford,alabama,35136
Sayre,alabama,35139
Shelby,alabama,35143
Springville,alabama,35146
Sterrett,alabama,35147
Sumiton,alabama,35148
Sycamore,alabama,35149
Sylacauga,alabama,35150
Sylacauga,alabama,35151
Talladega,alabama,35160
Thorsby,alabama,35171
Trafford,alabama,35172
Trussville,alabama,35173
Union Grove,alabama,35175
Vandiver,alabama,35176
Vincent,alabama,35178
Vinemont,alabama,35179
Warrior,alabama,35180
Weogufka,alabama,35183
West Blocton,alabama,35184
Wilsonville,alabama,35186
Wilton,alabama,35187
Woodstock,alabama,35188
Birmingham,alabama,35203
Birmingham,alabama,35204
Birmingham,alabama,35205
Birmingham,alabama,35206
Birmingham,alabama,35207
Birmingham,alabama,35208
Birmingham,alabama,35209
Birmingham,alabama,35210
Birmingham,alabama,35211
Birmingham,alabama,35212
Birmingham,alabama,35213
Birmingham,alabama,35214
Birmingham,alabama,35215
Birmingham,alabama,35216
Birmingham,alabama,35217
Birmingham,alabama,35218
Birmingham,alabama,35221
Birmingham,alabama,35222
Birmingham,alabama,35223
Birmingham,alabama,35224
Birmingham,alabama,35226
Birmingham,alabama,35228
Birmingham,alabama,35229
Birmingham,alabama,35233
Birmingham,alabama,35234
Birmingham,alabama,35235
Birmingham,alabama,35242
Birmingham,alabama,35243
Birmingham,alabama,35244
Birmingham,alabama,35254
Tuscaloosa,alabama,35401
Tuscaloosa,alabama,35404
Tuscaloosa,alabama,35405
Tuscaloosa,alabama,35406
Akron,alabama,35441
Aliceville,alabama,35442
Boligee,alabama,35443
Brookwood,alabama,35444
Buhl,alabama,35446
Carrollton,alabama,35447
Coker,alabama,35452
Cottondale,alabama,35453
Duncanville,alabama,35456
Echola,alabama,35457
Elrod,alabama,35458
Emelle,alabama,35459
Epes,alabama,35460
Ethelsville,alabama,35461
Eutaw,alabama,35462
Fosters,alabama,35463
Gainesville,alabama,35464
Gordo,alabama,35466
Knoxville,alabama,35469
Livingston,alabama,35470
Northport,alabama,35473
Moundville,alabama,35474
Northport,alabama,35475
Northport,alabama,35476
Panola,alabama,35477
Ralph,alabama,35480
Reform,alabama,35481
Vance,alabama,35490
Jasper,alabama,35501
Jasper,alabama,35503
Jasper,alabama,35504
Addison,alabama,35540
Arley,alabama,35541
Bankston,alabama,35542
Bear Creek,alabama,35543
Beaverton,alabama,35544
Belk,alabama,35545
Berry,alabama,35546
Brilliant,alabama,35548
Carbon Hill,alabama,35549
Cordova,alabama,35550
Detroit,alabama,35552
Double Springs,alabama,35553
Eldridge,alabama,35554
Fayette,alabama,35555
Glen Allen,alabama,35559
Guin,alabama,35563
Hackleburg,alabama,35564
Haleyville,alabama,35565
Hamilton,alabama,35570
Hodges,alabama,35571
Houston,alabama,35572
Kennedy,alabama,35574
Lynn,alabama,35575
Millport,alabama,35576
Natural Bridge,alabama,35577
Nauvoo,alabama,35578
Oakman,alabama,35579
Parrish,alabama,35580
Phil Campbell,alabama,35581
Red Bay,alabama,35582
Sipsey,alabama,35584
Spruce Pine,alabama,35585
Sulligent,alabama,35586
Townley,alabama,35587
Vernon,alabama,35592
Vina,alabama,35593
Winfield,alabama,35594
Decatur,alabama,35601
Decatur,alabama,35603
Anderson,alabama,35610
Athens,alabama,35611
Athens,alabama,35613
Athens,alabama,35614
Belle Mina,alabama,35615
Cherokee,alabama,35616
Courtland,alabama,35618
Danville,alabama,35619
Elkmont,alabama,35620
Eva,alabama,35621
Falkville,alabama,35622
Florence,alabama,35630
Florence,alabama,35633
Florence,alabama,35634
Hartselle,alabama,35640
Hillsboro,alabama,35643
Killen,alabama,35645
Leighton,alabama,35646
Lester,alabama,35647
Lexington,alabama,35648
Mooresville,alabama,35649
Moulton,alabama,35650
Mount Hope,alabama,35651
Rogersville,alabama,35652
Russellville,alabama,35653
Russellville,alabama,35654
Sheffield,alabama,35660
Muscle Shoals,alabama,35661
Somerville,alabama,35670
Tanner,alabama,35671
Town Creek,alabama,35672
Trinity,alabama,35673
Tuscumbia,alabama,35674
Waterloo,alabama,35677
Ardmore,alabama,35739
Bridgeport,alabama,35740
Brownsboro,alabama,35741
Dutton,alabama,35744
Estillfork,alabama,35745
Fackler,alabama,35746
Grant,alabama,35747
Gurley,alabama,35748
Harvest,alabama,35749
Hazel Green,alabama,35750
Hollytree,alabama,35751
Hollywood,alabama,35752
Laceys Spring,alabama,35754
Langston,alabama,35755
Madison,alabama,35756
Madison,alabama,35757
Madison,alabama,35758
Meridianville,alabama,35759
New Hope,alabama,35760
New Market,alabama,35761
Owens Cross Roads,alabama,35763
Paint Rock,alabama,35764
Pisgah,alabama,35765
Princeton,alabama,35766
Scottsboro,alabama,35768
Scottsboro,alabama,35769
Section,alabama,35771
Stevenson,alabama,35772
Toney,alabama,35773
Trenton,alabama,35774
Valhermoso Springs,alabama,35775
Woodville,alabama,35776
Huntsville,alabama,35801
Huntsville,alabama,35802
Huntsville,alabama,35803
Huntsville,alabama,35805
Huntsville,alabama,35806
Huntsville,alabama,35808
Huntsville,alabama,35810
Huntsville,alabama,35811
Huntsville,alabama,35816
Huntsville,alabama,35824
Huntsville,alabama,35896
Gadsden,alabama,35901
Gadsden,alabama,35903
Gadsden,alabama,35904
Gadsden,alabama,35905
Rainbow City,alabama,35906
Gadsden,alabama,35907
Albertville,alabama,35950
Albertville,alabama,35951
Altoona,alabama,35952
Ashville,alabama,35953
Attalla,alabama,35954
Boaz,alabama,35956
Boaz,alabama,35957
Bryant,alabama,35958
Cedar Bluff,alabama,35959
Centre,alabama,35960
Collinsville,alabama,35961
Crossville,alabama,35962
Dawson,alabama,35963
Flat Rock,alabama,35966
Fort Payne,alabama,35967
Fort Payne,alabama,35968
Fyffe,alabama,35971
Gallant,alabama,35972
Gaylesville,alabama,35973
Geraldine,alabama,35974
Groveoak,alabama,35975
Guntersville,alabama,35976
Henagar,alabama,35978
Higdon,alabama,35979
Horton,alabama,35980
Ider,alabama,35981
Leesburg,alabama,35983
Mentone,alabama,35984
Rainsville,alabama,35986
Steele,alabama,35987
Sylvania,alabama,35988
Valley Head,alabama,35989
Walnut Grove,alabama,35990
Autaugaville,alabama,36003
Banks,alabama,36005
Billingsley,alabama,36006
Brantley,alabama,36009
Brundidge,alabama,36010
Cecil,alabama,36013
Clayton,alabama,36016
Clio,alabama,36017
Coosada,alabama,36020
Deatsville,alabama,36022
Eclectic,alabama,36024
Elmore,alabama,36025
Equality,alabama,36026
Eufaula,alabama,36027
Dozier,alabama,36028
Fitzpatrick,alabama,36029
Forest Home,alabama,36030
Fort Davis,alabama,36031
Fort Deposit,alabama,36032
Georgiana,alabama,36033
Glenwood,alabama,36034
Goshen,alabama,36035
Grady,alabama,36036
Greenville,alabama,36037
Gantt,alabama,36038
Hardaway,alabama,36039
Hayneville,alabama,36040
Highland Home,alabama,36041
Honoraville,alabama,36042
Hope Hull,alabama,36043
Lapine,alabama,36046
Letohatchee,alabama,36047
Louisville,alabama,36048
Luverne,alabama,36049
Marbury,alabama,36051
Mathews,alabama,36052
Midway,alabama,36053
Millbrook,alabama,36054
Pike Road,alabama,36064
Prattville,alabama,36066
Prattville,alabama,36067
Ramer,alabama,36069
Rutledge,alabama,36071
Shorter,alabama,36075
Tallassee,alabama,36078
Troy,alabama,36079
Titus,alabama,36080
Troy,alabama,36081
Troy,alabama,36082
Tuskegee,alabama,36083
Tuskegee Institute,alabama,36088
Union Springs,alabama,36089
Verbena,alabama,36091
Wetumpka,alabama,36092
Wetumpka,alabama,36093
Montgomery,alabama,36104
Montgomery,alabama,36105
Montgomery,alabama,36106
Montgomery,alabama,36107
Montgomery,alabama,36108
Montgomery,alabama,36109
Montgomery,alabama,36110
Montgomery,alabama,36111
Montgomery,alabama,36112
Montgomery,alabama,36113
Montgomery,alabama,36115
Montgomery,alabama,36116
Montgomery,alabama,36117
Anniston,alabama,36201
Oxford,alabama,36203
Anniston,alabama,36205
Anniston,alabama,36206
Anniston,alabama,36207
Alexandria,alabama,36250
Ashland,alabama,36251
Cragford,alabama,36255
Daviston,alabama,36256
Delta,alabama,36258
Eastaboga,alabama,36260
Fruithurst,alabama,36262
Graham,alabama,36263
Heflin,alabama,36264
Jacksonville,alabama,36265
Lineville,alabama,36266
Millerville,alabama,36267
Munford,alabama,36268
Muscadine,alabama,36269
Ohatchee,alabama,36271
Piedmont,alabama,36272
Ranburne,alabama,36273
Roanoke,alabama,36274
Wadley,alabama,36276
Weaver,alabama,36277
Wedowee,alabama,36278
Wellington,alabama,36279
Woodland,alabama,36280
Dothan,alabama,36301
Dothan,alabama,36303
Dothan,alabama,36305
Abbeville,alabama,36310
Ariton,alabama,36311
Ashford,alabama,36312
Bellwood,alabama,36313
Black,alabama,36314
Chancellor,alabama,36316
Clopton,alabama,36317
Coffee Springs,alabama,36318
Columbia,alabama,36319
Cottonwood,alabama,36320
Cowarts,alabama,36321
Daleville,alabama,36322
Elba,alabama,36323
Enterprise,alabama,36330
Geneva,alabama,36340
Gordon,alabama,36343
Hartford,alabama,36344
Headland,alabama,36345
Jack,alabama,36346
Midland City,alabama,36350
New Brockton,alabama,36351
Newton,alabama,36352
Newville,alabama,36353
Ozark,alabama,36360
Fort Rucker,alabama,36362
Pansey,alabama,36370
Pinckard,alabama,36371
Shorterville,alabama,36373
Skipperville,alabama,36374
Slocomb,alabama,36375
Webb,alabama,36376
Evergreen,alabama,36401
Andalusia,alabama,36420
Andalusia,alabama,36421
Beatrice,alabama,36425
Brewton,alabama,36426
Castleberry,alabama,36432
Coy,alabama,36435
Dickinson,alabama,36436
Excel,alabama,36439
Flomaton,alabama,36441
Florala,alabama,36442
Franklin,alabama,36444
Frisco City,alabama,36445
Fulton,alabama,36446
Grove Hill,alabama,36451
Kinston,alabama,36453
Lenox,alabama,36454
Lockhart,alabama,36455
Mc Kenzie,alabama,36456
Monroeville,alabama,36460
Opp,alabama,36467
Perdue Hill,alabama,36470
Peterman,alabama,36471
Range,alabama,36473
Red Level,alabama,36474
Repton,alabama,36475
River Falls,alabama,36476
Samson,alabama,36477
Uriah,alabama,36480
Vredenburgh,alabama,36481
Whatley,alabama,36482
Wing,alabama,36483
Atmore,alabama,36502
Axis,alabama,36505
Bay Minette,alabama,36507
Bayou La Batre,alabama,36509
Bon Secour,alabama,36511
Bucks,alabama,36512
Calvert,alabama,36513
Chatom,alabama,36518
Chunchula,alabama,36521
Citronelle,alabama,36522
Coden,alabama,36523
Coffeeville,alabama,36524
Creola,alabama,36525
Daphne,alabama,36526
Daphne,alabama,36527
Dauphin Island,alabama,36528
Deer Park,alabama,36529
Elberta,alabama,36530
Fairhope,alabama,36532
Foley,alabama,36535
Frankville,alabama,36538
Fruitdale,alabama,36539
Gainestown,alabama,36540
Grand Bay,alabama,36541
Gulf Shores,alabama,36542
Huxford,alabama,36543
Irvington,alabama,36544
Jackson,alabama,36545
Leroy,alabama,36548
Lillian,alabama,36549
Little River,alabama,36550
Loxley,alabama,36551
Mc Intosh,alabama,36553
Magnolia Springs,alabama,36555
Malcolm,alabama,36556
Millry,alabama,36558
Montrose,alabama,36559
Mount Vernon,alabama,36560
Orange Beach,alabama,36561
Perdido,alabama,36562
Point Clear,alabama,36564
Robertsdale,alabama,36567
Saint Elmo,alabama,36568
Saint Stephens,alabama,36569
Saraland,alabama,36571
Satsuma,alabama,36572
Seminole,alabama,36574
Semmes,alabama,36575
Silverhill,alabama,36576
Stapleton,alabama,36578
Stockton,alabama,36579
Summerdale,alabama,36580
Sunflower,alabama,36581
Theodore,alabama,36582
Tibbie,alabama,36583
Vinegar Bend,alabama,36584
Wagarville,alabama,36585
Wilmer,alabama,36587
Theodore,alabama,36590
Mobile,alabama,36602
Mobile,alabama,36603
Mobile,alabama,36604
Mobile,alabama,36605
Mobile,alabama,36606
Mobile,alabama,36607
Mobile,alabama,36608
Mobile,alabama,36609
Mobile,alabama,36610
Mobile,alabama,36611
Mobile,alabama,36612
Eight Mile,alabama,36613
Mobile,alabama,36615
Mobile,alabama,36616
Mobile,alabama,36617
Mobile,alabama,36618
Mobile,alabama,36619
Mobile,alabama,36688
Mobile,alabama,36693
Mobile,alabama,36695
Selma,alabama,36701
Selma,alabama,36703
Alberta,alabama,36720
Arlington,alabama,36722
Boykin,alabama,36723
Camden,alabama,36726
Campbell,alabama,36727
Catherine,alabama,36728
Demopolis,alabama,36732
Dixons Mills,alabama,36736
Faunsdale,alabama,36738
Forkland,alabama,36740
Gallion,alabama,36742
Greensboro,alabama,36744
Linden,alabama,36748
Jones,alabama,36749
Maplesville,alabama,36750
Lower Peach Tree,alabama,36751
Lowndesboro,alabama,36752
Mc Williams,alabama,36753
Magnolia,alabama,36754
Marion,alabama,36756
Plantersville,alabama,36758
Marion Junction,alabama,36759
Minter,alabama,36761
Myrtlewood,alabama,36763
Newbern,alabama,36765
Oak Hill,alabama,36766
Orrville,alabama,36767
Pine Apple,alabama,36768
Pine Hill,alabama,36769
Safford,alabama,36773
Sardis,alabama,36775
Sawyerville,alabama,36776
Sweet Water,alabama,36782
Thomaston,alabama,36783
Thomasville,alabama,36784
Tyler,alabama,36785
Uniontown,alabama,36786
Stanton,alabama,36790
Randolph,alabama,36792
Lawley,alabama,36793
Opelika,alabama,36801
Opelika,alabama,36804
Auburn,alabama,36830
Auburn,alabama,36832
Auburn University,alabama,36849
Camp Hill,alabama,36850
Cusseta,alabama,36852
Dadeville,alabama,36853
Valley,alabama,36854
Five Points,alabama,36855
Fort Mitchell,alabama,36856
Hatchechubbee,alabama,36858
Holy Trinity,alabama,36859
Hurtsboro,alabama,36860
Jacksons Gap,alabama,36861
Lafayette,alabama,36862
Lanett,alabama,36863
Loachapoka,alabama,36865
Notasulga,alabama,36866
Phenix City,alabama,36867
Phenix City,alabama,36869
Phenix City,alabama,36870
Pittsview,alabama,36871
Salem,alabama,36874
Seale,alabama,36875
Smiths Station,alabama,36877
Waverly,alabama,36879
Bellamy,alabama,36901
Butler,alabama,36904
Cuba,alabama,36907
Gilbertown,alabama,36908
Jachin,alabama,36910
Lisman,alabama,36912
Melvin,alabama,36913
Needham,alabama,36915
Pennington,alabama,36916
Silas,alabama,36919
Toxey,alabama,36921
Ward,alabama,36922
York,alabama,36925
Adams,tennessee,37010
Alexandria,tennessee,37012
Antioch,tennessee,37013
Arrington,tennessee,37014
Ashland City,tennessee,37015
Auburntown,tennessee,37016
Beechgrove,tennessee,37018
Belfast,tennessee,37019
Bell Buckle,tennessee,37020
Bethpage,tennessee,37022
Big Rock,tennessee,37023
Bon Aqua,tennessee,37025
Bradyville,tennessee,37026
Brentwood,tennessee,37027
Bumpus Mills,tennessee,37028
Burns,tennessee,37029
Carthage,tennessee,37030
Castalian Springs,tennessee,37031
Cedar Hill,tennessee,37032
Centerville,tennessee,37033
Chapel Hill,tennessee,37034
Chapmansboro,tennessee,37035
Charlotte,tennessee,37036
Christiana,tennessee,37037
Clarksville,tennessee,37040
Clarksville,tennessee,37042
Clarksville,tennessee,37043
College Grove,tennessee,37046
Cornersville,tennessee,37047
Cottontown,tennessee,37048
Cross Plains,tennessee,37049
Cumberland City,tennessee,37050
Cumberland Furnace,tennessee,37051
Cunningham,tennessee,37052
Dickson,tennessee,37055
Dixon Springs,tennessee,37057
Dover,tennessee,37058
Dowelltown,tennessee,37059
Eagleville,tennessee,37060
Erin,tennessee,37061
Fairview,tennessee,37062
Franklin,tennessee,37064
Gallatin,tennessee,37066
Franklin,tennessee,37067
Franklin,tennessee,37069
Goodlettsville,tennessee,37072
Greenbrier,tennessee,37073
Hartsville,tennessee,37074
Hendersonville,tennessee,37075
Hermitage,tennessee,37076
Hurricane Mills,tennessee,37078
Indian Mound,tennessee,37079
Joelton,tennessee,37080
Kingston Springs,tennessee,37082
Lafayette,tennessee,37083
Lascassas,tennessee,37085
La Vergne,tennessee,37086
Lebanon,tennessee,37087
Lebanon,tennessee,37090
Lewisburg,tennessee,37091
Liberty,tennessee,37095
Linden,tennessee,37096
Lobelville,tennessee,37097
Lyles,tennessee,37098
Mc Ewen,tennessee,37101
Mcminnville,tennessee,37110
Madison,tennessee,37115
Milton,tennessee,37118
Mount Juliet,tennessee,37122
Murfreesboro,tennessee,37127
Murfreesboro,tennessee,37128
Murfreesboro,tennessee,37129
Murfreesboro,tennessee,37130
Murfreesboro,tennessee,37132
New Johnsonville,tennessee,37134
Nolensville,tennessee,37135
Nunnelly,tennessee,37137
Old Hickory,tennessee,37138
Only,tennessee,37140
Orlinda,tennessee,37141
Palmyra,tennessee,37142
Pegram,tennessee,37143
Petersburg,tennessee,37144
Pleasant Shade,tennessee,37145
Pleasant View,tennessee,37146
Portland,tennessee,37148
Readyville,tennessee,37149
Red Boiling Springs,tennessee,37150
Riddleton,tennessee,37151
Rockvale,tennessee,37153
Shelbyville,tennessee,37160
Slayden,tennessee,37165
Smithville,tennessee,37166
Smyrna,tennessee,37167
Southside,tennessee,37171
Springfield,tennessee,37172
Spring Hill,tennessee,37174
Stewart,tennessee,37175
Tennessee Ridge,tennessee,37178
Thompsons Station,tennessee,37179
Unionville,tennessee,37180
Vanleer,tennessee,37181
Wartrace,tennessee,37183
Watertown,tennessee,37184
Waverly,tennessee,37185
Westmoreland,tennessee,37186
White Bluff,tennessee,37187
White House,tennessee,37188
Whites Creek,tennessee,37189
Woodbury,tennessee,37190
Woodlawn,tennessee,37191
Nashville,tennessee,37201
Nashville,tennessee,37203
Nashville,tennessee,37204
Nashville,tennessee,37205
Nashville,tennessee,37206
Nashville,tennessee,37207
Nashville,tennessee,37208
Nashville,tennessee,37209
Nashville,tennessee,37210
Nashville,tennessee,37211
Nashville,tennessee,37212
Nashville,tennessee,37213
Nashville,tennessee,37214
Nashville,tennessee,37215
Nashville,tennessee,37216
Nashville,tennessee,37217
Nashville,tennessee,37218
Nashville,tennessee,37219
Nashville,tennessee,37220
Nashville,tennessee,37221
Nashville,tennessee,37228
Nashville,tennessee,37240
Nashville,tennessee,37243
Nashville,tennessee,37246
Altamont,tennessee,37301
Apison,tennessee,37302
Athens,tennessee,37303
Beersheba Springs,tennessee,37305
Belvidere,tennessee,37306
Benton,tennessee,37307
Birchwood,tennessee,37308
Calhoun,tennessee,37309
Charleston,tennessee,37310
Cleveland,tennessee,37311
Cleveland,tennessee,37312
Coalmont,tennessee,37313
Collegedale,tennessee,37315
Copperhill,tennessee,37317
Cowan,tennessee,37318
Dayton,tennessee,37321
Decatur,tennessee,37322
Cleveland,tennessee,37323
Decherd,tennessee,37324
Delano,tennessee,37325
Ducktown,tennessee,37326
Dunlap,tennessee,37327
Elora,tennessee,37328
Englewood,tennessee,37329
Estill Springs,tennessee,37330
Etowah,tennessee,37331
Evensville,tennessee,37332
Farner,tennessee,37333
Fayetteville,tennessee,37334
Flintville,tennessee,37335
Georgetown,tennessee,37336
Grandview,tennessee,37337
Graysville,tennessee,37338
Gruetli Laager,tennessee,37339
Guild,tennessee,37340
Harrison,tennessee,37341
Hillsboro,tennessee,37342
Hixson,tennessee,37343
Huntland,tennessee,37345
Jasper,tennessee,37347
Kelso,tennessee,37348
Lookout Mountain,tennessee,37350
Lupton City,tennessee,37351
Lynchburg,tennessee,37352
Mc Donald,tennessee,37353
Madisonville,tennessee,37354
Manchester,tennessee,37355
Monteagle,tennessee,37356
Morrison,tennessee,37357
Mulberry,tennessee,37359
Normandy,tennessee,37360
Ocoee,tennessee,37361
Old Fort,tennessee,37362
Ooltewah,tennessee,37363
Palmer,tennessee,37365
Pelham,tennessee,37366
Pikeville,tennessee,37367
Reliance,tennessee,37369
Riceville,tennessee,37370
Sale Creek,tennessee,37373
Sequatchie,tennessee,37374
Sewanee,tennessee,37375
Sherwood,tennessee,37376
Signal Mountain,tennessee,37377
Soddy Daisy,tennessee,37379
South Pittsburg,tennessee,37380
Spring City,tennessee,37381
Tellico Plains,tennessee,37385
Tracy City,tennessee,37387
Tullahoma,tennessee,37388
Turtletown,tennessee,37391
Viola,tennessee,37394
Whiteside,tennessee,37396
Whitwell,tennessee,37397
Winchester,tennessee,37398
Chattanooga,tennessee,37402
Chattanooga,tennessee,37403
Chattanooga,tennessee,37404
Chattanooga,tennessee,37405
Chattanooga,tennessee,37406
Chattanooga,tennessee,37407
Chattanooga,tennessee,37408
Chattanooga,tennessee,37409
Chattanooga,tennessee,37410
Chattanooga,tennessee,37411
Chattanooga,tennessee,37412
Chattanooga,tennessee,37415
Chattanooga,tennessee,37416
Chattanooga,tennessee,37419
Chattanooga,tennessee,37421
Johnson City,tennessee,37601
Johnson City,tennessee,37604
Johnson City,tennessee,37614
Johnson City,tennessee,37615
Afton,tennessee,37616
Blountville,tennessee,37617
Bluff City,tennessee,37618
Bristol,tennessee,37620
Butler,tennessee,37640
Chuckey,tennessee,37641
Church Hill,tennessee,37642
Elizabethton,tennessee,37643
Mount Carmel,tennessee,37645
Erwin,tennessee,37650
Fall Branch,tennessee,37656
Flag Pond,tennessee,37657
Hampton,tennessee,37658
Jonesborough,tennessee,37659
Kingsport,tennessee,37660
Kingsport,tennessee,37663
Kingsport,tennessee,37664
Kingsport,tennessee,37665
Laurel Bloomery,tennessee,37680
Limestone,tennessee,37681
Milligan College,tennessee,37682
Mountain City,tennessee,37683
Piney Flats,tennessee,37686
Roan Mountain,tennessee,37687
Shady Valley,tennessee,37688
Telford,tennessee,37690
Trade,tennessee,37691
Unicoi,tennessee,37692
Watauga,tennessee,37694
Alcoa,tennessee,37701
Andersonville,tennessee,37705
Bean Station,tennessee,37708
Blaine,tennessee,37709
Briceville,tennessee,37710
Bulls Gap,tennessee,37711
Bybee,tennessee,37713
Caryville,tennessee,37714
Clairfield,tennessee,37715
Clinton,tennessee,37716
Coalfield,tennessee,37719
Corryton,tennessee,37721
Cosby,tennessee,37722
Crab Orchard,tennessee,37723
Cumberland Gap,tennessee,37724
Dandridge,tennessee,37725
Deer Lodge,tennessee,37726
Del Rio,tennessee,37727
Duff,tennessee,37729
Eagan,tennessee,37730
Eidson,tennessee,37731
Elgin,tennessee,37732
Rugby,tennessee,37733
Friendsville,tennessee,37737
Gatlinburg,tennessee,37738
Greenback,tennessee,37742
Greeneville,tennessee,37743
Greeneville,tennessee,37745
Harriman,tennessee,37748
Harrogate,tennessee,37752
Hartford,tennessee,37753
Heiskell,tennessee,37754
Helenwood,tennessee,37755
Huntsville,tennessee,37756
Jacksboro,tennessee,37757
Jefferson City,tennessee,37760
Jellico,tennessee,37762
Kingston,tennessee,37763
Kodak,tennessee,37764
Kyles Ford,tennessee,37765
La Follette,tennessee,37766
Rocky Top,tennessee,37769
Lancing,tennessee,37770
Lenoir City,tennessee,37771
Lenoir City,tennessee,37772
Loudon,tennessee,37774
Louisville,tennessee,37777
Luttrell,tennessee,37779
Maryville,tennessee,37801
Maryville,tennessee,37803
Maryville,tennessee,37804
Mascot,tennessee,37806
Maynardville,tennessee,37807
Midway,tennessee,37809
Mohawk,tennessee,37810
Mooresburg,tennessee,37811
Morristown,tennessee,37813
Morristown,tennessee,37814
Mosheim,tennessee,37818
Newcomb,tennessee,37819
New Market,tennessee,37820
Newport,tennessee,37821
New Tazewell,tennessee,37825
Niota,tennessee,37826
Norris,tennessee,37828
Oakdale,tennessee,37829
Oak Ridge,tennessee,37830
Oliver Springs,tennessee,37840
Oneida,tennessee,37841
Parrottsville,tennessee,37843
Petros,tennessee,37845
Philadelphia,tennessee,37846
Pioneer,tennessee,37847
Powder Springs,tennessee,37848
Powell,tennessee,37849
Pruden,tennessee,37851
Robbins,tennessee,37852
Rockford,tennessee,37853
Rockwood,tennessee,37854
Rogersville,tennessee,37857
Russellville,tennessee,37860
Rutledge,tennessee,37861
Sevierville,tennessee,37862
Pigeon Forge,tennessee,37863
Seymour,tennessee,37865
Sharps Chapel,tennessee,37866
Sneedville,tennessee,37869
Speedwell,tennessee,37870
Strawberry Plains,tennessee,37871
Sunbright,tennessee,37872
Surgoinsville,tennessee,37873
Sweetwater,tennessee,37874
Sevierville,tennessee,37876
Talbott,tennessee,37877
Tallassee,tennessee,37878
Tazewell,tennessee,37879
Ten Mile,tennessee,37880
Thorn Hill,tennessee,37881
Townsend,tennessee,37882
Vonore,tennessee,37885
Walland,tennessee,37886
Wartburg,tennessee,37887
Washburn,tennessee,37888
White Pine,tennessee,37890
Whitesburg,tennessee,37891
Winfield,tennessee,37892
Knoxville,tennessee,37902
Knoxville,tennessee,37909
Knoxville,tennessee,37912
Knoxville,tennessee,37914
Knoxville,tennessee,37915
Knoxville,tennessee,37916
Knoxville,tennessee,37917
Knoxville,tennessee,37918
Knoxville,tennessee,37919
Knoxville,tennessee,37920
Knoxville,tennessee,37921
Knoxville,tennessee,37922
Knoxville,tennessee,37923
Knoxville,tennessee,37924
Knoxville,tennessee,37931
Knoxville,tennessee,37932
Farragut,tennessee,37934
Knoxville,tennessee,37938
Alamo,tennessee,38001
Arlington,tennessee,38002
Atoka,tennessee,38004
Bells,tennessee,38006
Bogota,tennessee,38007
Bolivar,tennessee,38008
Brighton,tennessee,38011
Brownsville,tennessee,38012
Burlison,tennessee,38015
Cordova,tennessee,38016
Collierville,tennessee,38017
Cordova,tennessee,38018
Covington,tennessee,38019
Crockett Mills,tennessee,38021
Drummonds,tennessee,38023
Dyersburg,tennessee,38024
Eads,tennessee,38028
Ellendale,tennessee,38029
Finley,tennessee,38030
Friendship,tennessee,38034
Gallaway,tennessee,38036
Gates,tennessee,38037
Grand Junction,tennessee,38039
Halls,tennessee,38040
Henning,tennessee,38041
Hickory Valley,tennessee,38042
Hornsby,tennessee,38044
La Grange,tennessee,38046
Lenox,tennessee,38047
Mason,tennessee,38049
Maury City,tennessee,38050
Middleton,tennessee,38052
Millington,tennessee,38053
Millington,tennessee,38054
Moscow,tennessee,38057
Munford,tennessee,38058
Newbern,tennessee,38059
Oakland,tennessee,38060
Pocahontas,tennessee,38061
Ripley,tennessee,38063
Rossville,tennessee,38066
Saulsbury,tennessee,38067
Somerville,tennessee,38068
Stanton,tennessee,38069
Tigrett,tennessee,38070
Whiteville,tennessee,38075
Williston,tennessee,38076
Wynnburg,tennessee,38077
Tiptonville,tennessee,38079
Ridgely,tennessee,38080
Memphis,tennessee,38103
Memphis,tennessee,38104
Memphis,tennessee,38105
Memphis,tennessee,38106
Memphis,tennessee,38107
Memphis,tennessee,38108
Memphis,tennessee,38109
Memphis,tennessee,38111
Memphis,tennessee,38112
Memphis,tennessee,38114
Memphis,tennessee,38115
Memphis,tennessee,38116
Memphis,tennessee,38117
Memphis,tennessee,38118
Memphis,tennessee,38119
Memphis,tennessee,38120
Memphis,tennessee,38122
Memphis,tennessee,38125
Memphis,tennessee,38126
Memphis,tennessee,38127
Memphis,tennessee,38128
Memphis,tennessee,38131
Memphis,tennessee,38132
Memphis,tennessee,38133
Memphis,tennessee,38134
Memphis,tennessee,38135
Germantown,tennessee,38138
Germantown,tennessee,38139
Memphis,tennessee,38141
Memphis,tennessee,38152
Mc Kenzie,tennessee,38201
Atwood,tennessee,38220
Big Sandy,tennessee,38221
Buchanan,tennessee,38222
Cottage Grove,tennessee,38224
Dresden,tennessee,38225
Dukedom,tennessee,38226
Gleason,tennessee,38229
Greenfield,tennessee,38230
Henry,tennessee,38231
Hornbeak,tennessee,38232
Kenton,tennessee,38233
Mc Lemoresville,tennessee,38235
Mansfield,tennessee,38236
Martin,tennessee,38237
Obion,tennessee,38240
Palmersville,tennessee,38241
Paris,tennessee,38242
Puryear,tennessee,38251
Rives,tennessee,38253
Samburg,tennessee,38254
Sharon,tennessee,38255
Springville,tennessee,38256
South Fulton,tennessee,38257
Trezevant,tennessee,38258
Trimble,tennessee,38259
Troy,tennessee,38260
Union City,tennessee,38261
Jackson,tennessee,38301
Jackson,tennessee,38305
Adamsville,tennessee,38310
Bath Springs,tennessee,38311
Beech Bluff,tennessee,38313
Bethel Springs,tennessee,38315
Bradford,tennessee,38316
Bruceton,tennessee,38317
Buena Vista,tennessee,38318
Camden,tennessee,38320
Cedar Grove,tennessee,38321
Counce,tennessee,38326
Crump,tennessee,38327
Darden,tennessee,38328
Decaturville,tennessee,38329
Dyer,tennessee,38330
Enville,tennessee,38332
Eva,tennessee,38333
Finger,tennessee,38334
Gadsden,tennessee,38337
Guys,tennessee,38339
Henderson,tennessee,38340
Holladay,tennessee,38341
Hollow Rock,tennessee,38342
Humboldt,tennessee,38343
Huntingdon,tennessee,38344
Huron,tennessee,38345
Jacks Creek,tennessee,38347
Lavinia,tennessee,38348
Lexington,tennessee,38351
Luray,tennessee,38352
Medina,tennessee,38355
Medon,tennessee,38356
Michie,tennessee,38357
Milan,tennessee,38358
Milledgeville,tennessee,38359
Morris Chapel,tennessee,38361
Oakfield,tennessee,38362
Parsons,tennessee,38363
Pickwick Dam,tennessee,38365
Pinson,tennessee,38366
Ramer,tennessee,38367
Reagan,tennessee,38368
Rutherford,tennessee,38369
Saltillo,tennessee,38370
Sardis,tennessee,38371
Savannah,tennessee,38372
Scotts Hill,tennessee,38374
Selmer,tennessee,38375
Shiloh,tennessee,38376
Stantonville,tennessee,38379
Sugar Tree,tennessee,38380
Toone,tennessee,38381
Trenton,tennessee,38382
Westport,tennessee,38387
Wildersville,tennessee,38388
Yuma,tennessee,38390
Denmark,tennessee,38391
Mercer,tennessee,38392
Columbia,tennessee,38401
Clifton,tennessee,38425
Ardmore,tennessee,38449
Collinwood,tennessee,38450
Culleoka,tennessee,38451
Cypress Inn,tennessee,38452
Dellrose,tennessee,38453
Duck River,tennessee,38454
Elkton,tennessee,38455
Ethridge,tennessee,38456
Five Points,tennessee,38457
Frankewing,tennessee,38459
Goodspring,tennessee,38460
Hampshire,tennessee,38461
Hohenwald,tennessee,38462
Iron City,tennessee,38463
Lawrenceburg,tennessee,38464
Leoma,tennessee,38468
Loretto,tennessee,38469
Lutts,tennessee,38471
Lynnville,tennessee,38472
Minor Hill,tennessee,38473
Mount Pleasant,tennessee,38474
Olivehill,tennessee,38475
Primm Springs,tennessee,38476
Prospect,tennessee,38477
Pulaski,tennessee,38478
Saint Joseph,tennessee,38481
Santa Fe,tennessee,38482
Summertown,tennessee,38483
Waynesboro,tennessee,38485
Westpoint,tennessee,38486
Williamsport,tennessee,38487
Taft,tennessee,38488
Cookeville,tennessee,38501
Allardt,tennessee,38504
Cookeville,tennessee,38505
Cookeville,tennessee,38506
Allons,tennessee,38541
Allred,tennessee,38542
Alpine,tennessee,38543
Baxter,tennessee,38544
Bloomington Springs,tennessee,38545
Brush Creek,tennessee,38547
Buffalo Valley,tennessee,38548
Byrdstown,tennessee,38549
Celina,tennessee,38551
Chestnut Mound,tennessee,38552
Clarkrange,tennessee,38553
Crawford,tennessee,38554
Crossville,tennessee,38555
Jamestown,tennessee,38556
Crossville,tennessee,38558
Doyle,tennessee,38559
Elmwood,tennessee,38560
Gainesboro,tennessee,38562
Gordonsville,tennessee,38563
Granville,tennessee,38564
Grimsley,tennessee,38565
Hickman,tennessee,38567
Hilham,tennessee,38568
Lancaster,tennessee,38569
Livingston,tennessee,38570
Crossville,tennessee,38571
Crossville,tennessee,38572
Monroe,tennessee,38573
Monterey,tennessee,38574
Moss,tennessee,38575
Pall Mall,tennessee,38577
Pleasant Hill,tennessee,38578
Quebeck,tennessee,38579
Rickman,tennessee,38580
Rock Island,tennessee,38581
Silver Point,tennessee,38582
Sparta,tennessee,38583
Spencer,tennessee,38585
Walling,tennessee,38587
Whitleyville,tennessee,38588
Wilder,tennessee,38589
Abbeville,mississippi,38601
Ashland,mississippi,38603
Batesville,mississippi,38606
Blue Mountain,mississippi,38610
Byhalia,mississippi,38611
Clarksdale,mississippi,38614
Coahoma,mississippi,38617
Coldwater,mississippi,38618
Como,mississippi,38619
Courtland,mississippi,38620
Crenshaw,mississippi,38621
Crowder,mississippi,38622
Darling,mississippi,38623
Dumas,mississippi,38625
Dundee,mississippi,38626
Etta,mississippi,38627
Falkner,mississippi,38629
Farrell,mississippi,38630
Friars Point,mississippi,38631
Hernando,mississippi,38632
Hickory Flat,mississippi,38633
Holly Springs,mississippi,38635
Horn Lake,mississippi,38637
Jonestown,mississippi,38639
Lake Cormorant,mississippi,38641
Lamar,mississippi,38642
Lambert,mississippi,38643
Lula,mississippi,38644
Lyon,mississippi,38645
Marks,mississippi,38646
Michigan City,mississippi,38647
Myrtle,mississippi,38650
Nesbit,mississippi,38651
New Albany,mississippi,38652
Olive Branch,mississippi,38654
Oxford,mississippi,38655
Pope,mississippi,38658
Potts Camp,mississippi,38659
Red Banks,mississippi,38661
Ripley,mississippi,38663
Robinsonville,mississippi,38664
Sarah,mississippi,38665
Sardis,mississippi,38666
Senatobia,mississippi,38668
Sledge,mississippi,38670
Southaven,mississippi,38671
Southaven,mississippi,38672
Taylor,mississippi,38673
Tiplersville,mississippi,38674
Tunica,mississippi,38676
University,mississippi,38677
Walls,mississippi,38680
Walnut,mississippi,38683
Waterford,mississippi,38685
Greenville,mississippi,38701
Greenville,mississippi,38702
Greenville,mississippi,38703
Greenville,mississippi,38704
Alligator,mississippi,38720
Anguilla,mississippi,38721
Arcola,mississippi,38722
Avon,mississippi,38723
Benoit,mississippi,38725
Beulah,mississippi,38726
Boyle,mississippi,38730
Chatham,mississippi,38731
Cleveland,mississippi,38732
Doddsville,mississippi,38736
Drew,mississippi,38737
Parchman,mississippi,38738
Duncan,mississippi,38740
Glen Allan,mississippi,38744
Grace,mississippi,38745
Gunnison,mississippi,38746
Hollandale,mississippi,38748
Indianola,mississippi,38749
Indianola,mississippi,38751
Inverness,mississippi,38753
Isola,mississippi,38754
Leland,mississippi,38756
Merigold,mississippi,38759
Metcalfe,mississippi,38760
Moorhead,mississippi,38761
Mound Bayou,mississippi,38762
Pace,mississippi,38764
Panther Burn,mississippi,38765
Rena Lara,mississippi,38767
Rome,mississippi,38768
Rosedale,mississippi,38769
Ruleville,mississippi,38771
Scott,mississippi,38772
Shaw,mississippi,38773
Shelby,mississippi,38774
Sunflower,mississippi,38778
Winstonville,mississippi,38781
Tupelo,mississippi,38801
Tupelo,mississippi,38804
Amory,mississippi,38821
Baldwyn,mississippi,38824
Belden,mississippi,38826
Belmont,mississippi,38827
Blue Springs,mississippi,38828
Booneville,mississippi,38829
Burnsville,mississippi,38833
Corinth,mississippi,38834
Dennis,mississippi,38838
Ecru,mississippi,38841
Fulton,mississippi,38843
Gattman,mississippi,38844
Glen,mississippi,38846
Golden,mississippi,38847
Greenwood Springs,mississippi,38848
Guntown,mississippi,38849
Houlka,mississippi,38850
Houston,mississippi,38851
Iuka,mississippi,38852
Mantachie,mississippi,38855
Marietta,mississippi,38856
Mooreville,mississippi,38857
Nettleton,mississippi,38858
New Site,mississippi,38859
Okolona,mississippi,38860
Plantersville,mississippi,38862
Pontotoc,mississippi,38863
Randolph,mississippi,38864
Rienzi,mississippi,38865
Saltillo,mississippi,38866
Shannon,mississippi,38868
Sherman,mississippi,38869
Smithville,mississippi,38870
Thaxton,mississippi,38871
Tishomingo,mississippi,38873
Tremont,mississippi,38876
Vardaman,mississippi,38878
Verona,mississippi,38879
Grenada,mississippi,38901
Banner,mississippi,38913
Big Creek,mississippi,38914
Bruce,mississippi,38915
Calhoun City,mississippi,38916
Carrollton,mississippi,38917
Cascilla,mississippi,38920
Charleston,mississippi,38921
Coffeeville,mississippi,38922
Coila,mississippi,38923
Cruger,mississippi,38924
Duck Hill,mississippi,38925
Enid,mississippi,38927
Glendora,mississippi,38928
Gore Springs,mississippi,38929
Greenwood,mississippi,38930
Holcomb,mississippi,38940
Itta Bena,mississippi,38941
Mc Carley,mississippi,38943
Minter City,mississippi,38944
Greenwood,mississippi,38945
Morgan City,mississippi,38946
North Carrollton,mississippi,38947
Oakland,mississippi,38948
Paris,mississippi,38949
Philipp,mississippi,38950
Pittsboro,mississippi,38951
Schlater,mississippi,38952
Scobey,mississippi,38953
Sidon,mississippi,38954
Sumner,mississippi,38957
Swan Lake,mississippi,38958
Tillatoba,mississippi,38961
Tippo,mississippi,38962
Tutwiler,mississippi,38963
Vance,mississippi,38964
Water Valley,mississippi,38965
Webb,mississippi,38966
Winona,mississippi,38967
Belzoni,mississippi,39038
Benton,mississippi,39039
Bentonia,mississippi,39040
Bolton,mississippi,39041
Brandon,mississippi,39042
Braxton,mississippi,39044
Camden,mississippi,39045
Canton,mississippi,39046
Brandon,mississippi,39047
Carthage,mississippi,39051
Cary,mississippi,39054
Clinton,mississippi,39056
Conehatta,mississippi,39057
Crystal Springs,mississippi,39059
Delta City,mississippi,39061
D Lo,mississippi,39062
Durant,mississippi,39063
Edwards,mississippi,39066
Ethel,mississippi,39067
Fayette,mississippi,39069
Flora,mississippi,39071
Florence,mississippi,39073
Forest,mississippi,39074
Georgetown,mississippi,39078
Goodman,mississippi,39079
Harrisville,mississippi,39082
Hazlehurst,mississippi,39083
Hermanville,mississippi,39086
Holly Bluff,mississippi,39088
Kosciusko,mississippi,39090
Lake,mississippi,39092
Lena,mississippi,39094
Lexington,mississippi,39095
Lorman,mississippi,39096
Louise,mississippi,39097
Mc Cool,mississippi,39108
Madison,mississippi,39110
Magee,mississippi,39111
Mayersville,mississippi,39113
Mendenhall,mississippi,39114
Midnight,mississippi,39115
Mize,mississippi,39116
Morton,mississippi,39117
Mount Olive,mississippi,39119
Natchez,mississippi,39120
Newhebron,mississippi,39140
Pattison,mississippi,39144
Pelahatchie,mississippi,39145
Pickens,mississippi,39146
Pinola,mississippi,39149
Port Gibson,mississippi,39150
Pulaski,mississippi,39152
Raleigh,mississippi,39153
Raymond,mississippi,39154
Redwood,mississippi,39156
Ridgeland,mississippi,39157
Rolling Fork,mississippi,39159
Sallis,mississippi,39160
Satartia,mississippi,39162
Silver City,mississippi,39166
Star,mississippi,39167
Taylorsville,mississippi,39168
Tchula,mississippi,39169
Terry,mississippi,39170
Tougaloo,mississippi,39174
Utica,mississippi,39175
Vaiden,mississippi,39176
Valley Park,mississippi,39177
Vaughan,mississippi,39179
Vicksburg,mississippi,39180
Vicksburg,mississippi,39183
Walnut Grove,mississippi,39189
Wesson,mississippi,39191
West,mississippi,39192
Whitfield,mississippi,39193
Yazoo City,mississippi,39194
Jackson,mississippi,39201
Jackson,mississippi,39202
Jackson,mississippi,39203
Jackson,mississippi,39204
Jackson,mississippi,39206
Pearl,mississippi,39208
Jackson,mississippi,39209
Jackson,mississippi,39211
Jackson,mississippi,39212
Jackson,mississippi,39213
Jackson,mississippi,39216
Jackson,mississippi,39217
Richland,mississippi,39218
Flowood,mississippi,39232
Jackson,mississippi,39269
Byram,mississippi,39272
Meridian,mississippi,39301
Meridian,mississippi,39305
Meridian,mississippi,39307
Meridian,mississippi,39309
Bailey,mississippi,39320
Buckatunna,mississippi,39322
Chunky,mississippi,39323
Collinsville,mississippi,39325
Daleville,mississippi,39326
Decatur,mississippi,39327
De Kalb,mississippi,39328
Enterprise,mississippi,39330
Hickory,mississippi,39332
Lauderdale,mississippi,39335
Lawrence,mississippi,39336
Little Rock,mississippi,39337
Louin,mississippi,39338
Louisville,mississippi,39339
Macon,mississippi,39341
Marion,mississippi,39342
Newton,mississippi,39345
Noxapater,mississippi,39346
Pachuta,mississippi,39347
Paulding,mississippi,39348
Philadelphia,mississippi,39350
Porterville,mississippi,39352
Preston,mississippi,39354
Quitman,mississippi,39355
Rose Hill,mississippi,39356
Scooba,mississippi,39358
Sebastopol,mississippi,39359
Shubuta,mississippi,39360
Shuqualak,mississippi,39361
State Line,mississippi,39362
Stonewall,mississippi,39363
Toomsuba,mississippi,39364
Union,mississippi,39365
Vossburg,mississippi,39366
Waynesboro,mississippi,39367
Hattiesburg,mississippi,39401
Hattiesburg,mississippi,39402
Hattiesburg,mississippi,39406
Bassfield,mississippi,39421
Bay Springs,mississippi,39422
Beaumont,mississippi,39423
Brooklyn,mississippi,39425
Carriere,mississippi,39426
Carson,mississippi,39427
Collins,mississippi,39428
Columbia,mississippi,39429
Ellisville,mississippi,39437
Heidelberg,mississippi,39439
Laurel,mississippi,39440
Laurel,mississippi,39443
Leakesville,mississippi,39451
Lucedale,mississippi,39452
Lumberton,mississippi,39455
Mc Lain,mississippi,39456
Moselle,mississippi,39459
Neely,mississippi,39461
New Augusta,mississippi,39462
Ovett,mississippi,39464
Petal,mississippi,39465
Picayune,mississippi,39466
Poplarville,mississippi,39470
Prentiss,mississippi,39474
Purvis,mississippi,39475
Richton,mississippi,39476
Sandersville,mississippi,39477
Sandy Hook,mississippi,39478
Seminary,mississippi,39479
Soso,mississippi,39480
Stringer,mississippi,39481
Sumrall,mississippi,39482
Foxworth,mississippi,39483
Gulfport,mississippi,39501
Gulfport,mississippi,39503
Gulfport,mississippi,39507
Bay Saint Louis,mississippi,39520
Diamondhead,mississippi,39525
Biloxi,mississippi,39530
Biloxi,mississippi,39531
Biloxi,mississippi,39532
Biloxi,mississippi,39534
Diberville,mississippi,39540
Gautier,mississippi,39553
Kiln,mississippi,39556
Long Beach,mississippi,39560
Mc Henry,mississippi,39561
Moss Point,mississippi,39562
Moss Point,mississippi,39563
Ocean Springs,mississippi,39564
Vancleave,mississippi,39565
Pascagoula,mississippi,39567
Pass Christian,mississippi,39571
Pearlington,mississippi,39572
Perkinston,mississippi,39573
Saucier,mississippi,39574
Waveland,mississippi,39576
Wiggins,mississippi,39577
Pascagoula,mississippi,39581
Brookhaven,mississippi,39601
Bogue Chitto,mississippi,39629
Bude,mississippi,39630
Centreville,mississippi,39631
Crosby,mississippi,39633
Fernwood,mississippi,39635
Gloster,mississippi,39638
Jayess,mississippi,39641
Kokomo,mississippi,39643
Liberty,mississippi,39645
Mc Call Creek,mississippi,39647
Mccomb,mississippi,39648
Magnolia,mississippi,39652
Meadville,mississippi,39653
Monticello,mississippi,39654
Oak Vale,mississippi,39656
Osyka,mississippi,39657
Roxie,mississippi,39661
Ruth,mississippi,39662
Silver Creek,mississippi,39663
Smithdale,mississippi,39664
Sontag,mississippi,39665
Summit,mississippi,39666
Tylertown,mississippi,39667
Union Church,mississippi,39668
Woodville,mississippi,39669
Columbus,mississippi,39701
Columbus,mississippi,39702
Columbus,mississippi,39705
Aberdeen,mississippi,39730
Ackerman,mississippi,39735
Artesia,mississippi,39736
Bellefontaine,mississippi,39737
Brooksville,mississippi,39739
Caledonia,mississippi,39740
Cedarbluff,mississippi,39741
Crawford,mississippi,39743
Eupora,mississippi,39744
French Camp,mississippi,39745
Hamilton,mississippi,39746
Kilmichael,mississippi,39747
Maben,mississippi,39750
Mantee,mississippi,39751
Mathiston,mississippi,39752
Pheba,mississippi,39755
Prairie,mississippi,39756
Starkville,mississippi,39759
Starkville,mississippi,39760
Mississippi State,mississippi,39762
Steens,mississippi,39766
Stewart,mississippi,39767
Sturgis,mississippi,39769
Walthall,mississippi,39771
Weir,mississippi,39772
West Point,mississippi,39773
Woodland,mississippi,39776
Arlington,georgia,39813
Attapulgus,georgia,39815
Bainbridge,georgia,39817
Bainbridge,georgia,39819
Blakely,georgia,39823
Bluffton,georgia,39824
Brinson,georgia,39825
Bronwood,georgia,39826
Cairo,georgia,39827
Cairo,georgia,39828
Climax,georgia,39834
Coleman,georgia,39836
Colquitt,georgia,39837
Cuthbert,georgia,39840
Damascus,georgia,39841
Dawson,georgia,39842
Donalsonville,georgia,39845
Edison,georgia,39846
Fort Gaines,georgia,39851
Georgetown,georgia,39854
Iron City,georgia,39859
Jakin,georgia,39861
Leary,georgia,39862
Morgan,georgia,39866
Morris,georgia,39867
Newton,georgia,39870
Parrott,georgia,39877
Sasser,georgia,39885
Shellman,georgia,39886
Whigham,georgia,39897
Bagdad,kentucky,40003
Bardstown,kentucky,40004
Bedford,kentucky,40006
Bethlehem,kentucky,40007
Bloomfield,kentucky,40008
Bradfordsville,kentucky,40009
Buckner,kentucky,40010
Campbellsburg,kentucky,40011
Chaplin,kentucky,40012
Coxs Creek,kentucky,40013
Crestwood,kentucky,40014
Eminence,kentucky,40019
Fairfield,kentucky,40020
Finchville,kentucky,40022
Fisherville,kentucky,40023
Glenview,kentucky,40025
Goshen,kentucky,40026
La Grange,kentucky,40031
Lebanon,kentucky,40033
Lockport,kentucky,40036
Loretto,kentucky,40037
Mackville,kentucky,40040
Masonic Home,kentucky,40041
Milton,kentucky,40045
Mount Eden,kentucky,40046
Mount Washington,kentucky,40047
Nazareth,kentucky,40048
Nerinx,kentucky,40049
New Castle,kentucky,40050
New Haven,kentucky,40051
New Hope,kentucky,40052
Pendleton,kentucky,40055
Pewee Valley,kentucky,40056
Pleasureville,kentucky,40057
Port Royal,kentucky,40058
Prospect,kentucky,40059
Raywick,kentucky,40060
Saint Francis,kentucky,40062
Saint Mary,kentucky,40063
Shelbyville,kentucky,40065
Simpsonville,kentucky,40067
Smithfield,kentucky,40068
Springfield,kentucky,40069
Sulphur,kentucky,40070
Taylorsville,kentucky,40071
Turners Station,kentucky,40075
Waddy,kentucky,40076
Westport,kentucky,40077
Willisburg,kentucky,40078
Battletown,kentucky,40104
Boston,kentucky,40107
Brandenburg,kentucky,40108
Brooks,kentucky,40109
Clermont,kentucky,40110
Cloverport,kentucky,40111
Custer,kentucky,40115
Ekron,kentucky,40117
Fairdale,kentucky,40118
Falls Of Rough,kentucky,40119
Fort Knox,kentucky,40121
Garfield,kentucky,40140
Guston,kentucky,40142
Hardinsburg,kentucky,40143
Harned,kentucky,40144
Hudson,kentucky,40145
Irvington,kentucky,40146
Lebanon Junction,kentucky,40150
Mc Daniels,kentucky,40152
Muldraugh,kentucky,40155
Payneville,kentucky,40157
Radcliff,kentucky,40160
Rhodelia,kentucky,40161
Rineyville,kentucky,40162
Shepherdsville,kentucky,40165
Stephensport,kentucky,40170
Union Star,kentucky,40171
Vine Grove,kentucky,40175
Webster,kentucky,40176
West Point,kentucky,40177
Westview,kentucky,40178
Louisville,kentucky,40202
Louisville,kentucky,40203
Louisville,kentucky,40204
Louisville,kentucky,40205
Louisville,kentucky,40206
Louisville,kentucky,40207
Louisville,kentucky,40208
Louisville,kentucky,40209
Louisville,kentucky,40210
Louisville,kentucky,40211
Louisville,kentucky,40212
Louisville,kentucky,40213
Louisville,kentucky,40214
Louisville,kentucky,40215
Louisville,kentucky,40216
Louisville,kentucky,40217
Louisville,kentucky,40218
Louisville,kentucky,40219
Louisville,kentucky,40220
Louisville,kentucky,40222
Louisville,kentucky,40223
Louisville,kentucky,40228
Louisville,kentucky,40229
Louisville,kentucky,40231
Louisville,kentucky,40241
Louisville,kentucky,40242
Louisville,kentucky,40243
Louisville,kentucky,40245
Louisville,kentucky,40258
Louisville,kentucky,40272
Louisville,kentucky,40280
Louisville,kentucky,40291
Louisville,kentucky,40299
Burgin,kentucky,40310
Carlisle,kentucky,40311
Clay City,kentucky,40312
Clearfield,kentucky,40313
Denniston,kentucky,40316
Frenchburg,kentucky,40322
Georgetown,kentucky,40324
Gravel Switch,kentucky,40328
Harrodsburg,kentucky,40330
Hope,kentucky,40334
Irvine,kentucky,40336
Jeffersonville,kentucky,40337
Keene,kentucky,40339
Lawrenceburg,kentucky,40342
Means,kentucky,40346
Midway,kentucky,40347
Millersburg,kentucky,40348
Moorefield,kentucky,40350
Morehead,kentucky,40351
Mount Sterling,kentucky,40353
Nicholasville,kentucky,40356
Olympia,kentucky,40358
Owenton,kentucky,40359
Owingsville,kentucky,40360
Paris,kentucky,40361
Perry Park,kentucky,40363
Sadieville,kentucky,40370
Salt Lick,kentucky,40371
Salvisa,kentucky,40372
Sharpsburg,kentucky,40374
Slade,kentucky,40376
Stamping Ground,kentucky,40379
Stanton,kentucky,40380
Versailles,kentucky,40383
Waco,kentucky,40385
Wellington,kentucky,40387
Wilmore,kentucky,40390
Winchester,kentucky,40391
Annville,kentucky,40402
Berea,kentucky,40403
Berea,kentucky,40404
Brodhead,kentucky,40409
Crab Orchard,kentucky,40419
Danville,kentucky,40422
Gray Hawk,kentucky,40434
Hustonville,kentucky,40437
Junction City,kentucky,40440
Kings Mountain,kentucky,40442
Lancaster,kentucky,40444
Livingston,kentucky,40445
Mc Kee,kentucky,40447
Mc Kinney,kentucky,40448
Mount Vernon,kentucky,40456
Orlando,kentucky,40460
Paint Lick,kentucky,40461
Parksville,kentucky,40464
Perryville,kentucky,40468
Ravenna,kentucky,40472
Richmond,kentucky,40475
Sandgap,kentucky,40481
Stanford,kentucky,40484
Tyner,kentucky,40486
Waynesburg,kentucky,40489
Lexington,kentucky,40502
Lexington,kentucky,40503
Lexington,kentucky,40504
Lexington,kentucky,40505
Lexington,kentucky,40506
Lexington,kentucky,40507
Lexington,kentucky,40508
Lexington,kentucky,40509
Lexington,kentucky,40510
Lexington,kentucky,40511
Lexington,kentucky,40513
Lexington,kentucky,40514
Lexington,kentucky,40515
Lexington,kentucky,40516
Lexington,kentucky,40517
Frankfort,kentucky,40601
Frankfort,kentucky,40604
Corbin,kentucky,40701
East Bernstadt,kentucky,40729
Gray,kentucky,40734
Keavy,kentucky,40737
Lily,kentucky,40740
London,kentucky,40741
London,kentucky,40743
London,kentucky,40744
Rockholds,kentucky,40759
Siler,kentucky,40763
Williamsburg,kentucky,40769
Woodbine,kentucky,40771
Ages Brookside,kentucky,40801
Baxter,kentucky,40806
Benham,kentucky,40807
Big Laurel,kentucky,40808
Bledsoe,kentucky,40810
Calvin,kentucky,40813
Cawood,kentucky,40815
Chappell,kentucky,40816
Coalgood,kentucky,40818
Coldiron,kentucky,40819
Cranks,kentucky,40820
Cumberland,kentucky,40823
Dayhoit,kentucky,40824
Eolia,kentucky,40826
Essie,kentucky,40827
Evarts,kentucky,40828
Grays Knob,kentucky,40829
Gulston,kentucky,40830
Harlan,kentucky,40831
Helton,kentucky,40840
Holmes Mill,kentucky,40843
Hoskinston,kentucky,40844
Hulen,kentucky,40845
Kenvir,kentucky,40847
Lejunior,kentucky,40849
Loyall,kentucky,40854
Lynch,kentucky,40855
Miracle,kentucky,40856
Mozelle,kentucky,40858
Partridge,kentucky,40862
Pathfork,kentucky,40863
Putney,kentucky,40865
Stinnett,kentucky,40868
Totz,kentucky,40870
Wallins Creek,kentucky,40873
Warbranch,kentucky,40874
Arjay,kentucky,40902
Artemus,kentucky,40903
Barbourville,kentucky,40906
Beverly,kentucky,40913
Big Creek,kentucky,40914
Bimble,kentucky,40915
Bryants Store,kentucky,40921
Cannon,kentucky,40923
Closplint,kentucky,40927
Flat Lick,kentucky,40935
Fourmile,kentucky,40939
Frakes,kentucky,40940
Garrard,kentucky,40941
Girdler,kentucky,40943
Green Road,kentucky,40946
Heidrick,kentucky,40949
Hinkle,kentucky,40953
Kettle Island,kentucky,40958
Manchester,kentucky,40962
Mary Alice,kentucky,40964
Middlesboro,kentucky,40965
Oneida,kentucky,40972
Pineville,kentucky,40977
Roark,kentucky,40979
Scalf,kentucky,40982
Sextons Creek,kentucky,40983
Stoney Fork,kentucky,40988
Trosper,kentucky,40995
Walker,kentucky,40997
Alexandria,kentucky,41001
Augusta,kentucky,41002
Berry,kentucky,41003
Brooksville,kentucky,41004
Burlington,kentucky,41005
Butler,kentucky,41006
California,kentucky,41007
Carrollton,kentucky,41008
Corinth,kentucky,41010
Covington,kentucky,41011
Covington,kentucky,41014
Latonia,kentucky,41015
Covington,kentucky,41016
Ft Mitchell,kentucky,41017
Erlanger,kentucky,41018
Crittenden,kentucky,41030
Cynthiana,kentucky,41031
De Mossville,kentucky,41033
Dover,kentucky,41034
Dry Ridge,kentucky,41035
Ewing,kentucky,41039
Falmouth,kentucky,41040
Flemingsburg,kentucky,41041
Florence,kentucky,41042
Foster,kentucky,41043
Germantown,kentucky,41044
Ghent,kentucky,41045
Glencoe,kentucky,41046
Hebron,kentucky,41048
Hillsboro,kentucky,41049
Independence,kentucky,41051
Jonesville,kentucky,41052
Mayslick,kentucky,41055
Maysville,kentucky,41056
Melbourne,kentucky,41059
Minerva,kentucky,41062
Morning View,kentucky,41063
Mount Olivet,kentucky,41064
Newport,kentucky,41071
Bellevue,kentucky,41073
Dayton,kentucky,41074
Fort Thomas,kentucky,41075
Newport,kentucky,41076
Petersburg,kentucky,41080
Sanders,kentucky,41083
Silver Grove,kentucky,41085
Sparta,kentucky,41086
Union,kentucky,41091
Verona,kentucky,41092
Wallingford,kentucky,41093
Walton,kentucky,41094
Warsaw,kentucky,41095
Williamstown,kentucky,41097
Worthville,kentucky,41098
Newport,kentucky,41099
Ashland,kentucky,41101
Ashland,kentucky,41102
Argillite,kentucky,41121
Blaine,kentucky,41124
Catlettsburg,kentucky,41129
Denton,kentucky,41132
Emerson,kentucky,41135
Flatwoods,kentucky,41139
Garrison,kentucky,41141
Grahn,kentucky,41142
Grayson,kentucky,41143
Greenup,kentucky,41144
Hitchins,kentucky,41146
Isonville,kentucky,41149
Martha,kentucky,41159
Olive Hill,kentucky,41164
Quincy,kentucky,41166
Rush,kentucky,41168
Russell,kentucky,41169
Sandy Hook,kentucky,41171
South Portsmouth,kentucky,41174
South Shore,kentucky,41175
Vanceburg,kentucky,41179
Webbville,kentucky,41180
Worthington,kentucky,41183
Tollesboro,kentucky,41189
Adams,kentucky,41201
Beauty,kentucky,41203
Boons Camp,kentucky,41204
Debord,kentucky,41214
East Point,kentucky,41216
Flatgap,kentucky,41219
Hagerhill,kentucky,41222
Inez,kentucky,41224
Keaton,kentucky,41226
Louisa,kentucky,41230
Lovely,kentucky,41231
Lowmansville,kentucky,41232
Meally,kentucky,41234
Oil Springs,kentucky,41238
Paintsville,kentucky,41240
Pilgrim,kentucky,41250
River,kentucky,41254
Sitka,kentucky,41255
Staffordsville,kentucky,41256
Stambaugh,kentucky,41257
Thelma,kentucky,41260
Tomahawk,kentucky,41262
Tutor Key,kentucky,41263
Ulysses,kentucky,41264
Van Lear,kentucky,41265
Warfield,kentucky,41267
West Van Lear,kentucky,41268
Williamsport,kentucky,41271
Wittensville,kentucky,41274
Campton,kentucky,41301
Beattyville,kentucky,41311
Booneville,kentucky,41314
Clayhole,kentucky,41317
Hazel Green,kentucky,41332
Jackson,kentucky,41339
Lost Creek,kentucky,41348
Mize,kentucky,41352
Pine Ridge,kentucky,41360
Rogers,kentucky,41365
Rousseau,kentucky,41366
Rowdy,kentucky,41367
Vancleve,kentucky,41385
Whick,kentucky,41390
Zoe,kentucky,41397
Cannel City,kentucky,41408
Elkfork,kentucky,41421
Ezel,kentucky,41425
Royalton,kentucky,41464
Salyersville,kentucky,41465
West Liberty,kentucky,41472
Pikeville,kentucky,41501
South Williamson,kentucky,41503
Ashcamp,kentucky,41512
Belcher,kentucky,41513
Belfry,kentucky,41514
Burdine,kentucky,41517
Canada,kentucky,41519
Elkhorn City,kentucky,41522
Fedscreek,kentucky,41524
Fords Branch,kentucky,41526
Forest Hills,kentucky,41527
Freeburn,kentucky,41528
Hardy,kentucky,41531
Hellier,kentucky,41534
Huddy,kentucky,41535
Jenkins,kentucky,41537
Jonancy,kentucky,41538
Kimper,kentucky,41539
Lick Creek,kentucky,41540
Mc Andrews,kentucky,41543
Mc Carr,kentucky,41544
Majestic,kentucky,41547
Mouthcard,kentucky,41548
Phelps,kentucky,41553
Phyllis,kentucky,41554
Pinsonfork,kentucky,41555
Raccoon,kentucky,41557
Ransom,kentucky,41558
Regina,kentucky,41559
Robinson Creek,kentucky,41560
Shelbiana,kentucky,41562
Shelby Gap,kentucky,41563
Sidney,kentucky,41564
Steele,kentucky,41566
Stone,kentucky,41567
Stopover,kentucky,41568
Varney,kentucky,41571
Virgie,kentucky,41572
Allen,kentucky,41601
Auxier,kentucky,41602
Banner,kentucky,41603
Beaver,kentucky,41604
Betsy Layne,kentucky,41605
Bevinsville,kentucky,41606
Blue River,kentucky,41607
Bypro,kentucky,41612
Dana,kentucky,41615
David,kentucky,41616
Drift,kentucky,41619
Dwale,kentucky,41621
Eastern,kentucky,41622
Garrett,kentucky,41630
Grethel,kentucky,41631
Gunlock,kentucky,41632
Harold,kentucky,41635
Hi Hat,kentucky,41636
Hueysville,kentucky,41640
Ivel,kentucky,41642
Lackey,kentucky,41643
Langley,kentucky,41645
Mc Dowell,kentucky,41647
Martin,kentucky,41649
Melvin,kentucky,41650
Prestonsburg,kentucky,41653
Printer,kentucky,41655
Stanville,kentucky,41659
Teaberry,kentucky,41660
Tram,kentucky,41663
Wayland,kentucky,41666
Weeksbury,kentucky,41667
Wheelwright,kentucky,41669
Hazard,kentucky,41701
Ary,kentucky,41712
Avawam,kentucky,41713
Bear Branch,kentucky,41714
Bonnyman,kentucky,41719
Buckhorn,kentucky,41721
Bulan,kentucky,41722
Busy,kentucky,41723
Carrie,kentucky,41725
Chavies,kentucky,41727
Combs,kentucky,41729
Cornettsville,kentucky,41731
Delphia,kentucky,41735
Dwarf,kentucky,41739
Emmalena,kentucky,41740
Gays Creek,kentucky,41745
Happy,kentucky,41746
Hyden,kentucky,41749
Jeff,kentucky,41751
Krypton,kentucky,41754
Sassafras,kentucky,41759
Scuddy,kentucky,41760
Sizerock,kentucky,41762
Slemp,kentucky,41763
Smilax,kentucky,41764
Thousandsticks,kentucky,41766
Vest,kentucky,41772
Vicco,kentucky,41773
Viper,kentucky,41774
Wendover,kentucky,41775
Wooton,kentucky,41776
Yeaddiss,kentucky,41777
Blackey,kentucky,41804
Cromona,kentucky,41810
Deane,kentucky,41812
Ermine,kentucky,41815
Garner,kentucky,41817
Gordon,kentucky,41819
Hallie,kentucky,41821
Hindman,kentucky,41822
Isom,kentucky,41824
Jackhorn,kentucky,41825
Jeremiah,kentucky,41826
Kite,kentucky,41828
Leburn,kentucky,41831
Letcher,kentucky,41832
Linefork,kentucky,41833
Littcarr,kentucky,41834
Mc Roberts,kentucky,41835
Mallie,kentucky,41836
Mayking,kentucky,41837
Millstone,kentucky,41838
Mousie,kentucky,41839
Neon,kentucky,41840
Pine Top,kentucky,41843
Pippa Passes,kentucky,41844
Premium,kentucky,41845
Redfox,kentucky,41847
Roxana,kentucky,41848
Seco,kentucky,41849
Thornton,kentucky,41855
Whitesburg,kentucky,41858
Dema,kentucky,41859
Raven,kentucky,41861
Topmost,kentucky,41862
Paducah,kentucky,42001
Paducah,kentucky,42003
Almo,kentucky,42020
Arlington,kentucky,42021
Bandana,kentucky,42022
Bardwell,kentucky,42023
Barlow,kentucky,42024
Benton,kentucky,42025
Boaz,kentucky,42027
Burna,kentucky,42028
Calvert City,kentucky,42029
Clinton,kentucky,42031
Columbus,kentucky,42032
Cunningham,kentucky,42035
Dexter,kentucky,42036
Dycusburg,kentucky,42037
Eddyville,kentucky,42038
Fancy Farm,kentucky,42039
Farmington,kentucky,42040
Fulton,kentucky,42041
Gilbertsville,kentucky,42044
Grand Rivers,kentucky,42045
Hampton,kentucky,42047
Hardin,kentucky,42048
Hazel,kentucky,42049
Hickman,kentucky,42050
Hickory,kentucky,42051
Kevil,kentucky,42053
Kirksey,kentucky,42054
Kuttawa,kentucky,42055
La Center,kentucky,42056
Ledbetter,kentucky,42058
Lovelaceville,kentucky,42060
Lowes,kentucky,42061
Marion,kentucky,42064
Mayfield,kentucky,42066
Melber,kentucky,42069
Murray,kentucky,42071
New Concord,kentucky,42076
Salem,kentucky,42078
Sedalia,kentucky,42079
Smithland,kentucky,42081
Symsonia,kentucky,42082
Tiline,kentucky,42083
Water Valley,kentucky,42085
West Paducah,kentucky,42086
Wickliffe,kentucky,42087
Wingo,kentucky,42088
Bowling Green,kentucky,42101
Bowling Green,kentucky,42102
Bowling Green,kentucky,42103
Bowling Green,kentucky,42104
Adolphus,kentucky,42120
Alvaton,kentucky,42122
Austin,kentucky,42123
Beaumont,kentucky,42124
Cave City,kentucky,42127
Edmonton,kentucky,42129
Eighty Eight,kentucky,42130
Fountain Run,kentucky,42133
Franklin,kentucky,42134
Gamaliel,kentucky,42140
Glasgow,kentucky,42141
Hestand,kentucky,42151
Holland,kentucky,42153
Knob Lick,kentucky,42154
Lucas,kentucky,42156
Mount Hermon,kentucky,42157
Oakland,kentucky,42159
Park City,kentucky,42160
Rocky Hill,kentucky,42163
Scottsville,kentucky,42164
Summer Shade,kentucky,42166
Tompkinsville,kentucky,42167
Woodburn,kentucky,42170
Smiths Grove,kentucky,42171
Adairville,kentucky,42202
Allensville,kentucky,42204
Auburn,kentucky,42206
Bee Spring,kentucky,42207
Brownsville,kentucky,42210
Cadiz,kentucky,42211
Center,kentucky,42214
Cerulean,kentucky,42215
Crofton,kentucky,42217
Elkton,kentucky,42220
Fort Campbell,kentucky,42223
Gracey,kentucky,42232
Guthrie,kentucky,42234
Herndon,kentucky,42236
Hopkinsville,kentucky,42240
La Fayette,kentucky,42254
Lewisburg,kentucky,42256
Mammoth Cave,kentucky,42259
Morgantown,kentucky,42261
Oak Grove,kentucky,42262
Olmstead,kentucky,42265
Pembroke,kentucky,42266
Rochester,kentucky,42273
Rockfield,kentucky,42274
Roundhill,kentucky,42275
Russellville,kentucky,42276
Sharon Grove,kentucky,42280
Sweeden,kentucky,42285
Trenton,kentucky,42286
Owensboro,kentucky,42301
Owensboro,kentucky,42303
Beaver Dam,kentucky,42320
Beech Creek,kentucky,42321
Beech Grove,kentucky,42322
Beechmont,kentucky,42323
Belton,kentucky,42324
Bremen,kentucky,42325
Browder,kentucky,42326
Calhoun,kentucky,42327
Centertown,kentucky,42328
Central City,kentucky,42330
Cleaton,kentucky,42332
Cromwell,kentucky,42333
Drakesboro,kentucky,42337
Dundee,kentucky,42338
Dunmor,kentucky,42339
Fordsville,kentucky,42343
Graham,kentucky,42344
Greenville,kentucky,42345
Hartford,kentucky,42347
Hawesville,kentucky,42348
Horse Branch,kentucky,42349
Island,kentucky,42350
Lewisport,kentucky,42351
Livermore,kentucky,42352
Mc Henry,kentucky,42354
Maceo,kentucky,42355
Maple Mount,kentucky,42356
Olaton,kentucky,42361
Philpot,kentucky,42366
Powderly,kentucky,42367
Reynolds Station,kentucky,42368
Rockport,kentucky,42369
Rosine,kentucky,42370
Rumsey,kentucky,42371
Sacramento,kentucky,42372
South Carrollton,kentucky,42374
Utica,kentucky,42376
Whitesville,kentucky,42378
Clay,kentucky,42404
Corydon,kentucky,42406
Dawson Springs,kentucky,42408
Dixon,kentucky,42409
Earlington,kentucky,42410
Fredonia,kentucky,42411
Hanson,kentucky,42413
Henderson,kentucky,42420
Madisonville,kentucky,42431
Manitou,kentucky,42436
Morganfield,kentucky,42437
Mortons Gap,kentucky,42440
Nebo,kentucky,42441
Nortonville,kentucky,42442
Princeton,kentucky,42445
Providence,kentucky,42450
Reed,kentucky,42451
Robards,kentucky,42452
Saint Charles,kentucky,42453
Sebree,kentucky,42455
Slaughters,kentucky,42456
Spottsville,kentucky,42458
Sturgis,kentucky,42459
Uniontown,kentucky,42461
Waverly,kentucky,42462
Wheatcroft,kentucky,42463
White Plains,kentucky,42464
Somerset,kentucky,42501
Somerset,kentucky,42503
Bethelridge,kentucky,42516
Bronston,kentucky,42518
Burnside,kentucky,42519
Dunnville,kentucky,42528
Ferguson,kentucky,42533
Liberty,kentucky,42539
Middleburg,kentucky,42541
Nancy,kentucky,42544
Science Hill,kentucky,42553
Windsor,kentucky,42565
Yosemite,kentucky,42566
Eubank,kentucky,42567
Albany,kentucky,42602
Alpha,kentucky,42603
Jamestown,kentucky,42629
Marshes Siding,kentucky,42631
Monticello,kentucky,42633
Parkers Lake,kentucky,42634
Pine Knot,kentucky,42635
Revelo,kentucky,42638
Russell Springs,kentucky,42642
Stearns,kentucky,42647
Strunk,kentucky,42649
Whitley City,kentucky,42653
Elizabethtown,kentucky,42701
Big Clifty,kentucky,42712
Bonnieville,kentucky,42713
Breeding,kentucky,42715
Buffalo,kentucky,42716
Burkesville,kentucky,42717
Campbellsville,kentucky,42718
Caneyville,kentucky,42721
Canmer,kentucky,42722
Cecilia,kentucky,42724
Clarkson,kentucky,42726
Columbia,kentucky,42728
Cub Run,kentucky,42729
Eastview,kentucky,42732
Elk Horn,kentucky,42733
Glendale,kentucky,42740
Glens Fork,kentucky,42741
Greensburg,kentucky,42743
Hardyville,kentucky,42746
Hodgenville,kentucky,42748
Horse Cave,kentucky,42749
Knifley,kentucky,42753
Leitchfield,kentucky,42754
Magnolia,kentucky,42757
Mannsville,kentucky,42758
Millwood,kentucky,42762
Mount Sherman,kentucky,42764
Munfordville,kentucky,42765
Sonora,kentucky,42776
Summersville,kentucky,42782
Upton,kentucky,42784
White Mills,kentucky,42788
Alexandria,ohio,43001
Amlin,ohio,43002
Ashley,ohio,43003
Blacklick,ohio,43004
Bladensburg,ohio,43005
Brinkhaven,ohio,43006
Buckeye Lake,ohio,43008
Cable,ohio,43009
Catawba,ohio,43010
Centerburg,ohio,43011
Croton,ohio,43013
Danville,ohio,43014
Delaware,ohio,43015
Dublin,ohio,43016
Dublin,ohio,43017
Fredericktown,ohio,43019
Galena,ohio,43021
Gambier,ohio,43022
Granville,ohio,43023
Hebron,ohio,43025
Hilliard,ohio,43026
Howard,ohio,43028
Irwin,ohio,43029
Jacksontown,ohio,43030
Johnstown,ohio,43031
Kilbourne,ohio,43032
Kirkersville,ohio,43033
Lewis Center,ohio,43035
Magnetic Springs,ohio,43036
Martinsburg,ohio,43037
Marysville,ohio,43040
Mechanicsburg,ohio,43044
Milford Center,ohio,43045
Millersport,ohio,43046
Mount Vernon,ohio,43050
New Albany,ohio,43054
Newark,ohio,43055
Heath,ohio,43056
North Lewisburg,ohio,43060
Ostrander,ohio,43061
Pataskala,ohio,43062
Plain City,ohio,43064
Powell,ohio,43065
Radnor,ohio,43066
Raymond,ohio,43067
Reynoldsburg,ohio,43068
Rosewood,ohio,43070
Saint Louisville,ohio,43071
Saint Paris,ohio,43072
Sunbury,ohio,43074
Thornville,ohio,43076
Unionville Center,ohio,43077
Urbana,ohio,43078
Utica,ohio,43080
Westerville,ohio,43081
Westerville,ohio,43082
Woodstock,ohio,43084
Columbus,ohio,43085
Adelphi,ohio,43101
Amanda,ohio,43102
Ashville,ohio,43103
Baltimore,ohio,43105
Bloomingburg,ohio,43106
Bremen,ohio,43107
Brice,ohio,43109
Canal Winchester,ohio,43110
Carbon Hill,ohio,43111
Carroll,ohio,43112
Circleville,ohio,43113
Clarksburg,ohio,43115
Commercial Point,ohio,43116
Derby,ohio,43117
Galloway,ohio,43119
Grove City,ohio,43123
Groveport,ohio,43125
Harrisburg,ohio,43126
Haydenville,ohio,43127
Jeffersonville,ohio,43128
Lancaster,ohio,43130
Laurelville,ohio,43135
Lithopolis,ohio,43136
Lockbourne,ohio,43137
Logan,ohio,43138
London,ohio,43140
Milledgeville,ohio,43142
Mount Sterling,ohio,43143
Murray City,ohio,43144
New Holland,ohio,43145
Orient,ohio,43146
Pickerington,ohio,43147
Pleasantville,ohio,43148
Rockbridge,ohio,43149
Rushville,ohio,43150
Sedalia,ohio,43151
South Bloomingville,ohio,43152
South Solon,ohio,43153
Stoutsville,ohio,43154
Sugar Grove,ohio,43155
Tarlton,ohio,43156
Thurston,ohio,43157
Union Furnace,ohio,43158
Washington Court House,ohio,43160
West Jefferson,ohio,43162
Williamsport,ohio,43164
Columbus,ohio,43201
Columbus,ohio,43202
Columbus,ohio,43203
Columbus,ohio,43204
Columbus,ohio,43205
Columbus,ohio,43206
Columbus,ohio,43207
Columbus,ohio,43209
Columbus,ohio,43210
Columbus,ohio,43211
Columbus,ohio,43212
Columbus,ohio,43213
Columbus,ohio,43214
Columbus,ohio,43215
Columbus,ohio,43217
Columbus,ohio,43219
Columbus,ohio,43220
Columbus,ohio,43221
Columbus,ohio,43222
Columbus,ohio,43223
Columbus,ohio,43224
Columbus,ohio,43227
Columbus,ohio,43228
Columbus,ohio,43229
Columbus,ohio,43230
Columbus,ohio,43231
Columbus,ohio,43232
Columbus,ohio,43235
Columbus,ohio,43240
Marion,ohio,43302
Belle Center,ohio,43310
Bellefontaine,ohio,43311
Caledonia,ohio,43314
Cardington,ohio,43315
Carey,ohio,43316
Chesterville,ohio,43317
De Graff,ohio,43318
East Liberty,ohio,43319
Edison,ohio,43320
Fulton,ohio,43321
Green Camp,ohio,43322
Harpster,ohio,43323
Huntsville,ohio,43324
Kenton,ohio,43326
Kirby,ohio,43330
Lakeview,ohio,43331
La Rue,ohio,43332
Lewistown,ohio,43333
Marengo,ohio,43334
Middleburg,ohio,43336
Morral,ohio,43337
Mount Gilead,ohio,43338
Mount Victory,ohio,43340
New Bloomington,ohio,43341
Prospect,ohio,43342
Quincy,ohio,43343
Richwood,ohio,43344
Ridgeway,ohio,43345
Rushsylvania,ohio,43347
Russells Point,ohio,43348
Upper Sandusky,ohio,43351
Waldo,ohio,43356
West Liberty,ohio,43357
West Mansfield,ohio,43358
Wharton,ohio,43359
Zanesfield,ohio,43360
Bowling Green,ohio,43402
Bowling Green,ohio,43403
Bradner,ohio,43406
Burgoon,ohio,43407
Clay Center,ohio,43408
Clyde,ohio,43410
Curtice,ohio,43412
Cygnet,ohio,43413
Elmore,ohio,43416
Fremont,ohio,43420
Genoa,ohio,43430
Gibsonburg,ohio,43431
Graytown,ohio,43432
Gypsum,ohio,43433
Harbor View,ohio,43434
Helena,ohio,43435
Jerry City,ohio,43437
Kelleys Island,ohio,43438
Lacarne,ohio,43439
Lakeside Marblehead,ohio,43440
Lindsey,ohio,43442
Luckey,ohio,43443
Martin,ohio,43445
Middle Bass,ohio,43446
Millbury,ohio,43447
Oak Harbor,ohio,43449
Pemberville,ohio,43450
Portage,ohio,43451
Port Clinton,ohio,43452
Put In Bay,ohio,43456
Risingsun,ohio,43457
Rocky Ridge,ohio,43458
Rossford,ohio,43460
Rudolph,ohio,43462
Stony Ridge,ohio,43463
Vickery,ohio,43464
Walbridge,ohio,43465
Wayne,ohio,43466
West Millgrove,ohio,43467
Williston,ohio,43468
Woodville,ohio,43469
Alvordton,ohio,43501
Archbold,ohio,43502
Berkey,ohio,43504
Blakeslee,ohio,43505
Bryan,ohio,43506
Custar,ohio,43511
Defiance,ohio,43512
Delta,ohio,43515
Deshler,ohio,43516
Edgerton,ohio,43517
Edon,ohio,43518
Evansport,ohio,43519
Fayette,ohio,43521
Grand Rapids,ohio,43522
Grelton,ohio,43523
Hamler,ohio,43524
Haskins,ohio,43525
Hicksville,ohio,43526
Holgate,ohio,43527
Holland,ohio,43528
Hoytville,ohio,43529
Kunkle,ohio,43531
Liberty Center,ohio,43532
Lyons,ohio,43533
Mc Clure,ohio,43534
Malinta,ohio,43535
Mark Center,ohio,43536
Maumee,ohio,43537
Metamora,ohio,43540
Milton Center,ohio,43541
Monclova,ohio,43542
Montpelier,ohio,43543
Napoleon,ohio,43545
Neapolis,ohio,43547
New Bavaria,ohio,43548
Ney,ohio,43549
Perrysburg,ohio,43551
Pettisville,ohio,43553
Pioneer,ohio,43554
Ridgeville Corners,ohio,43555
Sherwood,ohio,43556
Stryker,ohio,43557
Swanton,ohio,43558
Sylvania,ohio,43560
Tontogany,ohio,43565
Waterville,ohio,43566
Wauseon,ohio,43567
Weston,ohio,43569
West Unity,ohio,43570
Whitehouse,ohio,43571
Toledo,ohio,43604
Toledo,ohio,43605
Toledo,ohio,43606
Toledo,ohio,43607
Toledo,ohio,43608
Toledo,ohio,43609
Toledo,ohio,43610
Toledo,ohio,43611
Toledo,ohio,43612
Toledo,ohio,43613
Toledo,ohio,43614
Toledo,ohio,43615
Oregon,ohio,43616
Toledo,ohio,43617
Northwood,ohio,43619
Toledo,ohio,43620
Toledo,ohio,43623
Zanesville,ohio,43701
Ava,ohio,43711
Barnesville,ohio,43713
Beallsville,ohio,43716
Belle Valley,ohio,43717
Belmont,ohio,43718
Bethesda,ohio,43719
Blue Rock,ohio,43720
Brownsville,ohio,43721
Buffalo,ohio,43722
Byesville,ohio,43723
Caldwell,ohio,43724
Cambridge,ohio,43725
Chandlersville,ohio,43727
Chesterhill,ohio,43728
Corning,ohio,43730
Crooksville,ohio,43731
Cumberland,ohio,43732
Derwent,ohio,43733
Duncan Falls,ohio,43734
East Fultonham,ohio,43735
Fairview,ohio,43736
Fultonham,ohio,43738
Glenford,ohio,43739
Gratiot,ohio,43740
Hopewell,ohio,43746
Jerusalem,ohio,43747
Junction City,ohio,43748
Kimbolton,ohio,43749
Kipling,ohio,43750
Lewisville,ohio,43754
Lore City,ohio,43755
Mcconnelsville,ohio,43756
Malta,ohio,43758
Morristown,ohio,43759
Mount Perry,ohio,43760
Moxahala,ohio,43761
New Concord,ohio,43762
New Lexington,ohio,43764
New Straitsville,ohio,43766
Norwich,ohio,43767
Old Washington,ohio,43768
Philo,ohio,43771
Pleasant City,ohio,43772
Quaker City,ohio,43773
Roseville,ohio,43777
Salesville,ohio,43778
Sarahsville,ohio,43779
Senecaville,ohio,43780
Shawnee,ohio,43782
Somerset,ohio,43783
Stafford,ohio,43786
Stockport,ohio,43787
Summerfield,ohio,43788
Woodsfield,ohio,43793
Adamsville,ohio,43802
Baltic,ohio,43804
Blissfield,ohio,43805
Conesville,ohio,43811
Coshocton,ohio,43812
Dresden,ohio,43821
Frazeysburg,ohio,43822
Fresno,ohio,43824
Nashport,ohio,43830
Newcomerstown,ohio,43832
Plainfield,ohio,43836
Port Washington,ohio,43837
Stone Creek,ohio,43840
Trinway,ohio,43842
Walhonding,ohio,43843
Warsaw,ohio,43844
West Lafayette,ohio,43845
Adena,ohio,43901
Alledonia,ohio,43902
Amsterdam,ohio,43903
Barton,ohio,43905
Bellaire,ohio,43906
Cadiz,ohio,43907
Bergholz,ohio,43908
Bloomingdale,ohio,43910
Bridgeport,ohio,43912
Brilliant,ohio,43913
Cameron,ohio,43914
Clarington,ohio,43915
Dillonvale,ohio,43917
East Liverpool,ohio,43920
East Springfield,ohio,43925
Empire,ohio,43926
Fairpoint,ohio,43927
Glencoe,ohio,43928
Hammondsville,ohio,43930
Hannibal,ohio,43931
Irondale,ohio,43932
Jacobsburg,ohio,43933
Lansing,ohio,43934
Martins Ferry,ohio,43935
Mingo Junction,ohio,43938
Mount Pleasant,ohio,43939
Neffs,ohio,43940
Powhatan Point,ohio,43942
Rayland,ohio,43943
Richmond,ohio,43944
Salineville,ohio,43945
Sardis,ohio,43946
Shadyside,ohio,43947
Smithfield,ohio,43948
Saint Clairsville,ohio,43950
Lafferty,ohio,43951
Steubenville,ohio,43952
Steubenville,ohio,43953
Stratton,ohio,43961
Summitville,ohio,43962
Tiltonsville,ohio,43963
Toronto,ohio,43964
Warnock,ohio,43967
Wellsville,ohio,43968
Wolf Run,ohio,43970
Yorkville,ohio,43971
Bannock,ohio,43972
Freeport,ohio,43973
Harrisville,ohio,43974
Hopedale,ohio,43976
Flushing,ohio,43977
Piedmont,ohio,43983
Holloway,ohio,43985
Jewett,ohio,43986
Scio,ohio,43988
Amherst,ohio,44001
Andover,ohio,44003
Ashtabula,ohio,44004
Austinburg,ohio,44010
Avon,ohio,44011
Avon Lake,ohio,44012
Berea,ohio,44017
Burton,ohio,44021
Chagrin Falls,ohio,44022
Chagrin Falls,ohio,44023
Chardon,ohio,44024
Chesterland,ohio,44026
Columbia Station,ohio,44028
Conneaut,ohio,44030
Dorset,ohio,44032
Elyria,ohio,44035
North Ridgeville,ohio,44039
Gates Mills,ohio,44040
Geneva,ohio,44041
Grafton,ohio,44044
Grand River,ohio,44045
Huntsburg,ohio,44046
Jefferson,ohio,44047
Kingsville,ohio,44048
Kipton,ohio,44049
Lagrange,ohio,44050
Lorain,ohio,44052
Lorain,ohio,44053
Sheffield Lake,ohio,44054
Lorain,ohio,44055
Macedonia,ohio,44056
Madison,ohio,44057
Mentor,ohio,44060
Middlefield,ohio,44062
Montville,ohio,44064
Newbury,ohio,44065
Northfield,ohio,44067
North Olmsted,ohio,44070
Novelty,ohio,44072
Oberlin,ohio,44074
Orwell,ohio,44076
Painesville,ohio,44077
Parkman,ohio,44080
Perry,ohio,44081
Pierpont,ohio,44082
Rock Creek,ohio,44084
Rome,ohio,44085
Thompson,ohio,44086
Twinsburg,ohio,44087
Vermilion,ohio,44089
Wellington,ohio,44090
Wickliffe,ohio,44092
Williamsfield,ohio,44093
Willoughby,ohio,44094
Eastlake,ohio,44095
Windsor,ohio,44099
Cleveland,ohio,44101
Cleveland,ohio,44102
Cleveland,ohio,44103
Cleveland,ohio,44104
Cleveland,ohio,44105
Cleveland,ohio,44106
Lakewood,ohio,44107
Cleveland,ohio,44108
Cleveland,ohio,44109
Cleveland,ohio,44110
Cleveland,ohio,44111
Cleveland,ohio,44112
Cleveland,ohio,44113
Cleveland,ohio,44114
Cleveland,ohio,44115
Rocky River,ohio,44116
Euclid,ohio,44117
Cleveland,ohio,44118
Cleveland,ohio,44119
Cleveland,ohio,44120
Cleveland,ohio,44121
Beachwood,ohio,44122
Euclid,ohio,44123
Cleveland,ohio,44124
Cleveland,ohio,44125
Cleveland,ohio,44126
Cleveland,ohio,44127
Cleveland,ohio,44128
Cleveland,ohio,44129
Cleveland,ohio,44130
Independence,ohio,44131
Euclid,ohio,44132
North Royalton,ohio,44133
Cleveland,ohio,44134
Cleveland,ohio,44135
Strongsville,ohio,44136
Maple Heights,ohio,44137
Olmsted Falls,ohio,44138
Solon,ohio,44139
Bay Village,ohio,44140
Brecksville,ohio,44141
Brookpark,ohio,44142
Cleveland,ohio,44143
Cleveland,ohio,44144
Westlake,ohio,44145
Bedford,ohio,44146
Broadview Heights,ohio,44147
Strongsville,ohio,44149
Atwater,ohio,44201
Aurora,ohio,44202
Barberton,ohio,44203
Brunswick,ohio,44212
Burbank,ohio,44214
Chippewa Lake,ohio,44215
Clinton,ohio,44216
Creston,ohio,44217
Cuyahoga Falls,ohio,44221
Cuyahoga Falls,ohio,44223
Stow,ohio,44224
Doylestown,ohio,44230
Garrettsville,ohio,44231
Hinckley,ohio,44233
Hiram,ohio,44234
Homerville,ohio,44235
Hudson,ohio,44236
Kent,ohio,44240
Streetsboro,ohio,44241
Kent,ohio,44243
Lakemore,ohio,44250
Westfield Center,ohio,44251
Litchfield,ohio,44253
Lodi,ohio,44254
Mantua,ohio,44255
Medina,ohio,44256
Mogadore,ohio,44260
Munroe Falls,ohio,44262
Peninsula,ohio,44264
Randolph,ohio,44265
Ravenna,ohio,44266
Rittman,ohio,44270
Rootstown,ohio,44272
Seville,ohio,44273
Sharon Center,ohio,44274
Spencer,ohio,44275
Sterling,ohio,44276
Tallmadge,ohio,44278
Valley City,ohio,44280
Wadsworth,ohio,44281
Wayland,ohio,44285
Richfield,ohio,44286
West Salem,ohio,44287
Windham,ohio,44288
Akron,ohio,44301
Akron,ohio,44302
Akron,ohio,44303
Akron,ohio,44304
Akron,ohio,44305
Akron,ohio,44306
Akron,ohio,44307
Akron,ohio,44308
Akron,ohio,44310
Akron,ohio,44311
Akron,ohio,44312
Akron,ohio,44313
Akron,ohio,44314
Akron,ohio,44319
Akron,ohio,44320
Akron,ohio,44321
Akron,ohio,44333
Berlin Center,ohio,44401
Bristolville,ohio,44402
Brookfield,ohio,44403
Burghill,ohio,44404
Campbell,ohio,44405
Canfield,ohio,44406
Columbiana,ohio,44408
Cortland,ohio,44410
Deerfield,ohio,44411
Diamond,ohio,44412
East Palestine,ohio,44413
Farmdale,ohio,44417
Fowler,ohio,44418
Girard,ohio,44420
Hanoverton,ohio,44423
Hubbard,ohio,44425
Kensington,ohio,44427
Kinsman,ohio,44428
Lake Milton,ohio,44429
Leavittsburg,ohio,44430
Leetonia,ohio,44431
Lisbon,ohio,44432
Lowellville,ohio,44436
Mc Donald,ohio,44437
Masury,ohio,44438
Mesopotamia,ohio,44439
Mineral Ridge,ohio,44440
Negley,ohio,44441
New Middletown,ohio,44442
New Springfield,ohio,44443
Newton Falls,ohio,44444
New Waterford,ohio,44445
Niles,ohio,44446
North Benton,ohio,44449
North Bloomfield,ohio,44450
North Jackson,ohio,44451
North Lima,ohio,44452
Petersburg,ohio,44454
Rogers,ohio,44455
Salem,ohio,44460
Southington,ohio,44470
Struthers,ohio,44471
Vienna,ohio,44473
Warren,ohio,44481
Warren,ohio,44483
Warren,ohio,44484
Warren,ohio,44485
Washingtonville,ohio,44490
West Farmington,ohio,44491
Winona,ohio,44493
Youngstown,ohio,44502
Youngstown,ohio,44503
Youngstown,ohio,44504
Youngstown,ohio,44505
Youngstown,ohio,44506
Youngstown,ohio,44507
Youngstown,ohio,44509
Youngstown,ohio,44510
Youngstown,ohio,44511
Youngstown,ohio,44512
Youngstown,ohio,44514
Youngstown,ohio,44515
Alliance,ohio,44601
Apple Creek,ohio,44606
Augusta,ohio,44607
Beach City,ohio,44608
Beloit,ohio,44609
Berlin,ohio,44610
Big Prairie,ohio,44611
Bolivar,ohio,44612
Brewster,ohio,44613
Canal Fulton,ohio,44614
Carrollton,ohio,44615
Dalton,ohio,44618
Dellroy,ohio,44620
Dennison,ohio,44621
Dover,ohio,44622
Dundee,ohio,44624
East Rochester,ohio,44625
East Sparta,ohio,44626
Fredericksburg,ohio,44627
Glenmont,ohio,44628
Gnadenhutten,ohio,44629
Hartville,ohio,44632
Holmesville,ohio,44633
Homeworth,ohio,44634
Killbuck,ohio,44637
Lakeville,ohio,44638
Limaville,ohio,44640
Louisville,ohio,44641
Magnolia,ohio,44643
Malvern,ohio,44644
Marshallville,ohio,44645
Massillon,ohio,44646
Massillon,ohio,44647
Mechanicstown,ohio,44651
Middlebranch,ohio,44652
Midvale,ohio,44653
Millersburg,ohio,44654
Mineral City,ohio,44656
Minerva,ohio,44657
Mount Eaton,ohio,44659
Nashville,ohio,44661
Navarre,ohio,44662
New Philadelphia,ohio,44663
North Lawrence,ohio,44666
Orrville,ohio,44667
Paris,ohio,44669
Robertsville,ohio,44670
Sandyville,ohio,44671
Sebring,ohio,44672
Sherrodsville,ohio,44675
Shreve,ohio,44676
Smithville,ohio,44677
Somerdale,ohio,44678
Strasburg,ohio,44680
Sugarcreek,ohio,44681
Tuscarawas,ohio,44682
Uhrichsville,ohio,44683
Uniontown,ohio,44685
Walnut Creek,ohio,44687
Waynesburg,ohio,44688
Wilmot,ohio,44689
Winesburg,ohio,44690
Wooster,ohio,44691
Deersville,ohio,44693
Bowerston,ohio,44695
Zoar,ohio,44697
Tippecanoe,ohio,44699
Canton,ohio,44702
Canton,ohio,44703
Canton,ohio,44704
Canton,ohio,44705
Canton,ohio,44706
Canton,ohio,44707
Canton,ohio,44708
Canton,ohio,44709
Canton,ohio,44710
Canton,ohio,44714
Canton,ohio,44718
North Canton,ohio,44720
Canton,ohio,44721
East Canton,ohio,44730
Alvada,ohio,44802
Arcadia,ohio,44804
Ashland,ohio,44805
Attica,ohio,44807
Bascom,ohio,44809
Bellevue,ohio,44811
Bellville,ohio,44813
Berlin Heights,ohio,44814
Bettsville,ohio,44815
Birmingham,ohio,44816
Bloomdale,ohio,44817
Bloomville,ohio,44818
Bucyrus,ohio,44820
Butler,ohio,44822
Castalia,ohio,44824
Chatfield,ohio,44825
Collins,ohio,44826
Crestline,ohio,44827
Flat Rock,ohio,44828
Fostoria,ohio,44830
Galion,ohio,44833
Green Springs,ohio,44836
Greenwich,ohio,44837
Hayesville,ohio,44838
Huron,ohio,44839
Jeromesville,ohio,44840
Kansas,ohio,44841
Loudonville,ohio,44842
Lucas,ohio,44843
Mc Cutchenville,ohio,44844
Milan,ohio,44846
Monroeville,ohio,44847
Nevada,ohio,44849
New Haven,ohio,44850
New London,ohio,44851
New Riegel,ohio,44853
New Washington,ohio,44854
North Fairfield,ohio,44855
North Robinson,ohio,44856
Norwalk,ohio,44857
Nova,ohio,44859
Old Fort,ohio,44861
Perrysville,ohio,44864
Plymouth,ohio,44865
Polk,ohio,44866
Republic,ohio,44867
Sandusky,ohio,44870
Savannah,ohio,44874
Shelby,ohio,44875
Shiloh,ohio,44878
Sullivan,ohio,44880
Sulphur Springs,ohio,44881
Sycamore,ohio,44882
Tiffin,ohio,44883
Tiro,ohio,44887
Wakeman,ohio,44889
Willard,ohio,44890
Mansfield,ohio,44901
Mansfield,ohio,44902
Mansfield,ohio,44903
Mansfield,ohio,44904
Mansfield,ohio,44905
Mansfield,ohio,44906
Mansfield,ohio,44907
Addyston,ohio,45001
Cleves,ohio,45002
College Corner,ohio,45003
Franklin,ohio,45005
Hamilton,ohio,45011
Hamilton,ohio,45013
Fairfield,ohio,45014
Hamilton,ohio,45015
Harrison,ohio,45030
Harveysburg,ohio,45032
Hooven,ohio,45033
Kings Mills,ohio,45034
Lebanon,ohio,45036
Maineville,ohio,45039
Mason,ohio,45040
Miamitown,ohio,45041
Middletown,ohio,45042
Middletown,ohio,45044
Monroe,ohio,45050
Mount Saint Joseph,ohio,45051
North Bend,ohio,45052
Okeana,ohio,45053
Oregonia,ohio,45054
Oxford,ohio,45056
Seven Mile,ohio,45062
Somerville,ohio,45064
South Lebanon,ohio,45065
Springboro,ohio,45066
Trenton,ohio,45067
Waynesville,ohio,45068
West Chester,ohio,45069
West Elkton,ohio,45070
Aberdeen,ohio,45101
Amelia,ohio,45102
Batavia,ohio,45103
Bethel,ohio,45106
Blanchester,ohio,45107
Camp Dennison,ohio,45111
Chilo,ohio,45112
Clarksville,ohio,45113
Decatur,ohio,45115
Fayetteville,ohio,45118
Felicity,ohio,45120
Georgetown,ohio,45121
Goshen,ohio,45122
Greenfield,ohio,45123
Hamersville,ohio,45130
Higginsport,ohio,45131
Highland,ohio,45132
Hillsboro,ohio,45133
Leesburg,ohio,45135
Loveland,ohio,45140
Lynchburg,ohio,45142
Manchester,ohio,45144
Martinsville,ohio,45146
Miamiville,ohio,45147
Midland,ohio,45148
Milford,ohio,45150
Morrow,ohio,45152
Moscow,ohio,45153
Mount Orab,ohio,45154
Mowrystown,ohio,45155
Neville,ohio,45156
New Richmond,ohio,45157
Newtonsville,ohio,45158
New Vienna,ohio,45159
Owensville,ohio,45160
Pleasant Plain,ohio,45162
Port William,ohio,45164
Reesville,ohio,45166
Ripley,ohio,45167
Russellville,ohio,45168
Sabina,ohio,45169
Sardinia,ohio,45171
Sinking Spring,ohio,45172
Terrace Park,ohio,45174
Williamsburg,ohio,45176
Wilmington,ohio,45177
Cincinnati,ohio,45202
Cincinnati,ohio,45203
Cincinnati,ohio,45204
Cincinnati,ohio,45205
Cincinnati,ohio,45206
Cincinnati,ohio,45207
Cincinnati,ohio,45208
Cincinnati,ohio,45209
Cincinnati,ohio,45211
Cincinnati,ohio,45212
Cincinnati,ohio,45213
Cincinnati,ohio,45214
Cincinnati,ohio,45215
Cincinnati,ohio,45216
Cincinnati,ohio,45217
Cincinnati,ohio,45218
Cincinnati,ohio,45219
Cincinnati,ohio,45220
Cincinnati,ohio,45223
Cincinnati,ohio,45224
Cincinnati,ohio,45225
Cincinnati,ohio,45226
Cincinnati,ohio,45227
Cincinnati,ohio,45229
Cincinnati,ohio,45230
Cincinnati,ohio,45231
Cincinnati,ohio,45232
Cincinnati,ohio,45233
Cincinnati,ohio,45236
Cincinnati,ohio,45237
Cincinnati,ohio,45238
Cincinnati,ohio,45239
Cincinnati,ohio,45240
Cincinnati,ohio,45241
Cincinnati,ohio,45242
Cincinnati,ohio,45243
Cincinnati,ohio,45244
Cincinnati,ohio,45245
Cincinnati,ohio,45246
Cincinnati,ohio,45247
Cincinnati,ohio,45248
Cincinnati,ohio,45249
Cincinnati,ohio,45251
Cincinnati,ohio,45252
Cincinnati,ohio,45255
Alpha,ohio,45301
Anna,ohio,45302
Ansonia,ohio,45303
Arcanum,ohio,45304
Bellbrook,ohio,45305
Botkins,ohio,45306
Bowersville,ohio,45307
Bradford,ohio,45308
Brookville,ohio,45309
Burkettsville,ohio,45310
Camden,ohio,45311
Casstown,ohio,45312
Cedarville,ohio,45314
Clayton,ohio,45315
Clifton,ohio,45316
Conover,ohio,45317
Covington,ohio,45318
Donnelsville,ohio,45319
Eaton,ohio,45320
Eldorado,ohio,45321
Englewood,ohio,45322
Enon,ohio,45323
Fairborn,ohio,45324
Farmersville,ohio,45325
Fletcher,ohio,45326
Germantown,ohio,45327
Gettysburg,ohio,45328
Gratis,ohio,45330
Greenville,ohio,45331
Hollansburg,ohio,45332
Houston,ohio,45333
Jackson Center,ohio,45334
Jamestown,ohio,45335
Kettlersville,ohio,45336
Laura,ohio,45337
Lewisburg,ohio,45338
Ludlow Falls,ohio,45339
Maplewood,ohio,45340
Medway,ohio,45341
Miamisburg,ohio,45342
New Carlisle,ohio,45344
New Lebanon,ohio,45345
New Madison,ohio,45346
New Paris,ohio,45347
New Weston,ohio,45348
North Hampton,ohio,45349
North Star,ohio,45350
Osgood,ohio,45351
Palestine,ohio,45352
Pemberton,ohio,45353
Phillipsburg,ohio,45354
Piqua,ohio,45356
Pitsburg,ohio,45358
Pleasant Hill,ohio,45359
Port Jefferson,ohio,45360
Potsdam,ohio,45361
Rossburg,ohio,45362
Russia,ohio,45363
Sidney,ohio,45365
South Charleston,ohio,45368
South Vienna,ohio,45369
Spring Valley,ohio,45370
Tipp City,ohio,45371
Tremont City,ohio,45372
Troy,ohio,45373
Vandalia,ohio,45377
Verona,ohio,45378
Versailles,ohio,45380
West Alexandria,ohio,45381
West Manchester,ohio,45382
West Milton,ohio,45383
Wilberforce,ohio,45384
Xenia,ohio,45385
Yellow Springs,ohio,45387
Yorkshire,ohio,45388
Christiansburg,ohio,45389
Union City,ohio,45390
Dayton,ohio,45402
Dayton,ohio,45403
Dayton,ohio,45404
Dayton,ohio,45405
Dayton,ohio,45406
Dayton,ohio,45409
Dayton,ohio,45410
Dayton,ohio,45414
Dayton,ohio,45415
Dayton,ohio,45416
Dayton,ohio,45417
Dayton,ohio,45419
Dayton,ohio,45420
Dayton,ohio,45424
Dayton,ohio,45426
Dayton,ohio,45428
Dayton,ohio,45429
Dayton,ohio,45430
Dayton,ohio,45431
Dayton,ohio,45432
Dayton,ohio,45433
Dayton,ohio,45434
Dayton,ohio,45439
Dayton,ohio,45440
Dayton,ohio,45449
Dayton,ohio,45458
Dayton,ohio,45459
Springfield,ohio,45502
Springfield,ohio,45503
Springfield,ohio,45504
Springfield,ohio,45505
Springfield,ohio,45506
Chillicothe,ohio,45601
Bainbridge,ohio,45612
Beaver,ohio,45613
Bidwell,ohio,45614
Blue Creek,ohio,45616
Bourneville,ohio,45617
Cherry Fork,ohio,45618
Chesapeake,ohio,45619
Cheshire,ohio,45620
Coalton,ohio,45621
Creola,ohio,45622
Crown City,ohio,45623
Cynthiana,ohio,45624
Frankfort,ohio,45628
Franklin Furnace,ohio,45629
Friendship,ohio,45630
Gallipolis,ohio,45631
Hamden,ohio,45634
Haverhill,ohio,45636
Ironton,ohio,45638
Jackson,ohio,45640
Jasper,ohio,45642
Kingston,ohio,45644
Kitts Hill,ohio,45645
Latham,ohio,45646
Londonderry,ohio,45647
Lucasville,ohio,45648
Lynx,ohio,45650
Mc Arthur,ohio,45651
Mc Dermott,ohio,45652
Minford,ohio,45653
New Plymouth,ohio,45654
Oak Hill,ohio,45656
Otway,ohio,45657
Patriot,ohio,45658
Pedro,ohio,45659
Peebles,ohio,45660
Piketon,ohio,45661
Portsmouth,ohio,45662
West Portsmouth,ohio,45663
Proctorville,ohio,45669
Rarden,ohio,45671
Ray,ohio,45672
Richmond Dale,ohio,45673
Rio Grande,ohio,45674
Scottown,ohio,45678
Seaman,ohio,45679
South Point,ohio,45680
South Salem,ohio,45681
South Webster,ohio,45682
Stout,ohio,45684
Thurman,ohio,45685
Vinton,ohio,45686
Waterloo,ohio,45688
Waverly,ohio,45690
Wellston,ohio,45692
West Union,ohio,45693
Wheelersburg,ohio,45694
Wilkesville,ohio,45695
Willow Wood,ohio,45696
Winchester,ohio,45697
Zaleski,ohio,45698
Athens,ohio,45701
Albany,ohio,45710
Amesville,ohio,45711
Belpre,ohio,45714
Beverly,ohio,45715
Buchtel,ohio,45716
Chauncey,ohio,45719
Coal Run,ohio,45721
Coolville,ohio,45723
Cutler,ohio,45724
Dexter City,ohio,45727
Fleming,ohio,45729
Glouster,ohio,45732
Graysville,ohio,45734
Guysville,ohio,45735
Jacksonville,ohio,45740
Langsville,ohio,45741
Little Hocking,ohio,45742
Long Bottom,ohio,45743
Lowell,ohio,45744
Lower Salem,ohio,45745
Macksburg,ohio,45746
Marietta,ohio,45750
Middleport,ohio,45760
Millfield,ohio,45761
Nelsonville,ohio,45764
New Marshfield,ohio,45766
New Matamoras,ohio,45767
Newport,ohio,45768
Pomeroy,ohio,45769
Portland,ohio,45770
Racine,ohio,45771
Reedsville,ohio,45772
Reno,ohio,45773
Rutland,ohio,45775
Shade,ohio,45776
Stewart,ohio,45778
Syracuse,ohio,45779
The Plains,ohio,45780
Trimble,ohio,45782
Vincent,ohio,45784
Waterford,ohio,45786
Watertown,ohio,45787
Whipple,ohio,45788
Wingett Run,ohio,45789
Lima,ohio,45801
Lima,ohio,45804
Lima,ohio,45805
Lima,ohio,45806
Lima,ohio,45807
Beaverdam,ohio,45808
Gomer,ohio,45809
Ada,ohio,45810
Alger,ohio,45812
Antwerp,ohio,45813
Arlington,ohio,45814
Benton Ridge,ohio,45816
Bluffton,ohio,45817
Buckland,ohio,45819
Cairo,ohio,45820
Cecil,ohio,45821
Celina,ohio,45822
Chickasaw,ohio,45826
Cloverdale,ohio,45827
Coldwater,ohio,45828
Columbus Grove,ohio,45830
Continental,ohio,45831
Convoy,ohio,45832
Delphos,ohio,45833
Dola,ohio,45835
Dunkirk,ohio,45836
Elgin,ohio,45838
Findlay,ohio,45840
Jenera,ohio,45841
Forest,ohio,45843
Fort Jennings,ohio,45844
Fort Loramie,ohio,45845
Fort Recovery,ohio,45846
Grover Hill,ohio,45849
Harrod,ohio,45850
Haviland,ohio,45851
Kalida,ohio,45853
Lafayette,ohio,45854
Latty,ohio,45855
Leipsic,ohio,45856
Mc Comb,ohio,45858
Mc Guffey,ohio,45859
Maria Stein,ohio,45860
Melrose,ohio,45861
Mendon,ohio,45862
Middle Point,ohio,45863
Miller City,ohio,45864
Minster,ohio,45865
Montezuma,ohio,45866
Mount Blanchard,ohio,45867
Mount Cory,ohio,45868
New Bremen,ohio,45869
New Hampshire,ohio,45870
New Knoxville,ohio,45871
North Baltimore,ohio,45872
Oakwood,ohio,45873
Ohio City,ohio,45874
Ottawa,ohio,45875
Ottoville,ohio,45876
Pandora,ohio,45877
Paulding,ohio,45879
Payne,ohio,45880
Rawson,ohio,45881
Rockford,ohio,45882
Saint Henry,ohio,45883
Saint Johns,ohio,45884
Saint Marys,ohio,45885
Scott,ohio,45886
Spencerville,ohio,45887
Uniopolis,ohio,45888
Van Buren,ohio,45889
Vanlue,ohio,45890
Van Wert,ohio,45891
Venedocia,ohio,45894
Wapakoneta,ohio,45895
Waynesfield,ohio,45896
Williamstown,ohio,45897
Willshire,ohio,45898
Wren,ohio,45899
Alexandria,indiana,46001
Anderson,indiana,46011
Anderson,indiana,46012
Anderson,indiana,46013
Anderson,indiana,46016
Anderson,indiana,46017
Arcadia,indiana,46030
Atlanta,indiana,46031
Carmel,indiana,46032
Carmel,indiana,46033
Cicero,indiana,46034
Colfax,indiana,46035
Elwood,indiana,46036
Fishers,indiana,46037
Fishers,indiana,46038
Forest,indiana,46039
Fortville,indiana,46040
Frankfort,indiana,46041
Frankton,indiana,46044
Goldsmith,indiana,46045
Hobbs,indiana,46047
Ingalls,indiana,46048
Kempton,indiana,46049
Kirklin,indiana,46050
Lapel,indiana,46051
Lebanon,indiana,46052
Mccordsville,indiana,46055
Markleville,indiana,46056
Michigantown,indiana,46057
Mulberry,indiana,46058
Noblesville,indiana,46060
Noblesville,indiana,46062
Orestes,indiana,46063
Pendleton,indiana,46064
Rossville,indiana,46065
Sharpsville,indiana,46068
Sheridan,indiana,46069
Summitville,indiana,46070
Thorntown,indiana,46071
Tipton,indiana,46072
Westfield,indiana,46074
Whitestown,indiana,46075
Windfall,indiana,46076
Zionsville,indiana,46077
Amo,indiana,46103
Arlington,indiana,46104
Bainbridge,indiana,46105
Bargersville,indiana,46106
Beech Grove,indiana,46107
Boggstown,indiana,46110
Brooklyn,indiana,46111
Brownsburg,indiana,46112
Camby,indiana,46113
Carthage,indiana,46115
Charlottesville,indiana,46117
Clayton,indiana,46118
Cloverdale,indiana,46120
Coatesville,indiana,46121
Danville,indiana,46122
Avon,indiana,46123
Edinburgh,indiana,46124
Eminence,indiana,46125
Fairland,indiana,46126
Falmouth,indiana,46127
Fillmore,indiana,46128
Fountaintown,indiana,46130
Franklin,indiana,46131
Glenwood,indiana,46133
Greencastle,indiana,46135
Greenfield,indiana,46140
Greenwood,indiana,46142
Greenwood,indiana,46143
Gwynneville,indiana,46144
Homer,indiana,46146
Jamestown,indiana,46147
Knightstown,indiana,46148
Lizton,indiana,46149
Manilla,indiana,46150
Martinsville,indiana,46151
Mays,indiana,46155
Milroy,indiana,46156
Monrovia,indiana,46157
Mooresville,indiana,46158
Morgantown,indiana,46160
Morristown,indiana,46161
Needham,indiana,46162
New Palestine,indiana,46163
Nineveh,indiana,46164
North Salem,indiana,46165
Paragon,indiana,46166
Pittsboro,indiana,46167
Plainfield,indiana,46168
Reelsville,indiana,46171
Roachdale,indiana,46172
Rushville,indiana,46173
Russellville,indiana,46175
Shelbyville,indiana,46176
Stilesville,indiana,46180
Trafalgar,indiana,46181
Waldron,indiana,46182
West Newton,indiana,46183
Whiteland,indiana,46184
Wilkinson,indiana,46186
Indianapolis,indiana,46201
Indianapolis,indiana,46202
Indianapolis,indiana,46203
Indianapolis,indiana,46204
Indianapolis,indiana,46205
Indianapolis,indiana,46208
Indianapolis,indiana,46214
Indianapolis,indiana,46216
Indianapolis,indiana,46217
Indianapolis,indiana,46218
Indianapolis,indiana,46219
Indianapolis,indiana,46220
Indianapolis,indiana,46221
Indianapolis,indiana,46222
Indianapolis,indiana,46224
Indianapolis,indiana,46225
Indianapolis,indiana,46226
Indianapolis,indiana,46227
Indianapolis,indiana,46228
Indianapolis,indiana,46229
Indianapolis,indiana,46231
Indianapolis,indiana,46234
Indianapolis,indiana,46235
Indianapolis,indiana,46236
Indianapolis,indiana,46237
Indianapolis,indiana,46239
Indianapolis,indiana,46240
Indianapolis,indiana,46241
Indianapolis,indiana,46250
Indianapolis,indiana,46254
Indianapolis,indiana,46256
Indianapolis,indiana,46259
Indianapolis,indiana,46260
Indianapolis,indiana,46268
Indianapolis,indiana,46278
Indianapolis,indiana,46280
Indianapolis,indiana,46290
Beverly Shores,indiana,46301
Cedar Lake,indiana,46303
Chesterton,indiana,46304
Crown Point,indiana,46307
Demotte,indiana,46310
Dyer,indiana,46311
East Chicago,indiana,46312
Griffith,indiana,46319
Hammond,indiana,46320
Munster,indiana,46321
Highland,indiana,46322
Hammond,indiana,46323
Hammond,indiana,46324
Hammond,indiana,46327
Hanna,indiana,46340
Hebron,indiana,46341
Hobart,indiana,46342
Kingsbury,indiana,46345
Kingsford Heights,indiana,46346
Kouts,indiana,46347
La Crosse,indiana,46348
Lake Village,indiana,46349
La Porte,indiana,46350
Lowell,indiana,46356
Michigan City,indiana,46360
Mill Creek,indiana,46365
North Judson,indiana,46366
Portage,indiana,46368
Rolling Prairie,indiana,46371
Saint John,indiana,46373
San Pierre,indiana,46374
Schererville,indiana,46375
Schneider,indiana,46376
Shelby,indiana,46377
Sumava Resorts,indiana,46379
Thayer,indiana,46381
Union Mills,indiana,46382
Valparaiso,indiana,46383
Valparaiso,indiana,46385
Wanatah,indiana,46390
Westville,indiana,46391
Wheatfield,indiana,46392
Wheeler,indiana,46393
Whiting,indiana,46394
Gary,indiana,46402
Gary,indiana,46403
Gary,indiana,46404
Lake Station,indiana,46405
Gary,indiana,46406
Gary,indiana,46407
Gary,indiana,46408
Gary,indiana,46409
Merrillville,indiana,46410
Argos,indiana,46501
Atwood,indiana,46502
Bourbon,indiana,46504
Bremen,indiana,46506
Bristol,indiana,46507
Burket,indiana,46508
Claypool,indiana,46510
Culver,indiana,46511
Elkhart,indiana,46514
Elkhart,indiana,46516
Elkhart,indiana,46517
Etna Green,indiana,46524
Goshen,indiana,46526
Goshen,indiana,46528
Granger,indiana,46530
Grovertown,indiana,46531
Hamlet,indiana,46532
Knox,indiana,46534
Lakeville,indiana,46536
Lapaz,indiana,46537
Leesburg,indiana,46538
Mentone,indiana,46539
Middlebury,indiana,46540
Milford,indiana,46542
Millersburg,indiana,46543
Mishawaka,indiana,46544
Mishawaka,indiana,46545
Nappanee,indiana,46550
New Carlisle,indiana,46552
New Paris,indiana,46553
North Liberty,indiana,46554
North Webster,indiana,46555
Notre Dame,indiana,46556
Osceola,indiana,46561
Pierceton,indiana,46562
Plymouth,indiana,46563
Shipshewana,indiana,46565
Syracuse,indiana,46567
Tippecanoe,indiana,46570
Topeka,indiana,46571
Wakarusa,indiana,46573
Walkerton,indiana,46574
Warsaw,indiana,46580
Warsaw,indiana,46582
Winona Lake,indiana,46590
Wyatt,indiana,46595
South Bend,indiana,46601
South Bend,indiana,46613
South Bend,indiana,46614
South Bend,indiana,46615
South Bend,indiana,46616
South Bend,indiana,46617
South Bend,indiana,46619
South Bend,indiana,46628
South Bend,indiana,46635
South Bend,indiana,46637
Albion,indiana,46701
Andrews,indiana,46702
Angola,indiana,46703
Arcola,indiana,46704
Ashley,indiana,46705
Auburn,indiana,46706
Avilla,indiana,46710
Berne,indiana,46711
Bluffton,indiana,46714
Butler,indiana,46721
Churubusco,indiana,46723
Columbia City,indiana,46725
Corunna,indiana,46730
Craigville,indiana,46731
Cromwell,indiana,46732
Decatur,indiana,46733
Fremont,indiana,46737
Garrett,indiana,46738
Geneva,indiana,46740
Grabill,indiana,46741
Hamilton,indiana,46742
Harlan,indiana,46743
Hoagland,indiana,46745
Howe,indiana,46746
Hudson,indiana,46747
Huntertown,indiana,46748
Huntington,indiana,46750
Kendallville,indiana,46755
Keystone,indiana,46759
Kimmell,indiana,46760
Lagrange,indiana,46761
Laotto,indiana,46763
Larwill,indiana,46764
Leo,indiana,46765
Liberty Center,indiana,46766
Ligonier,indiana,46767
Markle,indiana,46770
Mongo,indiana,46771
Monroe,indiana,46772
Monroeville,indiana,46773
New Haven,indiana,46774
Orland,indiana,46776
Ossian,indiana,46777
Pleasant Lake,indiana,46779
Poneto,indiana,46781
Roanoke,indiana,46783
Rome City,indiana,46784
Saint Joe,indiana,46785
South Milford,indiana,46786
South Whitley,indiana,46787
Spencerville,indiana,46788
Uniondale,indiana,46791
Warren,indiana,46792
Waterloo,indiana,46793
Wawaka,indiana,46794
Wolcottville,indiana,46795
Woodburn,indiana,46797
Yoder,indiana,46798
Zanesville,indiana,46799
Fort Wayne,indiana,46802
Fort Wayne,indiana,46803
Fort Wayne,indiana,46804
Fort Wayne,indiana,46805
Fort Wayne,indiana,46806
Fort Wayne,indiana,46807
Fort Wayne,indiana,46808
Fort Wayne,indiana,46809
Fort Wayne,indiana,46814
Fort Wayne,indiana,46815
Fort Wayne,indiana,46816
Fort Wayne,indiana,46818
Fort Wayne,indiana,46819
Fort Wayne,indiana,46825
Fort Wayne,indiana,46835
Fort Wayne,indiana,46845
Kokomo,indiana,46901
Kokomo,indiana,46902
Akron,indiana,46910
Amboy,indiana,46911
Bringhurst,indiana,46913
Bunker Hill,indiana,46914
Burlington,indiana,46915
Camden,indiana,46917
Converse,indiana,46919
Cutler,indiana,46920
Delong,indiana,46922
Delphi,indiana,46923
Denver,indiana,46926
Fairmount,indiana,46928
Flora,indiana,46929
Fowlerton,indiana,46930
Fulton,indiana,46931
Galveston,indiana,46932
Gas City,indiana,46933
Greentown,indiana,46936
Jonesboro,indiana,46938
Kewanna,indiana,46939
La Fontaine,indiana,46940
Lagro,indiana,46941
Laketon,indiana,46943
Liberty Mills,indiana,46946
Logansport,indiana,46947
Lucerne,indiana,46950
Macy,indiana,46951
Marion,indiana,46952
Marion,indiana,46953
Matthews,indiana,46957
Mexico,indiana,46958
Miami,indiana,46959
Monterey,indiana,46960
New Waverly,indiana,46961
North Manchester,indiana,46962
Onward,indiana,46967
Ora,indiana,46968
Peru,indiana,46970
Roann,indiana,46974
Rochester,indiana,46975
Royal Center,indiana,46978
Russiaville,indiana,46979
Silver Lake,indiana,46982
Somerset,indiana,46984
Star City,indiana,46985
Swayzee,indiana,46986
Sweetser,indiana,46987
Twelve Mile,indiana,46988
Upland,indiana,46989
Urbana,indiana,46990
Van Buren,indiana,46991
Wabash,indiana,46992
Walton,indiana,46994
Winamac,indiana,46996
Young America,indiana,46998
Aurora,indiana,47001
West College Corner,indiana,47003
Batesville,indiana,47006
Bath,indiana,47010
Bennington,indiana,47011
Brookville,indiana,47012
Cedar Grove,indiana,47016
Cross Plains,indiana,47017
Dillsboro,indiana,47018
Florence,indiana,47020
Guilford,indiana,47022
Holton,indiana,47023
Laurel,indiana,47024
Lawrenceburg,indiana,47025
Metamora,indiana,47030
Milan,indiana,47031
Moores Hill,indiana,47032
Napoleon,indiana,47034
New Trenton,indiana,47035
Oldenburg,indiana,47036
Osgood,indiana,47037
Patriot,indiana,47038
Rising Sun,indiana,47040
Sunman,indiana,47041
Versailles,indiana,47042
Vevay,indiana,47043
West Harrison,indiana,47060
Austin,indiana,47102
Bethlehem,indiana,47104
Borden,indiana,47106
Campbellsburg,indiana,47108
Central,indiana,47110
Charlestown,indiana,47111
Corydon,indiana,47112
Crandall,indiana,47114
Depauw,indiana,47115
Eckerty,indiana,47116
Elizabeth,indiana,47117
English,indiana,47118
Floyds Knobs,indiana,47119
Fredericksburg,indiana,47120
Georgetown,indiana,47122
Grantsburg,indiana,47123
Greenville,indiana,47124
Hardinsburg,indiana,47125
Henryville,indiana,47126
Clarksville,indiana,47129
Jeffersonville,indiana,47130
Laconia,indiana,47135
Lanesville,indiana,47136
Leavenworth,indiana,47137
Lexington,indiana,47138
Marengo,indiana,47140
Marysville,indiana,47141
Mauckport,indiana,47142
Memphis,indiana,47143
Milltown,indiana,47145
Nabb,indiana,47147
New Albany,indiana,47150
New Middletown,indiana,47160
New Salisbury,indiana,47161
New Washington,indiana,47162
Otisco,indiana,47163
Palmyra,indiana,47164
Pekin,indiana,47165
Ramsey,indiana,47166
Salem,indiana,47167
Scottsburg,indiana,47170
Sellersburg,indiana,47172
Taswell,indiana,47175
Underwood,indiana,47177
Columbus,indiana,47201
Columbus,indiana,47203
Brownstown,indiana,47220
Butlerville,indiana,47223
Canaan,indiana,47224
Clifford,indiana,47226
Commiskey,indiana,47227
Crothersville,indiana,47229
Deputy,indiana,47230
Dupont,indiana,47231
Elizabethtown,indiana,47232
Flat Rock,indiana,47234
Freetown,indiana,47235
Greensburg,indiana,47240
Hanover,indiana,47243
Hartsville,indiana,47244
Hope,indiana,47246
Jonesville,indiana,47247
Madison,indiana,47250
Medora,indiana,47260
New Point,indiana,47263
Norman,indiana,47264
North Vernon,indiana,47265
Paris Crossing,indiana,47270
Saint Paul,indiana,47272
Scipio,indiana,47273
Seymour,indiana,47274
Taylorsville,indiana,47280
Vallonia,indiana,47281
Vernon,indiana,47282
Westport,indiana,47283
Muncie,indiana,47302
Muncie,indiana,47303
Muncie,indiana,47304
Muncie,indiana,47305
Muncie,indiana,47306
Albany,indiana,47320
Boston,indiana,47324
Brownsville,indiana,47325
Bryant,indiana,47326
Cambridge City,indiana,47327
Centerville,indiana,47330
Connersville,indiana,47331
Daleville,indiana,47334
Dublin,indiana,47335
Dunkirk,indiana,47336
Dunreith,indiana,47337
Eaton,indiana,47338
Economy,indiana,47339
Farmland,indiana,47340
Fountain City,indiana,47341
Gaston,indiana,47342
Greensboro,indiana,47344
Greens Fork,indiana,47345
Hagerstown,indiana,47346
Hartford City,indiana,47348
Kennard,indiana,47351
Lewisville,indiana,47352
Liberty,indiana,47353
Losantville,indiana,47354
Lynn,indiana,47355
Middletown,indiana,47356
Milton,indiana,47357
Modoc,indiana,47358
Montpelier,indiana,47359
Mooreland,indiana,47360
Mount Summit,indiana,47361
New Castle,indiana,47362
Oakville,indiana,47367
Parker City,indiana,47368
Pennville,indiana,47369
Portland,indiana,47371
Redkey,indiana,47373
Richmond,indiana,47374
Ridgeville,indiana,47380
Salamonia,indiana,47381
Saratoga,indiana,47382
Selma,indiana,47383
Shirley,indiana,47384
Spiceland,indiana,47385
Springport,indiana,47386
Straughn,indiana,47387
Sulphur Springs,indiana,47388
Union City,indiana,47390
Williamsburg,indiana,47393
Winchester,indiana,47394
Yorktown,indiana,47396
Bloomington,indiana,47401
Bloomington,indiana,47403
Bloomington,indiana,47404
Bloomington,indiana,47405
Bloomington,indiana,47406
Bloomington,indiana,47408
Avoca,indiana,47420
Bedford,indiana,47421
Bloomfield,indiana,47424
Coal City,indiana,47427
Ellettsville,indiana,47429
Freedom,indiana,47431
French Lick,indiana,47432
Gosport,indiana,47433
Harrodsburg,indiana,47434
Heltonville,indiana,47436
Huron,indiana,47437
Jasonville,indiana,47438
Linton,indiana,47441
Lyons,indiana,47443
Mitchell,indiana,47446
Nashville,indiana,47448
Newberry,indiana,47449
Oolitic,indiana,47451
Orleans,indiana,47452
Owensburg,indiana,47453
Paoli,indiana,47454
Patricksburg,indiana,47455
Quincy,indiana,47456
Scotland,indiana,47457
Smithville,indiana,47458
Solsberry,indiana,47459
Spencer,indiana,47460
Springville,indiana,47462
Stinesville,indiana,47464
Switz City,indiana,47465
Tunnelton,indiana,47467
Unionville,indiana,47468
West Baden Springs,indiana,47469
Williams,indiana,47470
Worthington,indiana,47471
Washington,indiana,47501
Bicknell,indiana,47512
Birdseye,indiana,47513
Branchville,indiana,47514
Bristow,indiana,47515
Bruceville,indiana,47516
Cannelburg,indiana,47519
Cannelton,indiana,47520
Celestine,indiana,47521
Crane,indiana,47522
Dale,indiana,47523
Decker,indiana,47524
Derby,indiana,47525
Dubois,indiana,47527
Edwardsport,indiana,47528
Elnora,indiana,47529
Evanston,indiana,47531
Ferdinand,indiana,47532
Freelandville,indiana,47535
Fulda,indiana,47536
Gentryville,indiana,47537
Holland,indiana,47541
Huntingburg,indiana,47542
Jasper,indiana,47546
Lamar,indiana,47550
Leopold,indiana,47551
Lincoln City,indiana,47552
Loogootee,indiana,47553
Monroe City,indiana,47557
Montgomery,indiana,47558
Oaktown,indiana,47561
Odon,indiana,47562
Otwell,indiana,47564
Petersburg,indiana,47567
Plainville,indiana,47568
Rome,indiana,47574
Saint Anthony,indiana,47575
Saint Croix,indiana,47576
Saint Meinrad,indiana,47577
Sandborn,indiana,47578
Santa Claus,indiana,47579
Schnellville,indiana,47580
Shoals,indiana,47581
Spurgeon,indiana,47584
Stendal,indiana,47585
Tell City,indiana,47586
Troy,indiana,47588
Velpen,indiana,47590
Vincennes,indiana,47591
Westphalia,indiana,47596
Wheatland,indiana,47597
Winslow,indiana,47598
Boonville,indiana,47601
Chandler,indiana,47610
Chrisney,indiana,47611
Cynthiana,indiana,47612
Elberfeld,indiana,47613
Grandview,indiana,47615
Griffin,indiana,47616
Lynnville,indiana,47619
Mount Vernon,indiana,47620
Newburgh,indiana,47630
New Harmony,indiana,47631
Poseyville,indiana,47633
Richland,indiana,47634
Rockport,indiana,47635
Tennyson,indiana,47637
Wadesville,indiana,47638
Haubstadt,indiana,47639
Hazleton,indiana,47640
Fort Branch,indiana,47648
Francisco,indiana,47649
Mackey,indiana,47654
Oakland City,indiana,47660
Owensville,indiana,47665
Patoka,indiana,47666
Princeton,indiana,47670
Somerville,indiana,47683
Evansville,indiana,47708
Evansville,indiana,47710
Evansville,indiana,47711
Evansville,indiana,47712
Evansville,indiana,47713
Evansville,indiana,47714
Evansville,indiana,47715
Evansville,indiana,47720
Evansville,indiana,47725
Terre Haute,indiana,47802
Terre Haute,indiana,47803
Terre Haute,indiana,47804
Terre Haute,indiana,47805
Terre Haute,indiana,47807
Terre Haute,indiana,47809
Bloomingdale,indiana,47832
Bowling Green,indiana,47833
Brazil,indiana,47834
Bridgeton,indiana,47836
Carbon,indiana,47837
Carlisle,indiana,47838
Centerpoint,indiana,47840
Clay City,indiana,47841
Clinton,indiana,47842
Cory,indiana,47846
Dana,indiana,47847
Dugger,indiana,47848
Fairbanks,indiana,47849
Farmersburg,indiana,47850
Harmony,indiana,47853
Hillsdale,indiana,47854
Hymera,indiana,47855
Knightsville,indiana,47857
Lewis,indiana,47858
Marshall,indiana,47859
Mecca,indiana,47860
Merom,indiana,47861
Montezuma,indiana,47862
New Goshen,indiana,47863
Paxton,indiana,47865
Pimento,indiana,47866
Poland,indiana,47868
Prairie Creek,indiana,47869
Riley,indiana,47871
Rockville,indiana,47872
Rosedale,indiana,47874
Saint Mary Of The Woods,indiana,47876
Shelburn,indiana,47879
Shepardsville,indiana,47880
Staunton,indiana,47881
Sullivan,indiana,47882
Universal,indiana,47884
West Terre Haute,indiana,47885
Lafayette,indiana,47901
Lafayette,indiana,47904
Lafayette,indiana,47905
West Lafayette,indiana,47906
West Lafayette,indiana,47907
Lafayette,indiana,47909
Alamo,indiana,47916
Ambia,indiana,47917
Attica,indiana,47918
Battle Ground,indiana,47920
Boswell,indiana,47921
Brook,indiana,47922
Brookston,indiana,47923
Buck Creek,indiana,47924
Buffalo,indiana,47925
Burnettsville,indiana,47926
Cayuga,indiana,47928
Chalmers,indiana,47929
Clarks Hill,indiana,47930
Covington,indiana,47932
Crawfordsville,indiana,47933
Darlington,indiana,47940
Dayton,indiana,47941
Earl Park,indiana,47942
Fair Oaks,indiana,47943
Fowler,indiana,47944
Francesville,indiana,47946
Goodland,indiana,47948
Hillsboro,indiana,47949
Idaville,indiana,47950
Kentland,indiana,47951
Kingman,indiana,47952
Ladoga,indiana,47954
Linden,indiana,47955
Medaryville,indiana,47957
Mellott,indiana,47958
Monon,indiana,47959
Monticello,indiana,47960
Morocco,indiana,47963
Mount Ayr,indiana,47964
New Market,indiana,47965
Newport,indiana,47966
New Richmond,indiana,47967
New Ross,indiana,47968
Newtown,indiana,47969
Otterbein,indiana,47970
Oxford,indiana,47971
Perrysville,indiana,47974
Pine Village,indiana,47975
Remington,indiana,47977
Rensselaer,indiana,47978
Reynolds,indiana,47980
Romney,indiana,47981
State Line,indiana,47982
Stockwell,indiana,47983
Veedersburg,indiana,47987
Waveland,indiana,47989
Waynetown,indiana,47990
West Lebanon,indiana,47991
Westpoint,indiana,47992
Williamsport,indiana,47993
Wingate,indiana,47994
Wolcott,indiana,47995
Yeoman,indiana,47997
Algonac,michigan,48001
Allenton,michigan,48002
Almont,michigan,48003
Armada,michigan,48005
Avoca,michigan,48006
Birmingham,michigan,48009
Capac,michigan,48014
Center Line,michigan,48015
Clawson,michigan,48017
Eastpointe,michigan,48021
Emmett,michigan,48022
Fair Haven,michigan,48023
Franklin,michigan,48025
Fraser,michigan,48026
Goodells,michigan,48027
Harsens Island,michigan,48028
Hazel Park,michigan,48030
Jeddo,michigan,48032
Southfield,michigan,48033
Southfield,michigan,48034
Clinton Township,michigan,48035
Clinton Township,michigan,48036
Clinton Township,michigan,48038
Marine City,michigan,48039
Marysville,michigan,48040
Memphis,michigan,48041
Macomb,michigan,48042
Mount Clemens,michigan,48043
Macomb,michigan,48044
Harrison Township,michigan,48045
New Baltimore,michigan,48047
New Haven,michigan,48048
North Street,michigan,48049
New Haven,michigan,48050
New Baltimore,michigan,48051
East China,michigan,48054
Fort Gratiot,michigan,48059
Port Huron,michigan,48060
Richmond,michigan,48062
Columbus,michigan,48063
Casco,michigan,48064
Romeo,michigan,48065
Roseville,michigan,48066
Royal Oak,michigan,48067
Pleasant Ridge,michigan,48069
Huntington Woods,michigan,48070
Madison Heights,michigan,48071
Berkley,michigan,48072
Royal Oak,michigan,48073
Smiths Creek,michigan,48074
Southfield,michigan,48075
Southfield,michigan,48076
Saint Clair,michigan,48079
Saint Clair Shores,michigan,48080
Saint Clair Shores,michigan,48081
Saint Clair Shores,michigan,48082
Troy,michigan,48083
Troy,michigan,48084
Troy,michigan,48085
Warren,michigan,48088
Warren,michigan,48089
Warren,michigan,48091
Warren,michigan,48092
Warren,michigan,48093
Washington,michigan,48094
Washington,michigan,48095
Ray,michigan,48096
Yale,michigan,48097
Troy,michigan,48098
Allen Park,michigan,48101
Ann Arbor,michigan,48103
Ann Arbor,michigan,48104
Ann Arbor,michigan,48105
Ann Arbor,michigan,48108
Ann Arbor,michigan,48109
Belleville,michigan,48111
Brighton,michigan,48114
Brighton,michigan,48116
Carleton,michigan,48117
Chelsea,michigan,48118
Dearborn,michigan,48120
Melvindale,michigan,48122
Dearborn,michigan,48124
Dearborn Heights,michigan,48125
Dearborn,michigan,48126
Dearborn Heights,michigan,48127
Dearborn,michigan,48128
Dexter,michigan,48130
Dundee,michigan,48131
Erie,michigan,48133
Flat Rock,michigan,48134
Garden City,michigan,48135
Gregory,michigan,48137
Grosse Ile,michigan,48138
Hamburg,michigan,48139
Ida,michigan,48140
Inkster,michigan,48141
Lakeland,michigan,48143
Lambertville,michigan,48144
La Salle,michigan,48145
Lincoln Park,michigan,48146
Livonia,michigan,48150
Livonia,michigan,48152
Livonia,michigan,48154
Luna Pier,michigan,48157
Manchester,michigan,48158
Maybee,michigan,48159
Milan,michigan,48160
Monroe,michigan,48161
Monroe,michigan,48162
New Boston,michigan,48164
New Hudson,michigan,48165
Newport,michigan,48166
Northville,michigan,48167
Northville,michigan,48168
Pinckney,michigan,48169
Plymouth,michigan,48170
Rockwood,michigan,48173
Romulus,michigan,48174
Saline,michigan,48176
Samaria,michigan,48177
South Lyon,michigan,48178
South Rockwood,michigan,48179
Taylor,michigan,48180
Temperance,michigan,48182
Trenton,michigan,48183
Wayne,michigan,48184
Westland,michigan,48185
Westland,michigan,48186
Canton,michigan,48187
Canton,michigan,48188
Whitmore Lake,michigan,48189
Whittaker,michigan,48190
Willis,michigan,48191
Wyandotte,michigan,48192
Riverview,michigan,48193
Southgate,michigan,48195
Ypsilanti,michigan,48197
Ypsilanti,michigan,48198
Detroit,michigan,48201
Detroit,michigan,48202
Highland Park,michigan,48203
Detroit,michigan,48204
Detroit,michigan,48205
Detroit,michigan,48206
Detroit,michigan,48207
Detroit,michigan,48208
Detroit,michigan,48209
Detroit,michigan,48210
Detroit,michigan,48211
Hamtramck,michigan,48212
Detroit,michigan,48213
Detroit,michigan,48214
Detroit,michigan,48215
Detroit,michigan,48216
Detroit,michigan,48217
River Rouge,michigan,48218
Detroit,michigan,48219
Ferndale,michigan,48220
Detroit,michigan,48221
Detroit,michigan,48223
Detroit,michigan,48224
Harper Woods,michigan,48225
Detroit,michigan,48226
Detroit,michigan,48227
Detroit,michigan,48228
Ecorse,michigan,48229
Grosse Pointe,michigan,48230
Detroit,michigan,48233
Detroit,michigan,48234
Detroit,michigan,48235
Grosse Pointe,michigan,48236
Oak Park,michigan,48237
Detroit,michigan,48238
Redford,michigan,48239
Redford,michigan,48240
Detroit,michigan,48242
Detroit,michigan,48243
Bloomfield Hills,michigan,48301
Bloomfield Hills,michigan,48302
Bloomfield Hills,michigan,48304
Rochester,michigan,48306
Rochester,michigan,48307
Rochester,michigan,48309
Sterling Heights,michigan,48310
Sterling Heights,michigan,48312
Sterling Heights,michigan,48313
Sterling Heights,michigan,48314
Utica,michigan,48315
Utica,michigan,48316
Utica,michigan,48317
Keego Harbor,michigan,48320
West Bloomfield,michigan,48322
West Bloomfield,michigan,48323
West Bloomfield,michigan,48324
Auburn Hills,michigan,48326
Waterford,michigan,48327
Waterford,michigan,48328
Waterford,michigan,48329
Farmington,michigan,48331
Farmington,michigan,48334
Farmington,michigan,48335
Farmington,michigan,48336
Pontiac,michigan,48340
Pontiac,michigan,48341
Pontiac,michigan,48342
Clarkston,michigan,48346
Clarkston,michigan,48348
Davisburg,michigan,48350
Hartland,michigan,48353
Highland,michigan,48356
Highland,michigan,48357
Lake Orion,michigan,48359
Lake Orion,michigan,48360
Lake Orion,michigan,48362
Oakland,michigan,48363
Leonard,michigan,48367
Oxford,michigan,48370
Oxford,michigan,48371
Novi,michigan,48374
Novi,michigan,48375
Novi,michigan,48377
Milford,michigan,48380
Milford,michigan,48381
Commerce Township,michigan,48382
White Lake,michigan,48383
White Lake,michigan,48386
Walled Lake,michigan,48390
Wixom,michigan,48393
Warren,michigan,48397
Applegate,michigan,48401
Atlas,michigan,48411
Attica,michigan,48412
Bad Axe,michigan,48413
Bancroft,michigan,48414
Birch Run,michigan,48415
Brown City,michigan,48416
Burt,michigan,48417
Byron,michigan,48418
Carsonville,michigan,48419
Clio,michigan,48420
Columbiaville,michigan,48421
Croswell,michigan,48422
Davison,michigan,48423
Decker,michigan,48426
Deckerville,michigan,48427
Dryden,michigan,48428
Durand,michigan,48429
Fenton,michigan,48430
Filion,michigan,48432
Flushing,michigan,48433
Forestville,michigan,48434
Fostoria,michigan,48435
Gaines,michigan,48436
Genesee,michigan,48437
Goodrich,michigan,48438
Grand Blanc,michigan,48439
Hadley,michigan,48440
Harbor Beach,michigan,48441
Holly,michigan,48442
Imlay City,michigan,48444
Kinde,michigan,48445
Lapeer,michigan,48446
Lennon,michigan,48449
Lexington,michigan,48450
Linden,michigan,48451
Marlette,michigan,48453
Melvin,michigan,48454
Metamora,michigan,48455
Minden City,michigan,48456
Montrose,michigan,48457
Mount Morris,michigan,48458
New Lothrop,michigan,48460
North Branch,michigan,48461
Ortonville,michigan,48462
Otisville,michigan,48463
Otter Lake,michigan,48464
Palms,michigan,48465
Peck,michigan,48466
Port Austin,michigan,48467
Port Hope,michigan,48468
Port Sanilac,michigan,48469
Ruth,michigan,48470
Sandusky,michigan,48471
Snover,michigan,48472
Swartz Creek,michigan,48473
Ubly,michigan,48475
Vernon,michigan,48476
Flint,michigan,48502
Flint,michigan,48503
Flint,michigan,48504
Flint,michigan,48505
Flint,michigan,48506
Flint,michigan,48507
Burton,michigan,48509
Burton,michigan,48519
Burton,michigan,48529
Flint,michigan,48532
Flint,michigan,48551
Flint,michigan,48553
Flint,michigan,48554
Saginaw,michigan,48601
Saginaw,michigan,48602
Saginaw,michigan,48603
Saginaw,michigan,48604
Saginaw,michigan,48607
Saginaw,michigan,48609
Alger,michigan,48610
Auburn,michigan,48611
Beaverton,michigan,48612
Bentley,michigan,48613
Brant,michigan,48614
Breckenridge,michigan,48615
Chesaning,michigan,48616
Clare,michigan,48617
Coleman,michigan,48618
Comins,michigan,48619
Fairview,michigan,48621
Farwell,michigan,48622
Freeland,michigan,48623
Gladwin,michigan,48624
Harrison,michigan,48625
Hemlock,michigan,48626
Higgins Lake,michigan,48627
Hope,michigan,48628
Houghton Lake,michigan,48629
Houghton Lake Heights,michigan,48630
Kawkawlin,michigan,48631
Lake,michigan,48632
Lake George,michigan,48633
Linwood,michigan,48634
Lupton,michigan,48635
Luzerne,michigan,48636
Merrill,michigan,48637
Saginaw,michigan,48638
Midland,michigan,48640
Midland,michigan,48642
Mio,michigan,48647
Oakley,michigan,48649
Pinconning,michigan,48650
Prudenville,michigan,48651
Rhodes,michigan,48652
Roscommon,michigan,48653
Rose City,michigan,48654
Saint Charles,michigan,48655
Saint Helen,michigan,48656
Sanford,michigan,48657
Standish,michigan,48658
Sterling,michigan,48659
West Branch,michigan,48661
Wheeler,michigan,48662
Midland,michigan,48667
Akron,michigan,48701
Au Gres,michigan,48703
Barton City,michigan,48705
Bay City,michigan,48706
Bay City,michigan,48708
University Center,michigan,48710
Bay Port,michigan,48720
Black River,michigan,48721
Bridgeport,michigan,48722
Caro,michigan,48723
Carrollton,michigan,48724
Caseville,michigan,48725
Cass City,michigan,48726
Clifford,michigan,48727
Curran,michigan,48728
Deford,michigan,48729
East Tawas,michigan,48730
Elkton,michigan,48731
Essexville,michigan,48732
Fairgrove,michigan,48733
Frankenmuth,michigan,48734
Gagetown,michigan,48735
Glennie,michigan,48737
Greenbush,michigan,48738
Hale,michigan,48739
Harrisville,michigan,48740
Kingston,michigan,48741
Lincoln,michigan,48742
Long Lake,michigan,48743
Mayville,michigan,48744
Mikado,michigan,48745
Millington,michigan,48746
Munger,michigan,48747
National City,michigan,48748
Omer,michigan,48749
Oscoda,michigan,48750
Owendale,michigan,48754
Pigeon,michigan,48755
Prescott,michigan,48756
Reese,michigan,48757
Sebewaing,michigan,48759
Silverwood,michigan,48760
South Branch,michigan,48761
Spruce,michigan,48762
Tawas City,michigan,48763
Turner,michigan,48765
Twining,michigan,48766
Unionville,michigan,48767
Vassar,michigan,48768
Whittemore,michigan,48770
Alma,michigan,48801
Ashley,michigan,48806
Bannister,michigan,48807
Bath,michigan,48808
Belding,michigan,48809
Carson City,michigan,48811
Charlotte,michigan,48813
Clarksville,michigan,48815
Cohoctah,michigan,48816
Corunna,michigan,48817
Crystal,michigan,48818
Dansville,michigan,48819
Dewitt,michigan,48820
Dimondale,michigan,48821
Eagle,michigan,48822
East Lansing,michigan,48823
East Lansing,michigan,48825
Eaton Rapids,michigan,48827
Edmore,michigan,48829
Elsie,michigan,48831
Elwell,michigan,48832
Fenwick,michigan,48834
Fowler,michigan,48835
Fowlerville,michigan,48836
Grand Ledge,michigan,48837
Greenville,michigan,48838
Haslett,michigan,48840
Henderson,michigan,48841
Holt,michigan,48842
Howell,michigan,48843
Hubbardston,michigan,48845
Ionia,michigan,48846
Ithaca,michigan,48847
Laingsburg,michigan,48848
Lake Odessa,michigan,48849
Lakeview,michigan,48850
Lyons,michigan,48851
Mcbrides,michigan,48852
Maple Rapids,michigan,48853
Mason,michigan,48854
Howell,michigan,48855
Middleton,michigan,48856
Morrice,michigan,48857
Mount Pleasant,michigan,48858
Muir,michigan,48860
Mulliken,michigan,48861
Okemos,michigan,48864
Orleans,michigan,48865
Ovid,michigan,48866
Owosso,michigan,48867
Palo,michigan,48870
Perrinton,michigan,48871
Perry,michigan,48872
Pewamo,michigan,48873
Pompeii,michigan,48874
Portland,michigan,48875
Potterville,michigan,48876
Riverdale,michigan,48877
Rosebush,michigan,48878
Saint Johns,michigan,48879
Saint Louis,michigan,48880
Saranac,michigan,48881
Shepherd,michigan,48883
Sheridan,michigan,48884
Sidney,michigan,48885
Six Lakes,michigan,48886
Stanton,michigan,48888
Sumner,michigan,48889
Sunfield,michigan,48890
Vestaburg,michigan,48891
Webberville,michigan,48892
Weidman,michigan,48893
Westphalia,michigan,48894
Williamston,michigan,48895
Winn,michigan,48896
Woodland,michigan,48897
Lansing,michigan,48906
Lansing,michigan,48910
Lansing,michigan,48911
Lansing,michigan,48912
Lansing,michigan,48915
Lansing,michigan,48917
Lansing,michigan,48933
Kalamazoo,michigan,49001
Portage,michigan,49002
Kalamazoo,michigan,49004
Kalamazoo,michigan,49006
Kalamazoo,michigan,49007
Kalamazoo,michigan,49008
Kalamazoo,michigan,49009
Allegan,michigan,49010
Athens,michigan,49011
Augusta,michigan,49012
Bangor,michigan,49013
Battle Creek,michigan,49014
Battle Creek,michigan,49015
Battle Creek,michigan,49017
Bellevue,michigan,49021
Benton Harbor,michigan,49022
Portage,michigan,49024
Bloomingdale,michigan,49026
Breedsville,michigan,49027
Bronson,michigan,49028
Burlington,michigan,49029
Burr Oak,michigan,49030
Cassopolis,michigan,49031
Centreville,michigan,49032
Ceresco,michigan,49033
Climax,michigan,49034
Coldwater,michigan,49036
Battle Creek,michigan,49037
Coloma,michigan,49038
Colon,michigan,49040
Constantine,michigan,49042
Covert,michigan,49043
Decatur,michigan,49045
Delton,michigan,49046
Dowagiac,michigan,49047
Kalamazoo,michigan,49048
Dowling,michigan,49050
East Leroy,michigan,49051
Fulton,michigan,49052
Galesburg,michigan,49053
Gobles,michigan,49055
Grand Junction,michigan,49056
Hartford,michigan,49057
Hastings,michigan,49058
Hickory Corners,michigan,49060
Jones,michigan,49061
Lawrence,michigan,49064
Lawton,michigan,49065
Leonidas,michigan,49066
Marcellus,michigan,49067
Marshall,michigan,49068
Martin,michigan,49070
Mattawan,michigan,49071
Mendon,michigan,49072
Nashville,michigan,49073
Nazareth,michigan,49074
Nottawa,michigan,49075
Olivet,michigan,49076
Otsego,michigan,49078
Paw Paw,michigan,49079
Plainwell,michigan,49080
Quincy,michigan,49082
Richland,michigan,49083
Riverside,michigan,49084
Saint Joseph,michigan,49085
Schoolcraft,michigan,49087
Scotts,michigan,49088
Sherwood,michigan,49089
South Haven,michigan,49090
Sturgis,michigan,49091
Tekonsha,michigan,49092
Three Rivers,michigan,49093
Union City,michigan,49094
Vandalia,michigan,49095
Vermontville,michigan,49096
Vicksburg,michigan,49097
Watervliet,michigan,49098
White Pigeon,michigan,49099
Baroda,michigan,49101
Berrien Center,michigan,49102
Berrien Springs,michigan,49103
Berrien Springs,michigan,49104
Bridgman,michigan,49106
Buchanan,michigan,49107
Eau Claire,michigan,49111
Edwardsburg,michigan,49112
Galien,michigan,49113
Harbert,michigan,49115
Lakeside,michigan,49116
New Buffalo,michigan,49117
New Troy,michigan,49119
Niles,michigan,49120
Sawyer,michigan,49125
Sodus,michigan,49126
Stevensville,michigan,49127
Three Oaks,michigan,49128
Union Pier,michigan,49129
Union,michigan,49130
Jackson,michigan,49201
Jackson,michigan,49202
Jackson,michigan,49203
Addison,michigan,49220
Adrian,michigan,49221
Albion,michigan,49224
Allen,michigan,49227
Blissfield,michigan,49228
Britton,michigan,49229
Brooklyn,michigan,49230
Camden,michigan,49232
Cement City,michigan,49233
Clarklake,michigan,49234
Clayton,michigan,49235
Clinton,michigan,49236
Concord,michigan,49237
Deerfield,michigan,49238
Grass Lake,michigan,49240
Hanover,michigan,49241
Hillsdale,michigan,49242
Homer,michigan,49245
Horton,michigan,49246
Hudson,michigan,49247
Jasper,michigan,49248
Jerome,michigan,49249
Jonesville,michigan,49250
Leslie,michigan,49251
Litchfield,michigan,49252
Manitou Beach,michigan,49253
Michigan Center,michigan,49254
Montgomery,michigan,49255
Morenci,michigan,49256
Munith,michigan,49259
Napoleon,michigan,49261
North Adams,michigan,49262
Norvell,michigan,49263
Onondaga,michigan,49264
Onsted,michigan,49265
Osseo,michigan,49266
Ottawa Lake,michigan,49267
Palmyra,michigan,49268
Parma,michigan,49269
Petersburg,michigan,49270
Pittsford,michigan,49271
Pleasant Lake,michigan,49272
Reading,michigan,49274
Riga,michigan,49276
Rives Junction,michigan,49277
Sand Creek,michigan,49279
Somerset Center,michigan,49282
Spring Arbor,michigan,49283
Springport,michigan,49284
Stockbridge,michigan,49285
Tecumseh,michigan,49286
Tipton,michigan,49287
Waldron,michigan,49288
Weston,michigan,49289
Ada,michigan,49301
Alto,michigan,49302
Bailey,michigan,49303
Baldwin,michigan,49304
Barryton,michigan,49305
Belmont,michigan,49306
Big Rapids,michigan,49307
Bitely,michigan,49309
Blanchard,michigan,49310
Brohman,michigan,49312
Byron Center,michigan,49315
Caledonia,michigan,49316
Casnovia,michigan,49318
Cedar Springs,michigan,49319
Chippewa Lake,michigan,49320
Comstock Park,michigan,49321
Coral,michigan,49322
Dorr,michigan,49323
Freeport,michigan,49325
Gowen,michigan,49326
Grant,michigan,49327
Hopkins,michigan,49328
Howard City,michigan,49329
Kent City,michigan,49330
Lowell,michigan,49331
Mecosta,michigan,49332
Middleville,michigan,49333
Moline,michigan,49335
Morley,michigan,49336
Newaygo,michigan,49337
Paris,michigan,49338
Pierson,michigan,49339
Remus,michigan,49340
Rockford,michigan,49341
Rodney,michigan,49342
Sand Lake,michigan,49343
Shelbyville,michigan,49344
Sparta,michigan,49345
Stanwood,michigan,49346
Trufant,michigan,49347
Wayland,michigan,49348
White Cloud,michigan,49349
Allendale,michigan,49401
Branch,michigan,49402
Conklin,michigan,49403
Coopersville,michigan,49404
Custer,michigan,49405
Douglas,michigan,49406
Fennville,michigan,49408
Fountain,michigan,49410
Free Soil,michigan,49411
Fremont,michigan,49412
Fruitport,michigan,49415
Grand Haven,michigan,49417
Grandville,michigan,49418
Hamilton,michigan,49419
Hart,michigan,49420
Hesperia,michigan,49421
Holland,michigan,49423
Holland,michigan,49424
Holton,michigan,49425
Hudsonville,michigan,49426
Jenison,michigan,49428
Ludington,michigan,49431
Macatawa,michigan,49434
Marne,michigan,49435
Mears,michigan,49436
Montague,michigan,49437
Muskegon,michigan,49440
Muskegon,michigan,49441
Muskegon,michigan,49442
Muskegon,michigan,49444
Muskegon,michigan,49445
New Era,michigan,49446
Nunica,michigan,49448
Pentwater,michigan,49449
Pullman,michigan,49450
Ravenna,michigan,49451
Rothbury,michigan,49452
Saugatuck,michigan,49453
Scottville,michigan,49454
Shelby,michigan,49455
Spring Lake,michigan,49456
Twin Lake,michigan,49457
Walhalla,michigan,49458
Walkerville,michigan,49459
West Olive,michigan,49460
Whitehall,michigan,49461
Zeeland,michigan,49464
Grand Rapids,michigan,49503
Grand Rapids,michigan,49504
Grand Rapids,michigan,49505
Grand Rapids,michigan,49506
Grand Rapids,michigan,49507
Grand Rapids,michigan,49508
Wyoming,michigan,49509
Grand Rapids,michigan,49512
Wyoming,michigan,49519
Grand Rapids,michigan,49525
Grand Rapids,michigan,49534
Grand Rapids,michigan,49544
Grand Rapids,michigan,49546
Grand Rapids,michigan,49548
Cadillac,michigan,49601
Alba,michigan,49611
Alden,michigan,49612
Arcadia,michigan,49613
Bear Lake,michigan,49614
Bellaire,michigan,49615
Benzonia,michigan,49616
Beulah,michigan,49617
Boon,michigan,49618
Brethren,michigan,49619
Buckley,michigan,49620
Cedar,michigan,49621
Central Lake,michigan,49622
Chase,michigan,49623
Copemish,michigan,49625
Eastlake,michigan,49626
Eastport,michigan,49627
Elberta,michigan,49628
Elk Rapids,michigan,49629
Empire,michigan,49630
Evart,michigan,49631
Falmouth,michigan,49632
Fife Lake,michigan,49633
Filer City,michigan,49634
Frankfort,michigan,49635
Glen Arbor,michigan,49636
Grawn,michigan,49637
Harrietta,michigan,49638
Hersey,michigan,49639
Honor,michigan,49640
Idlewild,michigan,49642
Interlochen,michigan,49643
Irons,michigan,49644
Kaleva,michigan,49645
Kalkaska,michigan,49646
Kewadin,michigan,49648
Kingsley,michigan,49649
Lake Ann,michigan,49650
Lake City,michigan,49651
Lake Leelanau,michigan,49653
Leland,michigan,49654
Leroy,michigan,49655
Luther,michigan,49656
Mc Bain,michigan,49657
Mancelona,michigan,49659
Manistee,michigan,49660
Manton,michigan,49663
Maple City,michigan,49664
Marion,michigan,49665
Mayfield,michigan,49666
Merritt,michigan,49667
Mesick,michigan,49668
Northport,michigan,49670
Omena,michigan,49674
Onekama,michigan,49675
Rapid City,michigan,49676
Reed City,michigan,49677
Sears,michigan,49679
South Boardman,michigan,49680
Suttons Bay,michigan,49682
Thompsonville,michigan,49683
Traverse City,michigan,49684
Traverse City,michigan,49686
Tustin,michigan,49688
Wellston,michigan,49689
Williamsburg,michigan,49690
Mackinaw City,michigan,49701
Afton,michigan,49705
Alanson,michigan,49706
Alpena,michigan,49707
Atlanta,michigan,49709
Barbeau,michigan,49710
Boyne City,michigan,49712
Boyne Falls,michigan,49713
Brimley,michigan,49715
Brutus,michigan,49716
Burt Lake,michigan,49717
Carp Lake,michigan,49718
Cedarville,michigan,49719
Charlevoix,michigan,49720
Cheboygan,michigan,49721
Conway,michigan,49722
Dafter,michigan,49724
De Tour Village,michigan,49725
Drummond Island,michigan,49726
East Jordan,michigan,49727
Eckerman,michigan,49728
Ellsworth,michigan,49729
Elmira,michigan,49730
Frederic,michigan,49733
Gaylord,michigan,49735
Goetzville,michigan,49736
Grayling,michigan,49738
Harbor Springs,michigan,49740
Hawks,michigan,49743
Herron,michigan,49744
Hessel,michigan,49745
Hillman,michigan,49746
Hubbard Lake,michigan,49747
Hulbert,michigan,49748
Indian River,michigan,49749
Johannesburg,michigan,49751
Kinross,michigan,49752
Lachine,michigan,49753
Levering,michigan,49755
Lewiston,michigan,49756
Mackinac Island,michigan,49757
Millersburg,michigan,49759
Moran,michigan,49760
Naubinway,michigan,49762
Oden,michigan,49764
Onaway,michigan,49765
Ossineke,michigan,49766
Paradise,michigan,49768
Pellston,michigan,49769
Petoskey,michigan,49770
Pickford,michigan,49774
Pointe Aux Pins,michigan,49775
Posen,michigan,49776
Presque Isle,michigan,49777
Rogers City,michigan,49779
Rudyard,michigan,49780
Saint Ignace,michigan,49781
Beaver Island,michigan,49782
Sault Sainte Marie,michigan,49783
Kincheloe,michigan,49788
Topinabee,michigan,49791
Trout Lake,michigan,49793
Vanderbilt,michigan,49795
Walloon Lake,michigan,49796
Wolverine,michigan,49799
Iron Mountain,michigan,49801
Kingsford,michigan,49802
Allouez,michigan,49805
Au Train,michigan,49806
Bark River,michigan,49807
Big Bay,michigan,49808
Carney,michigan,49812
Champion,michigan,49814
Channing,michigan,49815
Chatham,michigan,49816
Cooks,michigan,49817
Cornell,michigan,49818
Arnold,michigan,49819
Curtis,michigan,49820
Daggett,michigan,49821
Deerton,michigan,49822
Eben Junction,michigan,49825
Rumely,michigan,49826
Engadine,michigan,49827
Escanaba,michigan,49829
Felch,michigan,49831
Little Lake,michigan,49833
Foster City,michigan,49834
Garden,michigan,49835
Germfask,michigan,49836
Gladstone,michigan,49837
Gould City,michigan,49838
Grand Marais,michigan,49839
Gulliver,michigan,49840
Gwinn,michigan,49841
Hermansville,michigan,49847
Ingalls,michigan,49848
Ishpeming,michigan,49849
Loretto,michigan,49852
Mc Millan,michigan,49853
Manistique,michigan,49854
Marquette,michigan,49855
Menominee,michigan,49858
Michigamme,michigan,49861
Munising,michigan,49862
Nadeau,michigan,49863
Nahma,michigan,49864
Negaunee,michigan,49866
Newberry,michigan,49868
Norway,michigan,49870
Palmer,michigan,49871
Perkins,michigan,49872
Perronville,michigan,49873
Powers,michigan,49874
Quinnesec,michigan,49876
Ralph,michigan,49877
Rapid River,michigan,49878
Republic,michigan,49879
Rock,michigan,49880
Sagola,michigan,49881
Seney,michigan,49883
Shingleton,michigan,49884
Skandia,michigan,49885
Spalding,michigan,49886
Stephenson,michigan,49887
Trenary,michigan,49891
Vulcan,michigan,49892
Wallace,michigan,49893
Wells,michigan,49894
Wetmore,michigan,49895
Wilson,michigan,49896
Ahmeek,michigan,49901
Alpha,michigan,49902
Amasa,michigan,49903
Atlantic Mine,michigan,49905
Baraga,michigan,49908
Bergland,michigan,49910
Bessemer,michigan,49911
Bruce Crossing,michigan,49912
Calumet,michigan,49913
Caspian,michigan,49915
Chassell,michigan,49916
Copper City,michigan,49917
Copper Harbor,michigan,49918
Covington,michigan,49919
Crystal Falls,michigan,49920
Dodgeville,michigan,49921
Dollar Bay,michigan,49922
Ewen,michigan,49925
Gaastra,michigan,49927
Greenland,michigan,49929
Hancock,michigan,49930
Houghton,michigan,49931
Hubbell,michigan,49934
Iron River,michigan,49935
Ironwood,michigan,49938
Kearsarge,michigan,49942
Lake Linden,michigan,49945
Lanse,michigan,49946
Marenisco,michigan,49947
Mass City,michigan,49948
Mohawk,michigan,49950
Nisula,michigan,49952
Ontonagon,michigan,49953
Painesdale,michigan,49955
Pelkie,michigan,49958
Ramsay,michigan,49959
Rockland,michigan,49960
Sidnaw,michigan,49961
Skanee,michigan,49962
South Range,michigan,49963
Toivola,michigan,49965
Trout Creek,michigan,49967
Wakefield,michigan,49968
Watersmeet,michigan,49969
Watton,michigan,49970
White Pine,michigan,49971
Ackworth,iowa,50001
Adair,iowa,50002
Adel,iowa,50003
Albion,iowa,50005
Alden,iowa,50006
Alleman,iowa,50007
Allerton,iowa,50008
Altoona,iowa,50009
Ames,iowa,50010
Ames,iowa,50011
Ames,iowa,50012
Ames,iowa,50014
Anita,iowa,50020
Ankeny,iowa,50021
Atlantic,iowa,50022
Ankeny,iowa,50023
Audubon,iowa,50025
Bagley,iowa,50026
Barnes City,iowa,50027
Baxter,iowa,50028
Bayard,iowa,50029
Berwick,iowa,50032
Bevington,iowa,50033
Blairsburg,iowa,50034
Bondurant,iowa,50035
Boone,iowa,50036
Booneville,iowa,50038
Bouton,iowa,50039
Bradford,iowa,50041
Brayton,iowa,50042
Bussey,iowa,50044
Cambridge,iowa,50046
Carlisle,iowa,50047
Casey,iowa,50048
Chariton,iowa,50049
Churdan,iowa,50050
Clemons,iowa,50051
Clio,iowa,50052
Colfax,iowa,50054
Collins,iowa,50055
Colo,iowa,50056
Columbia,iowa,50057
Coon Rapids,iowa,50058
Corydon,iowa,50060
Cumming,iowa,50061
Melcher Dallas,iowa,50062
Dallas Center,iowa,50063
Dana,iowa,50064
Davis City,iowa,50065
Dawson,iowa,50066
Decatur,iowa,50067
Derby,iowa,50068
De Soto,iowa,50069
Dexter,iowa,50070
Dows,iowa,50071
Earlham,iowa,50072
Elkhart,iowa,50073
Ellston,iowa,50074
Ellsworth,iowa,50075
Exira,iowa,50076
Ferguson,iowa,50078
Galt,iowa,50101
Garden City,iowa,50102
Garden Grove,iowa,50103
Gibson,iowa,50104
Gilbert,iowa,50105
Gilman,iowa,50106
Grand Junction,iowa,50107
Grand River,iowa,50108
Granger,iowa,50109
Grimes,iowa,50111
Grinnell,iowa,50112
Guthrie Center,iowa,50115
Hamilton,iowa,50116
Hamlin,iowa,50117
Hartford,iowa,50118
Harvey,iowa,50119
Haverhill,iowa,50120
Hubbard,iowa,50122
Humeston,iowa,50123
Huxley,iowa,50124
Indianola,iowa,50125
Iowa Falls,iowa,50126
Ira,iowa,50127
Jamaica,iowa,50128
Jefferson,iowa,50129
Jewell,iowa,50130
Johnston,iowa,50131
Kamrar,iowa,50132
Kellerton,iowa,50133
Kelley,iowa,50134
Kellogg,iowa,50135
Keswick,iowa,50136
Knoxville,iowa,50138
Lacona,iowa,50139
Lamoni,iowa,50140
Laurel,iowa,50141
Le Grand,iowa,50142
Leighton,iowa,50143
Leon,iowa,50144
Linden,iowa,50146
Lineville,iowa,50147
Liscomb,iowa,50148
Lorimor,iowa,50149
Lovilia,iowa,50150
Lucas,iowa,50151
Lynnville,iowa,50153
Mc Callsburg,iowa,50154
Macksburg,iowa,50155
Madrid,iowa,50156
Malcom,iowa,50157
Marshalltown,iowa,50158
Martensdale,iowa,50160
Maxwell,iowa,50161
Melbourne,iowa,50162
Melcher Dallas,iowa,50163
Menlo,iowa,50164
Millerton,iowa,50165
Milo,iowa,50166
Minburn,iowa,50167
Mingo,iowa,50168
Mitchellville,iowa,50169
Monroe,iowa,50170
Montezuma,iowa,50171
Montour,iowa,50173
Murray,iowa,50174
Nevada,iowa,50201
New Providence,iowa,50206
New Sharon,iowa,50207
Newton,iowa,50208
New Virginia,iowa,50210
Norwalk,iowa,50211
Ogden,iowa,50212
Osceola,iowa,50213
Otley,iowa,50214
Panora,iowa,50216
Paton,iowa,50217
Patterson,iowa,50218
Pella,iowa,50219
Perry,iowa,50220
Peru,iowa,50222
Pilot Mound,iowa,50223
Pleasantville,iowa,50225
Polk City,iowa,50226
Popejoy,iowa,50227
Prairie City,iowa,50228
Prole,iowa,50229
Radcliffe,iowa,50230
Randall,iowa,50231
Reasnor,iowa,50232
Redfield,iowa,50233
Rhodes,iowa,50234
Rippey,iowa,50235
Roland,iowa,50236
Runnells,iowa,50237
Russell,iowa,50238
Saint Anthony,iowa,50239
Saint Charles,iowa,50240
Searsboro,iowa,50242
Sheldahl,iowa,50243
Slater,iowa,50244
Stanhope,iowa,50246
State Center,iowa,50247
Story City,iowa,50248
Stratford,iowa,50249
Stuart,iowa,50250
Sully,iowa,50251
Swan,iowa,50252
Thayer,iowa,50254
Thornburg,iowa,50255
Tracy,iowa,50256
Truro,iowa,50257
Union,iowa,50258
Van Meter,iowa,50261
Van Wert,iowa,50262
Waukee,iowa,50263
Weldon,iowa,50264
West Des Moines,iowa,50265
West Des Moines,iowa,50266
What Cheer,iowa,50268
Williams,iowa,50271
Williamson,iowa,50272
Winterset,iowa,50273
Wiota,iowa,50274
Woodburn,iowa,50275
Woodward,iowa,50276
Yale,iowa,50277
Zearing,iowa,50278
Des Moines,iowa,50309
Des Moines,iowa,50310
Des Moines,iowa,50311
Des Moines,iowa,50312
Des Moines,iowa,50313
Des Moines,iowa,50314
Des Moines,iowa,50315
Des Moines,iowa,50316
Des Moines,iowa,50317
Des Moines,iowa,50319
Des Moines,iowa,50320
Des Moines,iowa,50321
Urbandale,iowa,50322
Urbandale,iowa,50323
Windsor Heights,iowa,50324
Clive,iowa,50325
Pleasant Hill,iowa,50327
Mason City,iowa,50401
Alexander,iowa,50420
Belmond,iowa,50421
Britt,iowa,50423
Buffalo Center,iowa,50424
Carpenter,iowa,50426
Clear Lake,iowa,50428
Corwith,iowa,50430
Coulter,iowa,50431
Crystal Lake,iowa,50432
Dougherty,iowa,50433
Fertile,iowa,50434
Floyd,iowa,50435
Forest City,iowa,50436
Garner,iowa,50438
Goodell,iowa,50439
Grafton,iowa,50440
Hampton,iowa,50441
Hanlontown,iowa,50444
Joice,iowa,50446
Kanawha,iowa,50447
Kensett,iowa,50448
Klemme,iowa,50449
Lake Mills,iowa,50450
Lakota,iowa,50451
Latimer,iowa,50452
Leland,iowa,50453
Little Cedar,iowa,50454
Mc Intire,iowa,50455
Manly,iowa,50456
Meservey,iowa,50457
Nora Springs,iowa,50458
Northwood,iowa,50459
Orchard,iowa,50460
Osage,iowa,50461
Plymouth,iowa,50464
Rake,iowa,50465
Riceville,iowa,50466
Rock Falls,iowa,50467
Rockford,iowa,50468
Rockwell,iowa,50469
Rowan,iowa,50470
Rudd,iowa,50471
Saint Ansgar,iowa,50472
Scarville,iowa,50473
Sheffield,iowa,50475
Stacyville,iowa,50476
Swaledale,iowa,50477
Thompson,iowa,50478
Thornton,iowa,50479
Titonka,iowa,50480
Ventura,iowa,50482
Wesley,iowa,50483
Woden,iowa,50484
Fort Dodge,iowa,50501
Albert City,iowa,50510
Algona,iowa,50511
Armstrong,iowa,50514
Ayrshire,iowa,50515
Badger,iowa,50516
Bancroft,iowa,50517
Barnum,iowa,50518
Bode,iowa,50519
Bradgate,iowa,50520
Burnside,iowa,50521
Burt,iowa,50522
Callender,iowa,50523
Clare,iowa,50524
Clarion,iowa,50525
Curlew,iowa,50527
Cylinder,iowa,50528
Dakota City,iowa,50529
Dayton,iowa,50530
Dolliver,iowa,50531
Duncombe,iowa,50532
Eagle Grove,iowa,50533
Early,iowa,50535
Emmetsburg,iowa,50536
Farnhamville,iowa,50538
Fenton,iowa,50539
Fonda,iowa,50540
Gilmore City,iowa,50541
Goldfield,iowa,50542
Gowrie,iowa,50543
Harcourt,iowa,50544
Hardy,iowa,50545
Havelock,iowa,50546
Humboldt,iowa,50548
Jolley,iowa,50551
Laurens,iowa,50554
Ledyard,iowa,50556
Lehigh,iowa,50557
Livermore,iowa,50558
Lone Rock,iowa,50559
Lu Verne,iowa,50560
Lytton,iowa,50561
Mallard,iowa,50562
Manson,iowa,50563
Marathon,iowa,50565
Moorland,iowa,50566
Nemaha,iowa,50567
Newell,iowa,50568
Otho,iowa,50569
Ottosen,iowa,50570
Palmer,iowa,50571
Plover,iowa,50573
Pocahontas,iowa,50574
Pomeroy,iowa,50575
Rembrandt,iowa,50576
Renwick,iowa,50577
Ringsted,iowa,50578
Rockwell City,iowa,50579
Rolfe,iowa,50581
Rutland,iowa,50582
Sac City,iowa,50583
Sioux Rapids,iowa,50585
Somers,iowa,50586
Storm Lake,iowa,50588
Swea City,iowa,50590
Thor,iowa,50591
Varina,iowa,50593
Vincent,iowa,50594
Webster City,iowa,50595
West Bend,iowa,50597
Whittemore,iowa,50598
Woolstock,iowa,50599
Ackley,iowa,50601
Allison,iowa,50602
Alta Vista,iowa,50603
Aplington,iowa,50604
Aredale,iowa,50605
Arlington,iowa,50606
Aurora,iowa,50607
Beaman,iowa,50609
Bristow,iowa,50611
Buckingham,iowa,50612
Cedar Falls,iowa,50613
Charles City,iowa,50616
Clarksville,iowa,50619
Colwell,iowa,50620
Conrad,iowa,50621
Denver,iowa,50622
Dike,iowa,50624
Dumont,iowa,50625
Dunkerton,iowa,50626
Eldora,iowa,50627
Elma,iowa,50628
Fairbank,iowa,50629
Fredericksburg,iowa,50630
Garwin,iowa,50632
Geneva,iowa,50633
Gilbertville,iowa,50634
Gladbrook,iowa,50635
Greene,iowa,50636
Grundy Center,iowa,50638
Hazleton,iowa,50641
Holland,iowa,50642
Hudson,iowa,50643
Independence,iowa,50644
Ionia,iowa,50645
Janesville,iowa,50647
Jesup,iowa,50648
Lamont,iowa,50650
La Porte City,iowa,50651
Lincoln,iowa,50652
Marble Rock,iowa,50653
Masonville,iowa,50654
Maynard,iowa,50655
Nashua,iowa,50658
New Hampton,iowa,50659
New Hartford,iowa,50660
Oelwein,iowa,50662
Oran,iowa,50664
Parkersburg,iowa,50665
Plainfield,iowa,50666
Raymond,iowa,50667
Readlyn,iowa,50668
Reinbeck,iowa,50669
Shell Rock,iowa,50670
Stanley,iowa,50671
Steamboat Rock,iowa,50672
Stout,iowa,50673
Sumner,iowa,50674
Traer,iowa,50675
Tripoli,iowa,50676
Waverly,iowa,50677
Wellsburg,iowa,50680
Westgate,iowa,50681
Winthrop,iowa,50682
Waterloo,iowa,50701
Waterloo,iowa,50702
Waterloo,iowa,50703
Evansdale,iowa,50707
Creston,iowa,50801
Afton,iowa,50830
Bedford,iowa,50833
Benton,iowa,50835
Blockton,iowa,50836
Bridgewater,iowa,50837
Carbon,iowa,50839
Clearfield,iowa,50840
Corning,iowa,50841
Cromwell,iowa,50842
Cumberland,iowa,50843
Diagonal,iowa,50845
Fontanelle,iowa,50846
Grant,iowa,50847
Gravity,iowa,50848
Greenfield,iowa,50849
Lenox,iowa,50851
Massena,iowa,50853
Mount Ayr,iowa,50854
Nodaway,iowa,50857
Orient,iowa,50858
Prescott,iowa,50859
Redding,iowa,50860
Shannon City,iowa,50861
Sharpsburg,iowa,50862
Tingley,iowa,50863
Villisca,iowa,50864
Akron,iowa,51001
Alta,iowa,51002
Alton,iowa,51003
Anthon,iowa,51004
Aurelia,iowa,51005
Battle Creek,iowa,51006
Bronson,iowa,51007
Brunsville,iowa,51008
Calumet,iowa,51009
Castana,iowa,51010
Chatsworth,iowa,51011
Cherokee,iowa,51012
Cleghorn,iowa,51014
Correctionville,iowa,51016
Cushing,iowa,51018
Danbury,iowa,51019
Galva,iowa,51020
Granville,iowa,51022
Hawarden,iowa,51023
Hinton,iowa,51024
Holstein,iowa,51025
Hornick,iowa,51026
Ireton,iowa,51027
Kingsley,iowa,51028
Larrabee,iowa,51029
Lawton,iowa,51030
Le Mars,iowa,51031
Linn Grove,iowa,51033
Mapleton,iowa,51034
Marcus,iowa,51035
Maurice,iowa,51036
Meriden,iowa,51037
Merrill,iowa,51038
Moville,iowa,51039
Onawa,iowa,51040
Orange City,iowa,51041
Oto,iowa,51044
Paullina,iowa,51046
Peterson,iowa,51047
Pierson,iowa,51048
Quimby,iowa,51049
Remsen,iowa,51050
Rodney,iowa,51051
Salix,iowa,51052
Schaller,iowa,51053
Sergeant Bluff,iowa,51054
Sloan,iowa,51055
Smithland,iowa,51056
Sutherland,iowa,51058
Ute,iowa,51060
Washta,iowa,51061
Westfield,iowa,51062
Whiting,iowa,51063
Sioux City,iowa,51101
Sioux City,iowa,51103
Sioux City,iowa,51104
Sioux City,iowa,51105
Sioux City,iowa,51106
Sioux City,iowa,51108
Sioux City,iowa,51109
Sioux City,iowa,51111
Sheldon,iowa,51201
Alvord,iowa,51230
Archer,iowa,51231
Ashton,iowa,51232
Boyden,iowa,51234
Doon,iowa,51235
George,iowa,51237
Hospers,iowa,51238
Hull,iowa,51239
Inwood,iowa,51240
Larchwood,iowa,51241
Lester,iowa,51242
Little Rock,iowa,51243
Matlock,iowa,51244
Primghar,iowa,51245
Rock Rapids,iowa,51246
Rock Valley,iowa,51247
Sanborn,iowa,51248
Sibley,iowa,51249
Sioux Center,iowa,51250
Spencer,iowa,51301
Arnolds Park,iowa,51331
Dickens,iowa,51333
Estherville,iowa,51334
Everly,iowa,51338
Gillett Grove,iowa,51341
Graettinger,iowa,51342
Greenville,iowa,51343
Harris,iowa,51345
Hartley,iowa,51346
Lake Park,iowa,51347
Melvin,iowa,51350
Milford,iowa,51351
Ocheyedan,iowa,51354
Okoboji,iowa,51355
Royal,iowa,51357
Ruthven,iowa,51358
Spirit Lake,iowa,51360
Superior,iowa,51363
Terril,iowa,51364
Wallingford,iowa,51365
Webb,iowa,51366
Carroll,iowa,51401
Arcadia,iowa,51430
Arthur,iowa,51431
Auburn,iowa,51433
Breda,iowa,51436
Charter Oak,iowa,51439
Dedham,iowa,51440
Deloit,iowa,51441
Denison,iowa,51442
Glidden,iowa,51443
Halbur,iowa,51444
Ida Grove,iowa,51445
Irwin,iowa,51446
Kirkman,iowa,51447
Kiron,iowa,51448
Lake City,iowa,51449
Lake View,iowa,51450
Lanesboro,iowa,51451
Lohrville,iowa,51453
Manilla,iowa,51454
Manning,iowa,51455
Odebolt,iowa,51458
Ralston,iowa,51459
Schleswig,iowa,51461
Scranton,iowa,51462
Templeton,iowa,51463
Vail,iowa,51465
Wall Lake,iowa,51466
Westside,iowa,51467
Council Bluffs,iowa,51501
Council Bluffs,iowa,51503
Carter Lake,iowa,51510
Arion,iowa,51520
Avoca,iowa,51521
Blencoe,iowa,51523
Carson,iowa,51525
Crescent,iowa,51526
Defiance,iowa,51527
Dow City,iowa,51528
Dunlap,iowa,51529
Earling,iowa,51530
Elk Horn,iowa,51531
Elliott,iowa,51532
Emerson,iowa,51533
Glenwood,iowa,51534
Griswold,iowa,51535
Hancock,iowa,51536
Harlan,iowa,51537
Hastings,iowa,51540
Henderson,iowa,51541
Honey Creek,iowa,51542
Kimballton,iowa,51543
Lewis,iowa,51544
Little Sioux,iowa,51545
Logan,iowa,51546
Mc Clelland,iowa,51548
Macedonia,iowa,51549
Magnolia,iowa,51550
Malvern,iowa,51551
Marne,iowa,51552
Minden,iowa,51553
Mineola,iowa,51554
Missouri Valley,iowa,51555
Modale,iowa,51556
Mondamin,iowa,51557
Moorhead,iowa,51558
Neola,iowa,51559
Oakland,iowa,51560
Pacific Junction,iowa,51561
Panama,iowa,51562
Persia,iowa,51563
Pisgah,iowa,51564
Portsmouth,iowa,51565
Red Oak,iowa,51566
Shelby,iowa,51570
Silver City,iowa,51571
Soldier,iowa,51572
Stanton,iowa,51573
Treynor,iowa,51575
Underwood,iowa,51576
Walnut,iowa,51577
Westphalia,iowa,51578
Woodbine,iowa,51579
Shenandoah,iowa,51601
Blanchard,iowa,51630
Braddyville,iowa,51631
Clarinda,iowa,51632
Coin,iowa,51636
College Springs,iowa,51637
Essex,iowa,51638
Farragut,iowa,51639
Hamburg,iowa,51640
Imogene,iowa,51645
New Market,iowa,51646
Northboro,iowa,51647
Percival,iowa,51648
Randolph,iowa,51649
Riverton,iowa,51650
Sidney,iowa,51652
Tabor,iowa,51653
Thurman,iowa,51654
Yorktown,iowa,51656
Dubuque,iowa,52001
Dubuque,iowa,52002
Dubuque,iowa,52003
Andrew,iowa,52030
Bellevue,iowa,52031
Bernard,iowa,52032
Cascade,iowa,52033
Colesburg,iowa,52035
Delmar,iowa,52037
Dundee,iowa,52038
Durango,iowa,52039
Dyersville,iowa,52040
Earlville,iowa,52041
Edgewood,iowa,52042
Elkader,iowa,52043
Elkport,iowa,52044
Epworth,iowa,52045
Farley,iowa,52046
Farmersburg,iowa,52047
Garber,iowa,52048
Garnavillo,iowa,52049
Greeley,iowa,52050
Guttenberg,iowa,52052
Holy Cross,iowa,52053
La Motte,iowa,52054
Manchester,iowa,52057
Maquoketa,iowa,52060
Miles,iowa,52064
New Vienna,iowa,52065
North Buena Vista,iowa,52066
Peosta,iowa,52068
Preston,iowa,52069
Sabula,iowa,52070
Saint Olaf,iowa,52072
Sherrill,iowa,52073
Spragueville,iowa,52074
Strawberry Point,iowa,52076
Volga,iowa,52077
Worthington,iowa,52078
Zwingle,iowa,52079
Decorah,iowa,52101
Calmar,iowa,52132
Castalia,iowa,52133
Chester,iowa,52134
Clermont,iowa,52135
Cresco,iowa,52136
Dorchester,iowa,52140
Elgin,iowa,52141
Fayette,iowa,52142
Fort Atkinson,iowa,52144
Harpers Ferry,iowa,52146
Hawkeye,iowa,52147
Lansing,iowa,52151
Lawler,iowa,52154
Lime Springs,iowa,52155
Luana,iowa,52156
Mc Gregor,iowa,52157
Marquette,iowa,52158
Monona,iowa,52159
New Albin,iowa,52160
Ossian,iowa,52161
Postville,iowa,52162
Protivin,iowa,52163
Randalia,iowa,52164
Ridgeway,iowa,52165
Saint Lucas,iowa,52166
Spillville,iowa,52168
Wadena,iowa,52169
Waterville,iowa,52170
Waucoma,iowa,52171
Waukon,iowa,52172
West Union,iowa,52175
Ainsworth,iowa,52201
Alburnett,iowa,52202
Amana,iowa,52203
Anamosa,iowa,52205
Atkins,iowa,52206
Baldwin,iowa,52207
Belle Plaine,iowa,52208
Blairstown,iowa,52209
Brandon,iowa,52210
Brooklyn,iowa,52211
Center Junction,iowa,52212
Center Point,iowa,52213
Central City,iowa,52214
Chelsea,iowa,52215
Clarence,iowa,52216
Clutier,iowa,52217
Coggon,iowa,52218
Prairieburg,iowa,52219
Conroy,iowa,52220
Guernsey,iowa,52221
Deep River,iowa,52222
Delhi,iowa,52223
Dysart,iowa,52224
Elberon,iowa,52225
Ely,iowa,52227
Fairfax,iowa,52228
Garrison,iowa,52229
Harper,iowa,52231
Hartwick,iowa,52232
Hiawatha,iowa,52233
Hills,iowa,52235
Homestead,iowa,52236
Hopkinton,iowa,52237
Iowa City,iowa,52240
Coralville,iowa,52241
Iowa City,iowa,52242
Iowa City,iowa,52245
Iowa City,iowa,52246
Kalona,iowa,52247
Keota,iowa,52248
Keystone,iowa,52249
Ladora,iowa,52251
Lisbon,iowa,52253
Lost Nation,iowa,52254
Lowden,iowa,52255
Luzerne,iowa,52257
Marengo,iowa,52301
Marion,iowa,52302
Martelle,iowa,52305
Mechanicsville,iowa,52306
Middle Amana,iowa,52307
Millersburg,iowa,52308
Monmouth,iowa,52309
Monticello,iowa,52310
Morley,iowa,52312
Mount Auburn,iowa,52313
Mount Vernon,iowa,52314
Newhall,iowa,52315
North English,iowa,52316
North Liberty,iowa,52317
Norway,iowa,52318
Olin,iowa,52320
Onslow,iowa,52321
Oxford,iowa,52322
Oxford Junction,iowa,52323
Palo,iowa,52324
Parnell,iowa,52325
Quasqueton,iowa,52326
Riverside,iowa,52327
Robins,iowa,52328
Rowley,iowa,52329
Ryan,iowa,52330
Shellsburg,iowa,52332
Solon,iowa,52333
South Amana,iowa,52334
South English,iowa,52335
Springville,iowa,52336
Stanwood,iowa,52337
Swisher,iowa,52338
Tama,iowa,52339
Tiffin,iowa,52340
Toddville,iowa,52341
Toledo,iowa,52342
Urbana,iowa,52345
Van Horne,iowa,52346
Victor,iowa,52347
Vining,iowa,52348
Vinton,iowa,52349
Walford,iowa,52351
Walker,iowa,52352
Washington,iowa,52353
Watkins,iowa,52354
Webster,iowa,52355
Wellman,iowa,52356
West Branch,iowa,52358
West Chester,iowa,52359
Williamsburg,iowa,52361
Wyoming,iowa,52362
Cedar Rapids,iowa,52401
Cedar Rapids,iowa,52402
Cedar Rapids,iowa,52403
Cedar Rapids,iowa,52404
Cedar Rapids,iowa,52405
Cedar Rapids,iowa,52411
Ottumwa,iowa,52501
Agency,iowa,52530
Albia,iowa,52531
Batavia,iowa,52533
Beacon,iowa,52534
Birmingham,iowa,52535
Blakesburg,iowa,52536
Bloomfield,iowa,52537
Brighton,iowa,52540
Cantril,iowa,52542
Cedar,iowa,52543
Centerville,iowa,52544
Chillicothe,iowa,52548
Cincinnati,iowa,52549
Delta,iowa,52550
Douds,iowa,52551
Drakesville,iowa,52552
Eddyville,iowa,52553
Eldon,iowa,52554
Exline,iowa,52555
Fairfield,iowa,52556
Fairfield,iowa,52557
Floris,iowa,52560
Fremont,iowa,52561
Hedrick,iowa,52563
Keosauqua,iowa,52565
Kirkville,iowa,52566
Libertyville,iowa,52567
Melrose,iowa,52569
Milton,iowa,52570
Moravia,iowa,52571
Moulton,iowa,52572
Mount Sterling,iowa,52573
Mystic,iowa,52574
Ollie,iowa,52576
Oskaloosa,iowa,52577
Packwood,iowa,52580
Plano,iowa,52581
Promise City,iowa,52583
Pulaski,iowa,52584
Richland,iowa,52585
Rose Hill,iowa,52586
Selma,iowa,52588
Seymour,iowa,52590
Sigourney,iowa,52591
Udell,iowa,52593
Unionville,iowa,52594
University Park,iowa,52595
Burlington,iowa,52601
Argyle,iowa,52619
Bonaparte,iowa,52620
Crawfordsville,iowa,52621
Danville,iowa,52623
Denmark,iowa,52624
Donnellson,iowa,52625
Farmington,iowa,52626
Fort Madison,iowa,52627
Hillsboro,iowa,52630
Keokuk,iowa,52632
Lockridge,iowa,52635
Mediapolis,iowa,52637
Middletown,iowa,52638
Montrose,iowa,52639
Morning Sun,iowa,52640
Mount Pleasant,iowa,52641
Mount Union,iowa,52644
New London,iowa,52645
Oakville,iowa,52646
Olds,iowa,52647
Salem,iowa,52649
Sperry,iowa,52650
Stockport,iowa,52651
Wapello,iowa,52653
Wayland,iowa,52654
West Burlington,iowa,52655
West Point,iowa,52656
Saint Paul,iowa,52657
Wever,iowa,52658
Winfield,iowa,52659
Yarmouth,iowa,52660
Andover,iowa,52701
Atalissa,iowa,52720
Bennett,iowa,52721
Bettendorf,iowa,52722
Blue Grass,iowa,52726
Bryant,iowa,52727
Buffalo,iowa,52728
Calamus,iowa,52729
Camanche,iowa,52730
Charlotte,iowa,52731
Clinton,iowa,52732
Columbus City,iowa,52737
Columbus Junction,iowa,52738
Conesville,iowa,52739
De Witt,iowa,52742
Dixon,iowa,52745
Donahue,iowa,52746
Durant,iowa,52747
Eldridge,iowa,52748
Fruitland,iowa,52749
Goose Lake,iowa,52750
Grand Mound,iowa,52751
Grandview,iowa,52752
Le Claire,iowa,52753
Letts,iowa,52754
Lone Tree,iowa,52755
Long Grove,iowa,52756
Low Moor,iowa,52757
Mc Causland,iowa,52758
Moscow,iowa,52760
Muscatine,iowa,52761
New Liberty,iowa,52765
Nichols,iowa,52766
Pleasant Valley,iowa,52767
Princeton,iowa,52768
Stockton,iowa,52769
Tipton,iowa,52772
Walcott,iowa,52773
Welton,iowa,52774
West Liberty,iowa,52776
Wheatland,iowa,52777
Wilton,iowa,52778
Davenport,iowa,52801
Davenport,iowa,52802
Davenport,iowa,52803
Davenport,iowa,52804
Davenport,iowa,52806
Davenport,iowa,52807
Adell,wisconsin,53001
Allenton,wisconsin,53002
Ashippun,wisconsin,53003
Belgium,wisconsin,53004
Brookfield,wisconsin,53005
Brownsville,wisconsin,53006
Butler,wisconsin,53007
Campbellsport,wisconsin,53010
Cascade,wisconsin,53011
Cedarburg,wisconsin,53012
Cedar Grove,wisconsin,53013
Chilton,wisconsin,53014
Cleveland,wisconsin,53015
Clyman,wisconsin,53016
Colgate,wisconsin,53017
Delafield,wisconsin,53018
Eden,wisconsin,53019
Elkhart Lake,wisconsin,53020
Fredonia,wisconsin,53021
Germantown,wisconsin,53022
Glenbeulah,wisconsin,53023
Grafton,wisconsin,53024
Hartford,wisconsin,53027
Hartland,wisconsin,53029
Hingham,wisconsin,53031
Horicon,wisconsin,53032
Hubertus,wisconsin,53033
Hustisford,wisconsin,53034
Iron Ridge,wisconsin,53035
Ixonia,wisconsin,53036
Jackson,wisconsin,53037
Johnson Creek,wisconsin,53038
Juneau,wisconsin,53039
Kewaskum,wisconsin,53040
Kiel,wisconsin,53042
Kohler,wisconsin,53044
Brookfield,wisconsin,53045
Lannon,wisconsin,53046
Lebanon,wisconsin,53047
Lomira,wisconsin,53048
Malone,wisconsin,53049
Mayville,wisconsin,53050
Menomonee Falls,wisconsin,53051
Mount Calvary,wisconsin,53057
Nashotah,wisconsin,53058
Neosho,wisconsin,53059
New Holstein,wisconsin,53061
Newton,wisconsin,53063
Oakfield,wisconsin,53065
Oconomowoc,wisconsin,53066
Okauchee,wisconsin,53069
Oostburg,wisconsin,53070
Pewaukee,wisconsin,53072
Plymouth,wisconsin,53073
Port Washington,wisconsin,53074
Random Lake,wisconsin,53075
Richfield,wisconsin,53076
Rubicon,wisconsin,53078
Saint Cloud,wisconsin,53079
Saukville,wisconsin,53080
Sheboygan,wisconsin,53081
Sheboygan,wisconsin,53083
Sheboygan Falls,wisconsin,53085
Slinger,wisconsin,53086
Stockbridge,wisconsin,53088
Sussex,wisconsin,53089
West Bend,wisconsin,53090
Theresa,wisconsin,53091
Mequon,wisconsin,53092
Waldo,wisconsin,53093
Watertown,wisconsin,53094
West Bend,wisconsin,53095
Mequon,wisconsin,53097
Watertown,wisconsin,53098
Big Bend,wisconsin,53103
Bristol,wisconsin,53104
Burlington,wisconsin,53105
Caledonia,wisconsin,53108
Cudahy,wisconsin,53110
Darien,wisconsin,53114
Delavan,wisconsin,53115
Dousman,wisconsin,53118
Eagle,wisconsin,53119
East Troy,wisconsin,53120
Elkhorn,wisconsin,53121
Elm Grove,wisconsin,53122
Fontana,wisconsin,53125
Franksville,wisconsin,53126
Genoa City,wisconsin,53128
Greendale,wisconsin,53129
Hales Corners,wisconsin,53130
Franklin,wisconsin,53132
Helenville,wisconsin,53137
Kansasville,wisconsin,53139
Kenosha,wisconsin,53140
Kenosha,wisconsin,53142
Kenosha,wisconsin,53143
Kenosha,wisconsin,53144
New Berlin,wisconsin,53146
Lake Geneva,wisconsin,53147
Mukwonago,wisconsin,53149
Muskego,wisconsin,53150
New Berlin,wisconsin,53151
North Prairie,wisconsin,53153
Oak Creek,wisconsin,53154
Palmyra,wisconsin,53156
Pleasant Prairie,wisconsin,53158
Rochester,wisconsin,53167
Salem,wisconsin,53168
Silver Lake,wisconsin,53170
South Milwaukee,wisconsin,53172
Sturtevant,wisconsin,53177
Sullivan,wisconsin,53178
Trevor,wisconsin,53179
Twin Lakes,wisconsin,53181
Union Grove,wisconsin,53182
Wales,wisconsin,53183
Walworth,wisconsin,53184
Waterford,wisconsin,53185
Waukesha,wisconsin,53186
Waukesha,wisconsin,53188
Waukesha,wisconsin,53189
Whitewater,wisconsin,53190
Williams Bay,wisconsin,53191
Wilmot,wisconsin,53192
Zenda,wisconsin,53195
Milwaukee,wisconsin,53202
Milwaukee,wisconsin,53203
Milwaukee,wisconsin,53204
Milwaukee,wisconsin,53205
Milwaukee,wisconsin,53206
Milwaukee,wisconsin,53207
Milwaukee,wisconsin,53208
Milwaukee,wisconsin,53209
Milwaukee,wisconsin,53210
Milwaukee,wisconsin,53211
Milwaukee,wisconsin,53212
Milwaukee,wisconsin,53213
Milwaukee,wisconsin,53214
Milwaukee,wisconsin,53215
Milwaukee,wisconsin,53216
Milwaukee,wisconsin,53217
Milwaukee,wisconsin,53218
Milwaukee,wisconsin,53219
Milwaukee,wisconsin,53220
Milwaukee,wisconsin,53221
Milwaukee,wisconsin,53222
Milwaukee,wisconsin,53223
Milwaukee,wisconsin,53224
Milwaukee,wisconsin,53225
Milwaukee,wisconsin,53226
Milwaukee,wisconsin,53227
Milwaukee,wisconsin,53228
Milwaukee,wisconsin,53233
Saint Francis,wisconsin,53235
Milwaukee,wisconsin,53295
Racine,wisconsin,53402
Racine,wisconsin,53403
Racine,wisconsin,53404
Racine,wisconsin,53405
Racine,wisconsin,53406
Afton,wisconsin,53501
Albany,wisconsin,53502
Arena,wisconsin,53503
Argyle,wisconsin,53504
Avalon,wisconsin,53505
Avoca,wisconsin,53506
Barneveld,wisconsin,53507
Belleville,wisconsin,53508
Belmont,wisconsin,53510
Beloit,wisconsin,53511
Black Earth,wisconsin,53515
Blanchardville,wisconsin,53516
Blue Mounds,wisconsin,53517
Blue River,wisconsin,53518
Brodhead,wisconsin,53520
Brooklyn,wisconsin,53521
Browntown,wisconsin,53522
Cambridge,wisconsin,53523
Clinton,wisconsin,53525
Cobb,wisconsin,53526
Cottage Grove,wisconsin,53527
Cross Plains,wisconsin,53528
Dane,wisconsin,53529
Darlington,wisconsin,53530
Deerfield,wisconsin,53531
Deforest,wisconsin,53532
Dodgeville,wisconsin,53533
Edgerton,wisconsin,53534
Evansville,wisconsin,53536
Footville,wisconsin,53537
Fort Atkinson,wisconsin,53538
Gotham,wisconsin,53540
Gratiot,wisconsin,53541
Highland,wisconsin,53543
Hollandale,wisconsin,53544
Janesville,wisconsin,53545
Janesville,wisconsin,53546
Janesville,wisconsin,53548
Jefferson,wisconsin,53549
Juda,wisconsin,53550
Lake Mills,wisconsin,53551
Linden,wisconsin,53553
Livingston,wisconsin,53554
Lodi,wisconsin,53555
Lone Rock,wisconsin,53556
Lowell,wisconsin,53557
Mcfarland,wisconsin,53558
Marshall,wisconsin,53559
Mazomanie,wisconsin,53560
Merrimac,wisconsin,53561
Middleton,wisconsin,53562
Milton,wisconsin,53563
Mineral Point,wisconsin,53565
Monroe,wisconsin,53566
Montfort,wisconsin,53569
Monticello,wisconsin,53570
Morrisonville,wisconsin,53571
Mount Horeb,wisconsin,53572
Muscoda,wisconsin,53573
New Glarus,wisconsin,53574
Oregon,wisconsin,53575
Orfordville,wisconsin,53576
Plain,wisconsin,53577
Prairie Du Sac,wisconsin,53578
Reeseville,wisconsin,53579
Rewey,wisconsin,53580
Richland Center,wisconsin,53581
Ridgeway,wisconsin,53582
Sauk City,wisconsin,53583
Sharon,wisconsin,53585
Shullsburg,wisconsin,53586
South Wayne,wisconsin,53587
Spring Green,wisconsin,53588
Stoughton,wisconsin,53589
Sun Prairie,wisconsin,53590
Verona,wisconsin,53593
Waterloo,wisconsin,53594
Waunakee,wisconsin,53597
Windsor,wisconsin,53598
Woodford,wisconsin,53599
Madison,wisconsin,53702
Madison,wisconsin,53703
Madison,wisconsin,53704
Madison,wisconsin,53705
Madison,wisconsin,53706
Madison,wisconsin,53711
Madison,wisconsin,53713
Madison,wisconsin,53714
Madison,wisconsin,53715
Madison,wisconsin,53716
Madison,wisconsin,53717
Madison,wisconsin,53718
Madison,wisconsin,53719
Madison,wisconsin,53726
Madison,wisconsin,53792
Bagley,wisconsin,53801
Beetown,wisconsin,53802
Benton,wisconsin,53803
Bloomington,wisconsin,53804
Boscobel,wisconsin,53805
Cassville,wisconsin,53806
Cuba City,wisconsin,53807
Dickeyville,wisconsin,53808
Fennimore,wisconsin,53809
Glen Haven,wisconsin,53810
Hazel Green,wisconsin,53811
Lancaster,wisconsin,53813
Mount Hope,wisconsin,53816
Patch Grove,wisconsin,53817
Platteville,wisconsin,53818
Potosi,wisconsin,53820
Prairie Du Chien,wisconsin,53821
Stitzer,wisconsin,53825
Wauzeka,wisconsin,53826
Woodman,wisconsin,53827
Portage,wisconsin,53901
Adams,wisconsin,53910
Arlington,wisconsin,53911
Baraboo,wisconsin,53913
Beaver Dam,wisconsin,53916
Brandon,wisconsin,53919
Briggsville,wisconsin,53920
Burnett,wisconsin,53922
Cambria,wisconsin,53923
Cazenovia,wisconsin,53924
Columbus,wisconsin,53925
Dalton,wisconsin,53926
Doylestown,wisconsin,53928
Elroy,wisconsin,53929
Endeavor,wisconsin,53930
Fairwater,wisconsin,53931
Fall River,wisconsin,53932
Fox Lake,wisconsin,53933
Friendship,wisconsin,53934
Friesland,wisconsin,53935
Grand Marsh,wisconsin,53936
Hillpoint,wisconsin,53937
Kingston,wisconsin,53939
La Valle,wisconsin,53941
Loganville,wisconsin,53943
Lyndon Station,wisconsin,53944
Markesan,wisconsin,53946
Marquette,wisconsin,53947
Mauston,wisconsin,53948
Montello,wisconsin,53949
New Lisbon,wisconsin,53950
North Freedom,wisconsin,53951
Oxford,wisconsin,53952
Packwaukee,wisconsin,53953
Pardeeville,wisconsin,53954
Poynette,wisconsin,53955
Randolph,wisconsin,53956
Reedsburg,wisconsin,53959
Rio,wisconsin,53960
Rock Springs,wisconsin,53961
Waupun,wisconsin,53963
Westfield,wisconsin,53964
Wisconsin Dells,wisconsin,53965
Wonewoc,wisconsin,53968
Wyocena,wisconsin,53969
Amery,wisconsin,54001
Baldwin,wisconsin,54002
Beldenville,wisconsin,54003
Clayton,wisconsin,54004
Clear Lake,wisconsin,54005
Cushing,wisconsin,54006
Deer Park,wisconsin,54007
Dresser,wisconsin,54009
Ellsworth,wisconsin,54011
Glenwood City,wisconsin,54013
Hager City,wisconsin,54014
Hammond,wisconsin,54015
Hudson,wisconsin,54016
New Richmond,wisconsin,54017
Osceola,wisconsin,54020
Prescott,wisconsin,54021
River Falls,wisconsin,54022
Roberts,wisconsin,54023
Saint Croix Falls,wisconsin,54024
Somerset,wisconsin,54025
Star Prairie,wisconsin,54026
Wilson,wisconsin,54027
Woodville,wisconsin,54028
Houlton,wisconsin,54082
Abrams,wisconsin,54101
Amberg,wisconsin,54102
Armstrong Creek,wisconsin,54103
Athelstane,wisconsin,54104
Black Creek,wisconsin,54106
Bonduel,wisconsin,54107
Brillion,wisconsin,54110
Cecil,wisconsin,54111
Coleman,wisconsin,54112
Combined Locks,wisconsin,54113
Crivitz,wisconsin,54114
De Pere,wisconsin,54115
Dunbar,wisconsin,54119
Fence,wisconsin,54120
Florence,wisconsin,54121
Forest Junction,wisconsin,54123
Gillett,wisconsin,54124
Goodman,wisconsin,54125
Greenleaf,wisconsin,54126
Green Valley,wisconsin,54127
Gresham,wisconsin,54128
Hilbert,wisconsin,54129
Kaukauna,wisconsin,54130
Keshena,wisconsin,54135
Kimberly,wisconsin,54136
Krakow,wisconsin,54137
Lakewood,wisconsin,54138
Lena,wisconsin,54139
Little Chute,wisconsin,54140
Little Suamico,wisconsin,54141
Marinette,wisconsin,54143
Mountain,wisconsin,54149
Neopit,wisconsin,54150
Niagara,wisconsin,54151
Oconto,wisconsin,54153
Oconto Falls,wisconsin,54154
Oneida,wisconsin,54155
Pembine,wisconsin,54156
Peshtigo,wisconsin,54157
Porterfield,wisconsin,54159
Potter,wisconsin,54160
Pound,wisconsin,54161
Pulaski,wisconsin,54162
Seymour,wisconsin,54165
Shawano,wisconsin,54166
Sherwood,wisconsin,54169
Shiocton,wisconsin,54170
Sobieski,wisconsin,54171
Suamico,wisconsin,54173
Suring,wisconsin,54174
Townsend,wisconsin,54175
Wausaukee,wisconsin,54177
Wrightstown,wisconsin,54180
Algoma,wisconsin,54201
Baileys Harbor,wisconsin,54202
Brussels,wisconsin,54204
Casco,wisconsin,54205
Collins,wisconsin,54207
Denmark,wisconsin,54208
Egg Harbor,wisconsin,54209
Ellison Bay,wisconsin,54210
Ephraim,wisconsin,54211
Fish Creek,wisconsin,54212
Forestville,wisconsin,54213
Francis Creek,wisconsin,54214
Kewaunee,wisconsin,54216
Luxemburg,wisconsin,54217
Manitowoc,wisconsin,54220
Maribel,wisconsin,54227
Mishicot,wisconsin,54228
New Franken,wisconsin,54229
Reedsville,wisconsin,54230
Saint Nazianz,wisconsin,54232
Sister Bay,wisconsin,54234
Sturgeon Bay,wisconsin,54235
Two Rivers,wisconsin,54241
Valders,wisconsin,54245
Washington Island,wisconsin,54246
Whitelaw,wisconsin,54247
Green Bay,wisconsin,54301
Green Bay,wisconsin,54302
Green Bay,wisconsin,54303
Green Bay,wisconsin,54304
Green Bay,wisconsin,54307
Green Bay,wisconsin,54311
Green Bay,wisconsin,54313
Wausau,wisconsin,54401
Wausau,wisconsin,54403
Abbotsford,wisconsin,54405
Amherst,wisconsin,54406
Amherst Junction,wisconsin,54407
Aniwa,wisconsin,54408
Antigo,wisconsin,54409
Arpin,wisconsin,54410
Athens,wisconsin,54411
Auburndale,wisconsin,54412
Babcock,wisconsin,54413
Birnamwood,wisconsin,54414
Bowler,wisconsin,54416
Brokaw,wisconsin,54417
Bryant,wisconsin,54418
Chili,wisconsin,54420
Colby,wisconsin,54421
Curtiss,wisconsin,54422
Custer,wisconsin,54423
Deerbrook,wisconsin,54424
Dorchester,wisconsin,54425
Edgar,wisconsin,54426
Eland,wisconsin,54427
Elcho,wisconsin,54428
Elton,wisconsin,54430
Gilman,wisconsin,54433
Gleason,wisconsin,54435
Granton,wisconsin,54436
Greenwood,wisconsin,54437
Hatley,wisconsin,54440
Hewitt,wisconsin,54441
Irma,wisconsin,54442
Junction City,wisconsin,54443
Loyal,wisconsin,54446
Lublin,wisconsin,54447
Marathon,wisconsin,54448
Marshfield,wisconsin,54449
Mattoon,wisconsin,54450
Medford,wisconsin,54451
Merrill,wisconsin,54452
Milladore,wisconsin,54454
Mosinee,wisconsin,54455
Neillsville,wisconsin,54456
Nekoosa,wisconsin,54457
Nelsonville,wisconsin,54458
Ogema,wisconsin,54459
Owen,wisconsin,54460
Pearson,wisconsin,54462
Pelican Lake,wisconsin,54463
Pickerel,wisconsin,54465
Pittsville,wisconsin,54466
Plover,wisconsin,54467
Port Edwards,wisconsin,54469
Rib Lake,wisconsin,54470
Ringle,wisconsin,54471
Rosholt,wisconsin,54473
Rothschild,wisconsin,54474
Rudolph,wisconsin,54475
Schofield,wisconsin,54476
Spencer,wisconsin,54479
Stetsonville,wisconsin,54480
Stevens Point,wisconsin,54481
Stevens Point,wisconsin,54482
Stratford,wisconsin,54484
Summit Lake,wisconsin,54485
Tigerton,wisconsin,54486
Tomahawk,wisconsin,54487
Unity,wisconsin,54488
Vesper,wisconsin,54489
Westboro,wisconsin,54490
White Lake,wisconsin,54491
Willard,wisconsin,54493
Wisconsin Rapids,wisconsin,54494
Wisconsin Rapids,wisconsin,54495
Withee,wisconsin,54498
Wittenberg,wisconsin,54499
Rhinelander,wisconsin,54501
Argonne,wisconsin,54511
Boulder Junction,wisconsin,54512
Brantwood,wisconsin,54513
Butternut,wisconsin,54514
Catawba,wisconsin,54515
Clam Lake,wisconsin,54517
Conover,wisconsin,54519
Crandon,wisconsin,54520
Eagle River,wisconsin,54521
Fifield,wisconsin,54524
Gile,wisconsin,54525
Glen Flora,wisconsin,54526
Glidden,wisconsin,54527
Harshaw,wisconsin,54529
Hawkins,wisconsin,54530
Hazelhurst,wisconsin,54531
Hurley,wisconsin,54534
Iron Belt,wisconsin,54536
Kennan,wisconsin,54537
Lac Du Flambeau,wisconsin,54538
Lake Tomahawk,wisconsin,54539
Land O Lakes,wisconsin,54540
Laona,wisconsin,54541
Long Lake,wisconsin,54542
Manitowish Waters,wisconsin,54545
Mellen,wisconsin,54546
Mercer,wisconsin,54547
Minocqua,wisconsin,54548
Montreal,wisconsin,54550
Park Falls,wisconsin,54552
Phelps,wisconsin,54554
Phillips,wisconsin,54555
Prentice,wisconsin,54556
Presque Isle,wisconsin,54557
Saint Germain,wisconsin,54558
Saxon,wisconsin,54559
Sayner,wisconsin,54560
Star Lake,wisconsin,54561
Three Lakes,wisconsin,54562
Tony,wisconsin,54563
Tripoli,wisconsin,54564
Upson,wisconsin,54565
Wabeno,wisconsin,54566
Woodruff,wisconsin,54568
La Crosse,wisconsin,54601
La Crosse,wisconsin,54603
Alma,wisconsin,54610
Alma Center,wisconsin,54611
Arcadia,wisconsin,54612
Arkdale,wisconsin,54613
Bangor,wisconsin,54614
Black River Falls,wisconsin,54615
Blair,wisconsin,54616
Camp Douglas,wisconsin,54618
Cashton,wisconsin,54619
Chaseburg,wisconsin,54621
Cochrane,wisconsin,54622
Coon Valley,wisconsin,54623
De Soto,wisconsin,54624
Dodge,wisconsin,54625
Eastman,wisconsin,54626
Ettrick,wisconsin,54627
Ferryville,wisconsin,54628
Fountain City,wisconsin,54629
Galesville,wisconsin,54630
Gays Mills,wisconsin,54631
Genoa,wisconsin,54632
Hillsboro,wisconsin,54634
Hixton,wisconsin,54635
Holmen,wisconsin,54636
Hustler,wisconsin,54637
Kendall,wisconsin,54638
La Farge,wisconsin,54639
Mather,wisconsin,54641
Melrose,wisconsin,54642
Millston,wisconsin,54643
Mindoro,wisconsin,54644
Mount Sterling,wisconsin,54645
Necedah,wisconsin,54646
Norwalk,wisconsin,54648
Onalaska,wisconsin,54650
Ontario,wisconsin,54651
Readstown,wisconsin,54652
Rockland,wisconsin,54653
Seneca,wisconsin,54654
Soldiers Grove,wisconsin,54655
Sparta,wisconsin,54656
Steuben,wisconsin,54657
Stoddard,wisconsin,54658
Taylor,wisconsin,54659
Tomah,wisconsin,54660
Trempealeau,wisconsin,54661
Viola,wisconsin,54664
Viroqua,wisconsin,54665
Warrens,wisconsin,54666
Westby,wisconsin,54667
West Salem,wisconsin,54669
Wilton,wisconsin,54670
Eau Claire,wisconsin,54701
Eau Claire,wisconsin,54703
Altoona,wisconsin,54720
Arkansaw,wisconsin,54721
Augusta,wisconsin,54722
Bay City,wisconsin,54723
Bloomer,wisconsin,54724
Boyceville,wisconsin,54725
Boyd,wisconsin,54726
Cadott,wisconsin,54727
Chetek,wisconsin,54728
Chippewa Falls,wisconsin,54729
Colfax,wisconsin,54730
Conrath,wisconsin,54731
Cornell,wisconsin,54732
Dallas,wisconsin,54733
Downing,wisconsin,54734
Durand,wisconsin,54736
Eau Galle,wisconsin,54737
Eleva,wisconsin,54738
Elk Mound,wisconsin,54739
Elmwood,wisconsin,54740
Fairchild,wisconsin,54741
Fall Creek,wisconsin,54742
Holcombe,wisconsin,54745
Humbird,wisconsin,54746
Independence,wisconsin,54747
Jim Falls,wisconsin,54748
Knapp,wisconsin,54749
Maiden Rock,wisconsin,54750
Menomonie,wisconsin,54751
Merrillan,wisconsin,54754
Mondovi,wisconsin,54755
Nelson,wisconsin,54756
New Auburn,wisconsin,54757
Osseo,wisconsin,54758
Pepin,wisconsin,54759
Pigeon Falls,wisconsin,54760
Plum City,wisconsin,54761
Prairie Farm,wisconsin,54762
Ridgeland,wisconsin,54763
Sand Creek,wisconsin,54765
Sheldon,wisconsin,54766
Spring Valley,wisconsin,54767
Stanley,wisconsin,54768
Stockholm,wisconsin,54769
Strum,wisconsin,54770
Thorp,wisconsin,54771
Wheeler,wisconsin,54772
Whitehall,wisconsin,54773
Spooner,wisconsin,54801
Almena,wisconsin,54805
Ashland,wisconsin,54806
Balsam Lake,wisconsin,54810
Barron,wisconsin,54812
Barronett,wisconsin,54813
Bayfield,wisconsin,54814
Birchwood,wisconsin,54817
Bruce,wisconsin,54819
Brule,wisconsin,54820
Cable,wisconsin,54821
Cameron,wisconsin,54822
Centuria,wisconsin,54824
Comstock,wisconsin,54826
Cornucopia,wisconsin,54827
Couderay,wisconsin,54828
Cumberland,wisconsin,54829
Danbury,wisconsin,54830
Drummond,wisconsin,54832
Exeland,wisconsin,54835
Foxboro,wisconsin,54836
Frederic,wisconsin,54837
Gordon,wisconsin,54838
Grand View,wisconsin,54839
Grantsburg,wisconsin,54840
Haugen,wisconsin,54841
Hawthorne,wisconsin,54842
Hayward,wisconsin,54843
Herbster,wisconsin,54844
Hertel,wisconsin,54845
High Bridge,wisconsin,54846
Iron River,wisconsin,54847
Ladysmith,wisconsin,54848
Lake Nebagamon,wisconsin,54849
La Pointe,wisconsin,54850
Luck,wisconsin,54853
Maple,wisconsin,54854
Marengo,wisconsin,54855
Mason,wisconsin,54856
Mikana,wisconsin,54857
Milltown,wisconsin,54858
Minong,wisconsin,54859
Odanah,wisconsin,54861
Ojibwa,wisconsin,54862
Poplar,wisconsin,54864
Port Wing,wisconsin,54865
Radisson,wisconsin,54867
Rice Lake,wisconsin,54868
Sarona,wisconsin,54870
Shell Lake,wisconsin,54871
Siren,wisconsin,54872
Solon Springs,wisconsin,54873
South Range,wisconsin,54874
Springbrook,wisconsin,54875
Stone Lake,wisconsin,54876
Superior,wisconsin,54880
Trego,wisconsin,54888
Turtle Lake,wisconsin,54889
Washburn,wisconsin,54891
Webster,wisconsin,54893
Weyerhaeuser,wisconsin,54895
Winter,wisconsin,54896
Oshkosh,wisconsin,54901
Oshkosh,wisconsin,54902
Oshkosh,wisconsin,54904
Almond,wisconsin,54909
Appleton,wisconsin,54911
Appleton,wisconsin,54913
Appleton,wisconsin,54914
Appleton,wisconsin,54915
Bancroft,wisconsin,54921
Bear Creek,wisconsin,54922
Berlin,wisconsin,54923
Butte Des Morts,wisconsin,54927
Caroline,wisconsin,54928
Clintonville,wisconsin,54929
Coloma,wisconsin,54930
Dale,wisconsin,54931
Eldorado,wisconsin,54932
Embarrass,wisconsin,54933
Fond Du Lac,wisconsin,54935
Fond Du Lac,wisconsin,54937
Fremont,wisconsin,54940
Green Lake,wisconsin,54941
Greenville,wisconsin,54942
Hancock,wisconsin,54943
Hortonville,wisconsin,54944
Iola,wisconsin,54945
King,wisconsin,54946
Larsen,wisconsin,54947
Leopolis,wisconsin,54948
Manawa,wisconsin,54949
Marion,wisconsin,54950
Menasha,wisconsin,54952
Neenah,wisconsin,54956
Neshkoro,wisconsin,54960
New London,wisconsin,54961
Ogdensburg,wisconsin,54962
Omro,wisconsin,54963
Pickett,wisconsin,54964
Pine River,wisconsin,54965
Plainfield,wisconsin,54966
Poy Sippi,wisconsin,54967
Princeton,wisconsin,54968
Redgranite,wisconsin,54970
Ripon,wisconsin,54971
Rosendale,wisconsin,54974
Scandinavia,wisconsin,54977
Van Dyne,wisconsin,54979
Waukau,wisconsin,54980
Waupaca,wisconsin,54981
Wautoma,wisconsin,54982
Weyauwega,wisconsin,54983
Wild Rose,wisconsin,54984
Winnebago,wisconsin,54985
Winneconne,wisconsin,54986
Afton,minnesota,55001
Bayport,minnesota,55003
Bethel,minnesota,55005
Braham,minnesota,55006
Brook Park,minnesota,55007
Cambridge,minnesota,55008
Cannon Falls,minnesota,55009
Cedar,minnesota,55011
Center City,minnesota,55012
Chisago City,minnesota,55013
Circle Pines,minnesota,55014
Cottage Grove,minnesota,55016
Dalbo,minnesota,55017
Dennison,minnesota,55018
Dundas,minnesota,55019
Elko New Market,minnesota,55020
Faribault,minnesota,55021
Farmington,minnesota,55024
Forest Lake,minnesota,55025
Frontenac,minnesota,55026
Goodhue,minnesota,55027
Grandy,minnesota,55029
Grasston,minnesota,55030
Hampton,minnesota,55031
Harris,minnesota,55032
Hastings,minnesota,55033
Henriette,minnesota,55036
Hinckley,minnesota,55037
Hugo,minnesota,55038
Isanti,minnesota,55040
Lake City,minnesota,55041
Lake Elmo,minnesota,55042
Lakeland,minnesota,55043
Lakeville,minnesota,55044
Lindstrom,minnesota,55045
Lonsdale,minnesota,55046
Marine On Saint Croix,minnesota,55047
Medford,minnesota,55049
Mora,minnesota,55051
Morristown,minnesota,55052
Nerstrand,minnesota,55053
Elko New Market,minnesota,55054
Newport,minnesota,55055
North Branch,minnesota,55056
Northfield,minnesota,55057
Owatonna,minnesota,55060
Pine City,minnesota,55063
Randolph,minnesota,55065
Red Wing,minnesota,55066
Rosemount,minnesota,55068
Rush City,minnesota,55069
Saint Francis,minnesota,55070
Saint Paul Park,minnesota,55071
Sandstone,minnesota,55072
Scandia,minnesota,55073
Shafer,minnesota,55074
South Saint Paul,minnesota,55075
Inver Grove Heights,minnesota,55076
Inver Grove Heights,minnesota,55077
Stacy,minnesota,55079
Stanchfield,minnesota,55080
Stillwater,minnesota,55082
Taylors Falls,minnesota,55084
Vermillion,minnesota,55085
Warsaw,minnesota,55087
Webster,minnesota,55088
Welch,minnesota,55089
Willernie,minnesota,55090
Wyoming,minnesota,55092
Saint Paul,minnesota,55101
Saint Paul,minnesota,55102
Saint Paul,minnesota,55103
Saint Paul,minnesota,55104
Saint Paul,minnesota,55105
Saint Paul,minnesota,55106
Saint Paul,minnesota,55107
Saint Paul,minnesota,55108
Saint Paul,minnesota,55109
Saint Paul,minnesota,55110
Saint Paul,minnesota,55111
Saint Paul,minnesota,55112
Saint Paul,minnesota,55113
Saint Paul,minnesota,55114
Saint Paul,minnesota,55115
Saint Paul,minnesota,55116
Saint Paul,minnesota,55117
Saint Paul,minnesota,55118
Saint Paul,minnesota,55119
Saint Paul,minnesota,55120
Saint Paul,minnesota,55121
Saint Paul,minnesota,55122
Saint Paul,minnesota,55123
Saint Paul,minnesota,55124
Saint Paul,minnesota,55125
Saint Paul,minnesota,55126
Saint Paul,minnesota,55127
Saint Paul,minnesota,55128
Saint Paul,minnesota,55129
Saint Paul,minnesota,55130
Mendota,minnesota,55150
Saint Paul,minnesota,55155
Albertville,minnesota,55301
Annandale,minnesota,55302
Anoka,minnesota,55303
Andover,minnesota,55304
Hopkins,minnesota,55305
Burnsville,minnesota,55306
Arlington,minnesota,55307
Becker,minnesota,55308
Big Lake,minnesota,55309
Bird Island,minnesota,55310
Maple Grove,minnesota,55311
Brownton,minnesota,55312
Buffalo,minnesota,55313
Buffalo Lake,minnesota,55314
Carver,minnesota,55315
Champlin,minnesota,55316
Chanhassen,minnesota,55317
Chaska,minnesota,55318
Clear Lake,minnesota,55319
Clearwater,minnesota,55320
Cokato,minnesota,55321
Cologne,minnesota,55322
Darwin,minnesota,55324
Dassel,minnesota,55325
Dayton,minnesota,55327
Delano,minnesota,55328
Eden Valley,minnesota,55329
Elk River,minnesota,55330
Excelsior,minnesota,55331
Fairfax,minnesota,55332
Franklin,minnesota,55333
Gaylord,minnesota,55334
Gibbon,minnesota,55335
Glencoe,minnesota,55336
Burnsville,minnesota,55337
Green Isle,minnesota,55338
Hamburg,minnesota,55339
Hamel,minnesota,55340
Hanover,minnesota,55341
Hector,minnesota,55342
Hopkins,minnesota,55343
Eden Prairie,minnesota,55344
Minnetonka,minnesota,55345
Eden Prairie,minnesota,55346
Eden Prairie,minnesota,55347
Howard Lake,minnesota,55349
Hutchinson,minnesota,55350
Jordan,minnesota,55352
Kimball,minnesota,55353
Lester Prairie,minnesota,55354
Litchfield,minnesota,55355
Long Lake,minnesota,55356
Loretto,minnesota,55357
Maple Lake,minnesota,55358
Maple Plain,minnesota,55359
Mayer,minnesota,55360
Monticello,minnesota,55362
Montrose,minnesota,55363
Mound,minnesota,55364
New Auburn,minnesota,55366
New Germany,minnesota,55367
Norwood Young America,minnesota,55368
Osseo,minnesota,55369
Plato,minnesota,55370
Princeton,minnesota,55371
Prior Lake,minnesota,55372
Rockford,minnesota,55373
Rogers,minnesota,55374
Saint Bonifacius,minnesota,55375
Saint Michael,minnesota,55376
Savage,minnesota,55378
Shakopee,minnesota,55379
Silver Lake,minnesota,55381
South Haven,minnesota,55382
Spring Park,minnesota,55384
Stewart,minnesota,55385
Victoria,minnesota,55386
Waconia,minnesota,55387
Watertown,minnesota,55388
Watkins,minnesota,55389
Waverly,minnesota,55390
Wayzata,minnesota,55391
Winsted,minnesota,55395
Winthrop,minnesota,55396
Young America,minnesota,55397
Zimmerman,minnesota,55398
Minneapolis,minnesota,55401
Minneapolis,minnesota,55402
Minneapolis,minnesota,55403
Minneapolis,minnesota,55404
Minneapolis,minnesota,55405
Minneapolis,minnesota,55406
Minneapolis,minnesota,55407
Minneapolis,minnesota,55408
Minneapolis,minnesota,55409
Minneapolis,minnesota,55410
Minneapolis,minnesota,55411
Minneapolis,minnesota,55412
Minneapolis,minnesota,55413
Minneapolis,minnesota,55414
Minneapolis,minnesota,55415
Minneapolis,minnesota,55416
Minneapolis,minnesota,55417
Minneapolis,minnesota,55418
Minneapolis,minnesota,55419
Minneapolis,minnesota,55420
Minneapolis,minnesota,55421
Minneapolis,minnesota,55422
Minneapolis,minnesota,55423
Minneapolis,minnesota,55424
Minneapolis,minnesota,55425
Minneapolis,minnesota,55426
Minneapolis,minnesota,55427
Minneapolis,minnesota,55428
Minneapolis,minnesota,55429
Minneapolis,minnesota,55430
Minneapolis,minnesota,55431
Minneapolis,minnesota,55432
Minneapolis,minnesota,55433
Minneapolis,minnesota,55434
Minneapolis,minnesota,55435
Minneapolis,minnesota,55436
Minneapolis,minnesota,55437
Minneapolis,minnesota,55438
Minneapolis,minnesota,55439
Minneapolis,minnesota,55441
Minneapolis,minnesota,55442
Minneapolis,minnesota,55443
Minneapolis,minnesota,55444
Minneapolis,minnesota,55445
Minneapolis,minnesota,55446
Minneapolis,minnesota,55447
Minneapolis,minnesota,55448
Minneapolis,minnesota,55449
Minneapolis,minnesota,55450
Minneapolis,minnesota,55454
Minneapolis,minnesota,55455
Beaver Bay,minnesota,55601
Brimson,minnesota,55602
Finland,minnesota,55603
Grand Marais,minnesota,55604
Grand Portage,minnesota,55605
Hovland,minnesota,55606
Isabella,minnesota,55607
Knife River,minnesota,55609
Lutsen,minnesota,55612
Schroeder,minnesota,55613
Silver Bay,minnesota,55614
Tofte,minnesota,55615
Two Harbors,minnesota,55616
Alborn,minnesota,55702
Angora,minnesota,55703
Askov,minnesota,55704
Aurora,minnesota,55705
Babbitt,minnesota,55706
Barnum,minnesota,55707
Biwabik,minnesota,55708
Bovey,minnesota,55709
Britt,minnesota,55710
Brookston,minnesota,55711
Bruno,minnesota,55712
Buhl,minnesota,55713
Calumet,minnesota,55716
Canyon,minnesota,55717
Carlton,minnesota,55718
Chisholm,minnesota,55719
Cloquet,minnesota,55720
Cohasset,minnesota,55721
Coleraine,minnesota,55722
Cook,minnesota,55723
Cotton,minnesota,55724
Crane Lake,minnesota,55725
Cromwell,minnesota,55726
Ely,minnesota,55731
Embarrass,minnesota,55732
Esko,minnesota,55733
Eveleth,minnesota,55734
Finlayson,minnesota,55735
Floodwood,minnesota,55736
Forbes,minnesota,55738
Gilbert,minnesota,55741
Goodland,minnesota,55742
Grand Rapids,minnesota,55744
Hibbing,minnesota,55746
Hill City,minnesota,55748
Holyoke,minnesota,55749
Hoyt Lakes,minnesota,55750
Iron,minnesota,55751
Jacobson,minnesota,55752
Keewatin,minnesota,55753
Kerrick,minnesota,55756
Kettle River,minnesota,55757
Kinney,minnesota,55758
Mcgregor,minnesota,55760
Makinen,minnesota,55763
Marble,minnesota,55764
Meadowlands,minnesota,55765
Melrude,minnesota,55766
Moose Lake,minnesota,55767
Mountain Iron,minnesota,55768
Nashwauk,minnesota,55769
Orr,minnesota,55771
Nett Lake,minnesota,55772
Pengilly,minnesota,55775
Saginaw,minnesota,55779
Sawyer,minnesota,55780
Side Lake,minnesota,55781
Soudan,minnesota,55782
Sturgeon Lake,minnesota,55783
Swan River,minnesota,55784
Swatara,minnesota,55785
Taconite,minnesota,55786
Tamarack,minnesota,55787
Tower,minnesota,55790
Virginia,minnesota,55792
Warba,minnesota,55793
Willow River,minnesota,55795
Wrenshall,minnesota,55797
Wright,minnesota,55798
Duluth,minnesota,55802
Duluth,minnesota,55803
Duluth,minnesota,55804
Duluth,minnesota,55805
Duluth,minnesota,55806
Duluth,minnesota,55807
Duluth,minnesota,55808
Duluth,minnesota,55810
Duluth,minnesota,55811
Duluth,minnesota,55812
Duluth,minnesota,55814
Rochester,minnesota,55901
Rochester,minnesota,55902
Rochester,minnesota,55904
Rochester,minnesota,55905
Rochester,minnesota,55906
Adams,minnesota,55909
Altura,minnesota,55910
Austin,minnesota,55912
Blooming Prairie,minnesota,55917
Brownsdale,minnesota,55918
Brownsville,minnesota,55919
Byron,minnesota,55920
Caledonia,minnesota,55921
Canton,minnesota,55922
Chatfield,minnesota,55923
Claremont,minnesota,55924
Dakota,minnesota,55925
Dexter,minnesota,55926
Dodge Center,minnesota,55927
Dover,minnesota,55929
Eitzen,minnesota,55931
Elgin,minnesota,55932
Elkton,minnesota,55933
Eyota,minnesota,55934
Fountain,minnesota,55935
Grand Meadow,minnesota,55936
Harmony,minnesota,55939
Hayfield,minnesota,55940
Hokah,minnesota,55941
Houston,minnesota,55943
Kasson,minnesota,55944
Kellogg,minnesota,55945
Kenyon,minnesota,55946
La Crescent,minnesota,55947
Lanesboro,minnesota,55949
Lansing,minnesota,55950
Le Roy,minnesota,55951
Lewiston,minnesota,55952
Lyle,minnesota,55953
Mabel,minnesota,55954
Mantorville,minnesota,55955
Mazeppa,minnesota,55956
Millville,minnesota,55957
Minnesota City,minnesota,55959
Oronoco,minnesota,55960
Ostrander,minnesota,55961
Peterson,minnesota,55962
Pine Island,minnesota,55963
Plainview,minnesota,55964
Preston,minnesota,55965
Racine,minnesota,55967
Reads Landing,minnesota,55968
Rollingstone,minnesota,55969
Rose Creek,minnesota,55970
Rushford,minnesota,55971
Saint Charles,minnesota,55972
Sargeant,minnesota,55973
Spring Grove,minnesota,55974
Spring Valley,minnesota,55975
Stewartville,minnesota,55976
Taopi,minnesota,55977
Utica,minnesota,55979
Wabasha,minnesota,55981
Waltham,minnesota,55982
Wanamingo,minnesota,55983
West Concord,minnesota,55985
Winona,minnesota,55987
Wykoff,minnesota,55990
Zumbro Falls,minnesota,55991
Zumbrota,minnesota,55992
Mankato,minnesota,56001
Mankato,minnesota,56003
Albert Lea,minnesota,56007
Alden,minnesota,56009
Amboy,minnesota,56010
Belle Plaine,minnesota,56011
Blue Earth,minnesota,56013
Bricelyn,minnesota,56014
Clarks Grove,minnesota,56016
Cleveland,minnesota,56017
Comfrey,minnesota,56019
Conger,minnesota,56020
Courtland,minnesota,56021
Darfur,minnesota,56022
Delavan,minnesota,56023
Eagle Lake,minnesota,56024
Easton,minnesota,56025
Ellendale,minnesota,56026
Elmore,minnesota,56027
Elysian,minnesota,56028
Emmons,minnesota,56029
Fairmont,minnesota,56031
Freeborn,minnesota,56032
Frost,minnesota,56033
Garden City,minnesota,56034
Geneva,minnesota,56035
Glenville,minnesota,56036
Good Thunder,minnesota,56037
Granada,minnesota,56039
Hanska,minnesota,56041
Hartland,minnesota,56042
Hayward,minnesota,56043
Henderson,minnesota,56044
Hollandale,minnesota,56045
Hope,minnesota,56046
Huntley,minnesota,56047
Janesville,minnesota,56048
Kasota,minnesota,56050
Kiester,minnesota,56051
Kilkenny,minnesota,56052
Lafayette,minnesota,56054
Lake Crystal,minnesota,56055
La Salle,minnesota,56056
Le Center,minnesota,56057
Le Sueur,minnesota,56058
Lewisville,minnesota,56060
Madelia,minnesota,56062
Madison Lake,minnesota,56063
Mapleton,minnesota,56065
Minnesota Lake,minnesota,56068
Montgomery,minnesota,56069
New Prague,minnesota,56071
New Richland,minnesota,56072
New Ulm,minnesota,56073
Nicollet,minnesota,56074
Northrop,minnesota,56075
Pemberton,minnesota,56078
Saint Clair,minnesota,56080
Saint James,minnesota,56081
Saint Peter,minnesota,56082
Sanborn,minnesota,56083
Sleepy Eye,minnesota,56085
Springfield,minnesota,56087
Truman,minnesota,56088
Twin Lakes,minnesota,56089
Vernon Center,minnesota,56090
Waldorf,minnesota,56091
Waseca,minnesota,56093
Waterville,minnesota,56096
Wells,minnesota,56097
Winnebago,minnesota,56098
Windom,minnesota,56101
Adrian,minnesota,56110
Alpha,minnesota,56111
Arco,minnesota,56113
Avoca,minnesota,56114
Balaton,minnesota,56115
Beaver Creek,minnesota,56116
Bigelow,minnesota,56117
Bingham Lake,minnesota,56118
Brewster,minnesota,56119
Butterfield,minnesota,56120
Ceylon,minnesota,56121
Chandler,minnesota,56122
Currie,minnesota,56123
Dovray,minnesota,56125
Dunnell,minnesota,56127
Edgerton,minnesota,56128
Ellsworth,minnesota,56129
Fulda,minnesota,56131
Garvin,minnesota,56132
Hardwick,minnesota,56134
Hendricks,minnesota,56136
Heron Lake,minnesota,56137
Hills,minnesota,56138
Holland,minnesota,56139
Ihlen,minnesota,56140
Iona,minnesota,56141
Ivanhoe,minnesota,56142
Jackson,minnesota,56143
Jasper,minnesota,56144
Jeffers,minnesota,56145
Kanaranzi,minnesota,56146
Kenneth,minnesota,56147
Lake Benton,minnesota,56149
Lakefield,minnesota,56150
Lake Wilson,minnesota,56151
Lamberton,minnesota,56152
Leota,minnesota,56153
Lismore,minnesota,56155
Luverne,minnesota,56156
Lynd,minnesota,56157
Magnolia,minnesota,56158
Mountain Lake,minnesota,56159
Odin,minnesota,56160
Okabena,minnesota,56161
Ormsby,minnesota,56162
Pipestone,minnesota,56164
Reading,minnesota,56165
Revere,minnesota,56166
Round Lake,minnesota,56167
Rushmore,minnesota,56168
Russell,minnesota,56169
Ruthton,minnesota,56170
Sherburn,minnesota,56171
Slayton,minnesota,56172
Steen,minnesota,56173
Storden,minnesota,56174
Tracy,minnesota,56175
Trimont,minnesota,56176
Tyler,minnesota,56178
Walnut Grove,minnesota,56180
Welcome,minnesota,56181
Westbrook,minnesota,56183
Wilmont,minnesota,56185
Woodstock,minnesota,56186
Worthington,minnesota,56187
Willmar,minnesota,56201
Alberta,minnesota,56207
Appleton,minnesota,56208
Atwater,minnesota,56209
Barry,minnesota,56210
Beardsley,minnesota,56211
Bellingham,minnesota,56212
Belview,minnesota,56214
Benson,minnesota,56215
Blomkest,minnesota,56216
Boyd,minnesota,56218
Browns Valley,minnesota,56219
Canby,minnesota,56220
Chokio,minnesota,56221
Clara City,minnesota,56222
Clarkfield,minnesota,56223
Clements,minnesota,56224
Clinton,minnesota,56225
Clontarf,minnesota,56226
Correll,minnesota,56227
Cosmos,minnesota,56228
Cottonwood,minnesota,56229
Danube,minnesota,56230
Danvers,minnesota,56231
Dawson,minnesota,56232
Donnelly,minnesota,56235
Dumont,minnesota,56236
Echo,minnesota,56237
Ghent,minnesota,56239
Graceville,minnesota,56240
Granite Falls,minnesota,56241
Grove City,minnesota,56243
Hancock,minnesota,56244
Hanley Falls,minnesota,56245
Herman,minnesota,56248
Holloway,minnesota,56249
Kandiyohi,minnesota,56251
Kerkhoven,minnesota,56252
Lake Lillian,minnesota,56253
Lucan,minnesota,56255
Madison,minnesota,56256
Marietta,minnesota,56257
Marshall,minnesota,56258
Maynard,minnesota,56260
Milan,minnesota,56262
Milroy,minnesota,56263
Minneota,minnesota,56264
Montevideo,minnesota,56265
Morgan,minnesota,56266
Morris,minnesota,56267
Morton,minnesota,56270
Murdock,minnesota,56271
New London,minnesota,56273
Norcross,minnesota,56274
Odessa,minnesota,56276
Olivia,minnesota,56277
Ortonville,minnesota,56278
Pennock,minnesota,56279
Porter,minnesota,56280
Prinsburg,minnesota,56281
Raymond,minnesota,56282
Redwood Falls,minnesota,56283
Renville,minnesota,56284
Sacred Heart,minnesota,56285
Seaforth,minnesota,56287
Spicer,minnesota,56288
Sunburg,minnesota,56289
Taunton,minnesota,56291
Vesta,minnesota,56292
Wabasso,minnesota,56293
Wanda,minnesota,56294
Watson,minnesota,56295
Wheaton,minnesota,56296
Wood Lake,minnesota,56297
Saint Cloud,minnesota,56301
Saint Cloud,minnesota,56303
Saint Cloud,minnesota,56304
Albany,minnesota,56307
Alexandria,minnesota,56308
Ashby,minnesota,56309
Avon,minnesota,56310
Barrett,minnesota,56311
Belgrade,minnesota,56312
Bock,minnesota,56313
Bowlus,minnesota,56314
Brandon,minnesota,56315
Brooten,minnesota,56316
Burtrum,minnesota,56318
Carlos,minnesota,56319
Cold Spring,minnesota,56320
Collegeville,minnesota,56321
Cyrus,minnesota,56323
Dalton,minnesota,56324
Elrosa,minnesota,56325
Evansville,minnesota,56326
Farwell,minnesota,56327
Flensburg,minnesota,56328
Foley,minnesota,56329
Foreston,minnesota,56330
Freeport,minnesota,56331
Garfield,minnesota,56332
Glenwood,minnesota,56334
Greenwald,minnesota,56335
Grey Eagle,minnesota,56336
Hillman,minnesota,56338
Hoffman,minnesota,56339
Holdingford,minnesota,56340
Isle,minnesota,56342
Kensington,minnesota,56343
Little Falls,minnesota,56345
Long Prairie,minnesota,56347
Lowry,minnesota,56349
Mc Grath,minnesota,56350
Melrose,minnesota,56352
Milaca,minnesota,56353
Miltona,minnesota,56354
Nelson,minnesota,56355
New Munich,minnesota,56356
Oak Park,minnesota,56357
Ogilvie,minnesota,56358
Onamia,minnesota,56359
Osakis,minnesota,56360
Parkers Prairie,minnesota,56361
Paynesville,minnesota,56362
Pease,minnesota,56363
Pierz,minnesota,56364
Rice,minnesota,56367
Richmond,minnesota,56368
Rockville,minnesota,56369
Roscoe,minnesota,56371
Royalton,minnesota,56373
Saint Joseph,minnesota,56374
Saint Stephen,minnesota,56375
Saint Martin,minnesota,56376
Sartell,minnesota,56377
Sauk Centre,minnesota,56378
Sauk Rapids,minnesota,56379
Starbuck,minnesota,56381
Swanville,minnesota,56382
Upsala,minnesota,56384
Villard,minnesota,56385
Wahkon,minnesota,56386
Waite Park,minnesota,56387
West Union,minnesota,56389
Brainerd,minnesota,56401
Baxter,minnesota,56425
Aitkin,minnesota,56431
Akeley,minnesota,56433
Aldrich,minnesota,56434
Backus,minnesota,56435
Benedict,minnesota,56436
Bertha,minnesota,56437
Browerville,minnesota,56438
Clarissa,minnesota,56440
Crosby,minnesota,56441
Crosslake,minnesota,56442
Cushing,minnesota,56443
Deerwood,minnesota,56444
Eagle Bend,minnesota,56446
Emily,minnesota,56447
Fifty Lakes,minnesota,56448
Fort Ripley,minnesota,56449
Garrison,minnesota,56450
Hackensack,minnesota,56452
Hewitt,minnesota,56453
Ironton,minnesota,56455
Jenkins,minnesota,56456
Lake George,minnesota,56458
Laporte,minnesota,56461
Menahga,minnesota,56464
Merrifield,minnesota,56465
Motley,minnesota,56466
Nevis,minnesota,56467
Nisswa,minnesota,56468
Palisade,minnesota,56469
Park Rapids,minnesota,56470
Pequot Lakes,minnesota,56472
Pillager,minnesota,56473
Pine River,minnesota,56474
Randall,minnesota,56475
Sebeka,minnesota,56477
Staples,minnesota,56479
Verndale,minnesota,56481
Wadena,minnesota,56482
Walker,minnesota,56484
Detroit Lakes,minnesota,56501
Ada,minnesota,56510
Audubon,minnesota,56511
Barnesville,minnesota,56514
Battle Lake,minnesota,56515
Bejou,minnesota,56516
Beltrami,minnesota,56517
Bluffton,minnesota,56518
Borup,minnesota,56519
Breckenridge,minnesota,56520
Callaway,minnesota,56521
Campbell,minnesota,56522
Climax,minnesota,56523
Clitherall,minnesota,56524
Comstock,minnesota,56525
Deer Creek,minnesota,56527
Dent,minnesota,56528
Dilworth,minnesota,56529
Elbow Lake,minnesota,56531
Elizabeth,minnesota,56533
Erhard,minnesota,56534
Erskine,minnesota,56535
Felton,minnesota,56536
Fergus Falls,minnesota,56537
Fertile,minnesota,56540
Flom,minnesota,56541
Fosston,minnesota,56542
Foxhome,minnesota,56543
Frazee,minnesota,56544
Gary,minnesota,56545
Georgetown,minnesota,56546
Glyndon,minnesota,56547
Halstad,minnesota,56548
Hawley,minnesota,56549
Hendrum,minnesota,56550
Henning,minnesota,56551
Hitterdal,minnesota,56552
Kent,minnesota,56553
Lake Park,minnesota,56554
Mcintosh,minnesota,56556
Mahnomen,minnesota,56557
Moorhead,minnesota,56560
Nashua,minnesota,56565
Naytahwaush,minnesota,56566
New York Mills,minnesota,56567
Nielsville,minnesota,56568
Ogema,minnesota,56569
Osage,minnesota,56570
Ottertail,minnesota,56571
Pelican Rapids,minnesota,56572
Perham,minnesota,56573
Perley,minnesota,56574
Ponsford,minnesota,56575
Richville,minnesota,56576
Richwood,minnesota,56577
Rochert,minnesota,56578
Rothsay,minnesota,56579
Sabin,minnesota,56580
Shelly,minnesota,56581
Tintah,minnesota,56583
Twin Valley,minnesota,56584
Ulen,minnesota,56585
Underwood,minnesota,56586
Vergas,minnesota,56587
Vining,minnesota,56588
Waubun,minnesota,56589
Wendell,minnesota,56590
White Earth,minnesota,56591
Winger,minnesota,56592
Wolf Lake,minnesota,56593
Wolverton,minnesota,56594
Bemidji,minnesota,56601
Bagley,minnesota,56621
Baudette,minnesota,56623
Bena,minnesota,56626
Big Falls,minnesota,56627
Bigfork,minnesota,56628
Birchdale,minnesota,56629
Blackduck,minnesota,56630
Cass Lake,minnesota,56633
Clearbrook,minnesota,56634
Deer River,minnesota,56636
Talmoon,minnesota,56637
Effie,minnesota,56639
Federal Dam,minnesota,56641
Gonvick,minnesota,56644
Gully,minnesota,56646
Hines,minnesota,56647
International Falls,minnesota,56649
Kelliher,minnesota,56650
Lengby,minnesota,56651
Leonard,minnesota,56652
Littlefork,minnesota,56653
Loman,minnesota,56654
Longville,minnesota,56655
Marcell,minnesota,56657
Margie,minnesota,56658
Max,minnesota,56659
Mizpah,minnesota,56660
Northome,minnesota,56661
Outing,minnesota,56662
Pennington,minnesota,56663
Ponemah,minnesota,56666
Puposky,minnesota,56667
Ranier,minnesota,56668
Kabetogama,minnesota,56669
Redby,minnesota,56670
Redlake,minnesota,56671
Remer,minnesota,56672
Roosevelt,minnesota,56673
Shevlin,minnesota,56676
Solway,minnesota,56678
Spring Lake,minnesota,56680
Squaw Lake,minnesota,56681
Tenstrike,minnesota,56683
Trail,minnesota,56684
Waskish,minnesota,56685
Williams,minnesota,56686
Wilton,minnesota,56687
Wirt,minnesota,56688
Thief River Falls,minnesota,56701
Alvarado,minnesota,56710
Angle Inlet,minnesota,56711
Argyle,minnesota,56713
Badger,minnesota,56714
Brooks,minnesota,56715
Crookston,minnesota,56716
Donaldson,minnesota,56720
East Grand Forks,minnesota,56721
Euclid,minnesota,56722
Fisher,minnesota,56723
Gatzke,minnesota,56724
Goodridge,minnesota,56725
Greenbush,minnesota,56726
Grygla,minnesota,56727
Hallock,minnesota,56728
Halma,minnesota,56729
Humboldt,minnesota,56731
Karlstad,minnesota,56732
Kennedy,minnesota,56733
Lake Bronson,minnesota,56734
Lancaster,minnesota,56735
Mentor,minnesota,56736
Middle River,minnesota,56737
Newfolden,minnesota,56738
Oak Island,minnesota,56741
Oklee,minnesota,56742
Oslo,minnesota,56744
Plummer,minnesota,56748
Red Lake Falls,minnesota,56750
Roseau,minnesota,56751
Saint Hilaire,minnesota,56754
Saint Vincent,minnesota,56755
Salol,minnesota,56756
Stephen,minnesota,56757
Strandquist,minnesota,56758
Strathcona,minnesota,56759
Viking,minnesota,56760
Wannaska,minnesota,56761
Warren,minnesota,56762
Warroad,minnesota,56763
Alcester,south dakota,57001
Aurora,south dakota,57002
Baltic,south dakota,57003
Beresford,south dakota,57004
Brandon,south dakota,57005
Brookings,south dakota,57006
Burbank,south dakota,57010
Canistota,south dakota,57012
Canton,south dakota,57013
Centerville,south dakota,57014
Chancellor,south dakota,57015
Chester,south dakota,57016
Colman,south dakota,57017
Colton,south dakota,57018
Crooks,south dakota,57020
Davis,south dakota,57021
Dell Rapids,south dakota,57022
Egan,south dakota,57024
Elk Point,south dakota,57025
Elkton,south dakota,57026
Fairview,south dakota,57027
Flandreau,south dakota,57028
Freeman,south dakota,57029
Garretson,south dakota,57030
Gayville,south dakota,57031
Harrisburg,south dakota,57032
Hartford,south dakota,57033
Hudson,south dakota,57034
Humboldt,south dakota,57035
Hurley,south dakota,57036
Irene,south dakota,57037
Jefferson,south dakota,57038
Lennox,south dakota,57039
Lesterville,south dakota,57040
Lyons,south dakota,57041
Madison,south dakota,57042
Marion,south dakota,57043
Menno,south dakota,57045
Mission Hill,south dakota,57046
Monroe,south dakota,57047
Montrose,south dakota,57048
North Sioux City,south dakota,57049
Nunda,south dakota,57050
Oldham,south dakota,57051
Olivet,south dakota,57052
Parker,south dakota,57053
Ramona,south dakota,57054
Renner,south dakota,57055
Rutland,south dakota,57057
Salem,south dakota,57058
Scotland,south dakota,57059
Sinai,south dakota,57061
Springfield,south dakota,57062
Tabor,south dakota,57063
Tea,south dakota,57064
Trent,south dakota,57065
Tyndall,south dakota,57066
Utica,south dakota,57067
Valley Springs,south dakota,57068
Vermillion,south dakota,57069
Viborg,south dakota,57070
Volga,south dakota,57071
Volin,south dakota,57072
Wakonda,south dakota,57073
Wentworth,south dakota,57075
Winfred,south dakota,57076
Worthing,south dakota,57077
Yankton,south dakota,57078
Sioux Falls,south dakota,57103
Sioux Falls,south dakota,57104
Sioux Falls,south dakota,57105
Sioux Falls,south dakota,57106
Sioux Falls,south dakota,57107
Sioux Falls,south dakota,57108
Sioux Falls,south dakota,57110
Sioux Falls,south dakota,57117
Sioux Falls,south dakota,57197
Watertown,south dakota,57201
Arlington,south dakota,57212
Astoria,south dakota,57213
Badger,south dakota,57214
Big Stone City,south dakota,57216
Bradley,south dakota,57217
Brandt,south dakota,57218
Bristol,south dakota,57219
Bruce,south dakota,57220
Bryant,south dakota,57221
Castlewood,south dakota,57223
Claire City,south dakota,57224
Clark,south dakota,57225
Clear Lake,south dakota,57226
Corona,south dakota,57227
De Smet,south dakota,57231
Eden,south dakota,57232
Erwin,south dakota,57233
Estelline,south dakota,57234
Florence,south dakota,57235
Garden City,south dakota,57236
Gary,south dakota,57237
Goodwin,south dakota,57238
Grenville,south dakota,57239
Hayti,south dakota,57241
Hazel,south dakota,57242
Henry,south dakota,57243
Kranzburg,south dakota,57245
Labolt,south dakota,57246
Lake City,south dakota,57247
Lake Norden,south dakota,57248
Lake Preston,south dakota,57249
Marvin,south dakota,57251
Milbank,south dakota,57252
New Effington,south dakota,57255
Ortley,south dakota,57256
Peever,south dakota,57257
Raymond,south dakota,57258
Revillo,south dakota,57259
Rosholt,south dakota,57260
Roslyn,south dakota,57261
Sisseton,south dakota,57262
South Shore,south dakota,57263
Stockholm,south dakota,57264
Strandburg,south dakota,57265
Summit,south dakota,57266
Toronto,south dakota,57268
Twin Brooks,south dakota,57269
Veblen,south dakota,57270
Vienna,south dakota,57271
Wallace,south dakota,57272
Waubay,south dakota,57273
Webster,south dakota,57274
White,south dakota,57276
Willow Lake,south dakota,57278
Wilmot,south dakota,57279
Mitchell,south dakota,57301
Alexandria,south dakota,57311
Alpena,south dakota,57312
Armour,south dakota,57313
Artesian,south dakota,57314
Avon,south dakota,57315
Bonesteel,south dakota,57317
Bridgewater,south dakota,57319
Canova,south dakota,57321
Carpenter,south dakota,57322
Carthage,south dakota,57323
Cavour,south dakota,57324
Chamberlain,south dakota,57325
Corsica,south dakota,57328
Dante,south dakota,57329
Delmont,south dakota,57330
Dimock,south dakota,57331
Emery,south dakota,57332
Ethan,south dakota,57334
Fairfax,south dakota,57335
Fedora,south dakota,57337
Fort Thompson,south dakota,57339
Fulton,south dakota,57340
Gann Valley,south dakota,57341
Geddes,south dakota,57342
Harrison,south dakota,57344
Highmore,south dakota,57345
Stephan,south dakota,57346
Hitchcock,south dakota,57348
Howard,south dakota,57349
Huron,south dakota,57350
Iroquois,south dakota,57353
Kimball,south dakota,57355
Lake Andes,south dakota,57356
Lane,south dakota,57358
Letcher,south dakota,57359
Marty,south dakota,57361
Miller,south dakota,57362
Mount Vernon,south dakota,57363
New Holland,south dakota,57364
Oacoma,south dakota,57365
Parkston,south dakota,57366
Pickstown,south dakota,57367
Plankinton,south dakota,57368
Platte,south dakota,57369
Pukwana,south dakota,57370
Ree Heights,south dakota,57371
Saint Lawrence,south dakota,57373
Spencer,south dakota,57374
Stickney,south dakota,57375
Tripp,south dakota,57376
Virgil,south dakota,57379
Wagner,south dakota,57380
Wessington,south dakota,57381
Wessington Springs,south dakota,57382
White Lake,south dakota,57383
Wolsey,south dakota,57384
Woonsocket,south dakota,57385
Yale,south dakota,57386
Aberdeen,south dakota,57401
Akaska,south dakota,57420
Amherst,south dakota,57421
Andover,south dakota,57422
Ashton,south dakota,57424
Barnard,south dakota,57426
Bath,south dakota,57427
Bowdle,south dakota,57428
Brentford,south dakota,57429
Britton,south dakota,57430
Claremont,south dakota,57432
Columbia,south dakota,57433
Conde,south dakota,57434
Cresbard,south dakota,57435
Doland,south dakota,57436
Eureka,south dakota,57437
Faulkton,south dakota,57438
Ferney,south dakota,57439
Frankfort,south dakota,57440
Frederick,south dakota,57441
Gettysburg,south dakota,57442
Groton,south dakota,57445
Hecla,south dakota,57446
Hosmer,south dakota,57448
Houghton,south dakota,57449
Hoven,south dakota,57450
Ipswich,south dakota,57451
Java,south dakota,57452
Langford,south dakota,57454
Lebanon,south dakota,57455
Leola,south dakota,57456
Long Lake,south dakota,57457
Mansfield,south dakota,57460
Mellette,south dakota,57461
Northville,south dakota,57465
Onaka,south dakota,57466
Orient,south dakota,57467
Pierpont,south dakota,57468
Redfield,south dakota,57469
Rockham,south dakota,57470
Roscoe,south dakota,57471
Selby,south dakota,57472
Seneca,south dakota,57473
Stratford,south dakota,57474
Tolstoy,south dakota,57475
Tulare,south dakota,57476
Turton,south dakota,57477
Warner,south dakota,57479
Westport,south dakota,57481
Pierre,south dakota,57501
Agar,south dakota,57520
Belvidere,south dakota,57521
Blunt,south dakota,57522
Burke,south dakota,57523
Colome,south dakota,57528
Dallas,south dakota,57529
Draper,south dakota,57531
Fort Pierre,south dakota,57532
Gregory,south dakota,57533
Hamill,south dakota,57534
Harrold,south dakota,57536
Hayes,south dakota,57537
Herrick,south dakota,57538
Holabird,south dakota,57540
Ideal,south dakota,57541
Kadoka,south dakota,57543
Kennebec,south dakota,57544
Long Valley,south dakota,57547
Lower Brule,south dakota,57548
Martin,south dakota,57551
Midland,south dakota,57552
Milesville,south dakota,57553
Mission,south dakota,57555
Murdo,south dakota,57559
Norris,south dakota,57560
Okaton,south dakota,57562
Okreek,south dakota,57563
Onida,south dakota,57564
Parmelee,south dakota,57566
Philip,south dakota,57567
Presho,south dakota,57568
Reliance,south dakota,57569
Rosebud,south dakota,57570
Saint Charles,south dakota,57571
Saint Francis,south dakota,57572
Tuthill,south dakota,57574
Vivian,south dakota,57576
Wanblee,south dakota,57577
White River,south dakota,57579
Winner,south dakota,57580
Witten,south dakota,57584
Wood,south dakota,57585
Mobridge,south dakota,57601
Bison,south dakota,57620
Bullhead,south dakota,57621
Cherry Creek,south dakota,57622
Dupree,south dakota,57623
Eagle Butte,south dakota,57625
Faith,south dakota,57626
Glencross,south dakota,57630
Glenham,south dakota,57631
Herreid,south dakota,57632
Isabel,south dakota,57633
Keldron,south dakota,57634
Lantry,south dakota,57636
Lemmon,south dakota,57638
Little Eagle,south dakota,57639
Lodgepole,south dakota,57640
Mc Intosh,south dakota,57641
Mc Laughlin,south dakota,57642
Meadow,south dakota,57644
Morristown,south dakota,57645
Mound City,south dakota,57646
Pollock,south dakota,57648
Prairie City,south dakota,57649
Ralph,south dakota,57650
Reva,south dakota,57651
Ridgeview,south dakota,57652
Timber Lake,south dakota,57656
Trail City,south dakota,57657
Wakpala,south dakota,57658
Watauga,south dakota,57660
Whitehorse,south dakota,57661
Rapid City,south dakota,57701
Rapid City,south dakota,57702
Rapid City,south dakota,57703
Ellsworth Afb,south dakota,57706
Allen,south dakota,57714
Batesland,south dakota,57716
Belle Fourche,south dakota,57717
Black Hawk,south dakota,57718
Box Elder,south dakota,57719
Buffalo,south dakota,57720
Buffalo Gap,south dakota,57722
Camp Crook,south dakota,57724
Caputa,south dakota,57725
Custer,south dakota,57730
Deadwood,south dakota,57732
Edgemont,south dakota,57735
Fairburn,south dakota,57738
Fort Meade,south dakota,57741
Hermosa,south dakota,57744
Hill City,south dakota,57745
Hot Springs,south dakota,57747
Howes,south dakota,57748
Interior,south dakota,57750
Keystone,south dakota,57751
Kyle,south dakota,57752
Lead,south dakota,57754
Ludlow,south dakota,57755
Manderson,south dakota,57756
Mud Butte,south dakota,57758
Nemo,south dakota,57759
Newell,south dakota,57760
New Underwood,south dakota,57761
Nisland,south dakota,57762
Oelrichs,south dakota,57763
Oglala,south dakota,57764
Oral,south dakota,57766
Owanka,south dakota,57767
Piedmont,south dakota,57769
Pine Ridge,south dakota,57770
Porcupine,south dakota,57772
Pringle,south dakota,57773
Quinn,south dakota,57775
Redig,south dakota,57776
Saint Onge,south dakota,57779
Scenic,south dakota,57780
Smithwick,south dakota,57782
Spearfish,south dakota,57783
Sturgis,south dakota,57785
Union Center,south dakota,57787
Vale,south dakota,57788
Wall,south dakota,57790
Wasta,south dakota,57791
White Owl,south dakota,57792
Whitewood,south dakota,57793
Wounded Knee,south dakota,57794
Spearfish,south dakota,57799
Abercrombie,north dakota,58001
Absaraka,north dakota,58002
Amenia,north dakota,58004
Argusville,north dakota,58005
Arthur,north dakota,58006
Ayr,north dakota,58007
Barney,north dakota,58008
Blanchard,north dakota,58009
Buffalo,north dakota,58011
Casselton,north dakota,58012
Cayuga,north dakota,58013
Christine,north dakota,58015
Clifford,north dakota,58016
Cogswell,north dakota,58017
Colfax,north dakota,58018
Davenport,north dakota,58021
Enderlin,north dakota,58027
Erie,north dakota,58029
Fairmount,north dakota,58030
Fingal,north dakota,58031
Forman,north dakota,58032
Fort Ransom,north dakota,58033
Galesburg,north dakota,58035
Gardner,north dakota,58036
Grandin,north dakota,58038
Gwinner,north dakota,58040
Hankinson,north dakota,58041
Harwood,north dakota,58042
Havana,north dakota,58043
Hillsboro,north dakota,58045
Hope,north dakota,58046
Horace,north dakota,58047
Hunter,north dakota,58048
Kathryn,north dakota,58049
Kindred,north dakota,58051
Leonard,north dakota,58052
Lidgerwood,north dakota,58053
Lisbon,north dakota,58054
Luverne,north dakota,58056
Mcleod,north dakota,58057
Mantador,north dakota,58058
Mapleton,north dakota,58059
Milnor,north dakota,58060
Mooreton,north dakota,58061
Nome,north dakota,58062
Oriska,north dakota,58063
Page,north dakota,58064
Pillsbury,north dakota,58065
Rutland,north dakota,58067
Sheldon,north dakota,58068
Stirum,north dakota,58069
Tower City,north dakota,58071
Valley City,north dakota,58072
Wahpeton,north dakota,58075
Wahpeton,north dakota,58076
Walcott,north dakota,58077
West Fargo,north dakota,58078
Wheatland,north dakota,58079
Wyndmere,north dakota,58081
Fargo,north dakota,58102
Fargo,north dakota,58103
Fargo,north dakota,58104
Fargo,north dakota,58105
Grand Forks,north dakota,58201
Grand Forks,north dakota,58202
Grand Forks,north dakota,58203
Grand Forks Afb,north dakota,58204
Grand Forks Afb,north dakota,58205
Adams,north dakota,58210
Aneta,north dakota,58212
Arvilla,north dakota,58214
Bathgate,north dakota,58216
Buxton,north dakota,58218
Caledonia,north dakota,58219
Cavalier,north dakota,58220
Crystal,north dakota,58222
Cummings,north dakota,58223
Dahlen,north dakota,58224
Drayton,north dakota,58225
Edinburg,north dakota,58227
Emerado,north dakota,58228
Fairdale,north dakota,58229
Finley,north dakota,58230
Fordville,north dakota,58231
Forest River,north dakota,58233
Gilby,north dakota,58235
Grafton,north dakota,58237
Hamilton,north dakota,58238
Hannah,north dakota,58239
Hatton,north dakota,58240
Hensel,north dakota,58241
Hoople,north dakota,58243
Inkster,north dakota,58244
Langdon,north dakota,58249
Lankin,north dakota,58250
Larimore,north dakota,58251
Mcville,north dakota,58254
Manvel,north dakota,58256
Mayville,north dakota,58257
Mekinock,north dakota,58258
Michigan,north dakota,58259
Milton,north dakota,58260
Minto,north dakota,58261
Mountain,north dakota,58262
Neche,north dakota,58265
Niagara,north dakota,58266
Northwood,north dakota,58267
Osnabrock,north dakota,58269
Park River,north dakota,58270
Pembina,north dakota,58271
Petersburg,north dakota,58272
Pisek,north dakota,58273
Portland,north dakota,58274
Reynolds,north dakota,58275
Saint Thomas,north dakota,58276
Sharon,north dakota,58277
Thompson,north dakota,58278
Wales,north dakota,58281
Walhalla,north dakota,58282
Devils Lake,north dakota,58301
Alsen,north dakota,58311
Belcourt,north dakota,58316
Bisbee,north dakota,58317
Bottineau,north dakota,58318
Brocket,north dakota,58321
Calvin,north dakota,58323
Cando,north dakota,58324
Churchs Ferry,north dakota,58325
Crary,north dakota,58327
Dunseith,north dakota,58329
Edmore,north dakota,58330
Egeland,north dakota,58331
Esmond,north dakota,58332
Fort Totten,north dakota,58335
Hampden,north dakota,58338
Hansboro,north dakota,58339
Harvey,north dakota,58341
Knox,north dakota,58343
Lakota,north dakota,58344
Lawton,north dakota,58345
Leeds,north dakota,58346
Maddock,north dakota,58348
Minnewaukan,north dakota,58351
Munich,north dakota,58352
Mylo,north dakota,58353
Nekoma,north dakota,58355
New Rockford,north dakota,58356
Oberon,north dakota,58357
Pekin,north dakota,58361
Penn,north dakota,58362
Perth,north dakota,58363
Rocklake,north dakota,58365
Rolette,north dakota,58366
Rolla,north dakota,58367
Rugby,north dakota,58368
Saint John,north dakota,58369
Saint Michael,north dakota,58370
Sarles,north dakota,58372
Sheyenne,north dakota,58374
Starkweather,north dakota,58377
Tokio,north dakota,58379
Tolna,north dakota,58380
Warwick,north dakota,58381
Webster,north dakota,58382
Willow City,north dakota,58384
Wolford,north dakota,58385
York,north dakota,58386
Jamestown,north dakota,58401
Jamestown,north dakota,58402
Jamestown,north dakota,58405
Ashley,north dakota,58413
Berlin,north dakota,58415
Binford,north dakota,58416
Bowdon,north dakota,58418
Buchanan,north dakota,58420
Carrington,north dakota,58421
Cathay,north dakota,58422
Chaseley,north dakota,58423
Cleveland,north dakota,58424
Cooperstown,north dakota,58425
Courtenay,north dakota,58426
Dawson,north dakota,58428
Dazey,north dakota,58429
Denhoff,north dakota,58430
Dickey,north dakota,58431
Edgeley,north dakota,58433
Ellendale,north dakota,58436
Fessenden,north dakota,58438
Forbes,north dakota,58439
Fredonia,north dakota,58440
Fullerton,north dakota,58441
Gackle,north dakota,58442
Glenfield,north dakota,58443
Goodrich,north dakota,58444
Grace City,north dakota,58445
Hannaford,north dakota,58448
Hurdsfield,north dakota,58451
Jessie,north dakota,58452
Jud,north dakota,58454
Kensal,north dakota,58455
Kulm,north dakota,58456
Lamoure,north dakota,58458
Lehr,north dakota,58460
Litchville,north dakota,58461
Mcclusky,north dakota,58463
Mchenry,north dakota,58464
Marion,north dakota,58466
Medina,north dakota,58467
Montpelier,north dakota,58472
Oakes,north dakota,58474
Pettibone,north dakota,58475
Pingree,north dakota,58476
Regan,north dakota,58477
Robinson,north dakota,58478
Rogers,north dakota,58479
Sanborn,north dakota,58480
Spiritwood,north dakota,58481
Steele,north dakota,58482
Streeter,north dakota,58483
Sutton,north dakota,58484
Sykeston,north dakota,58486
Tappen,north dakota,58487
Tuttle,north dakota,58488
Verona,north dakota,58490
Wimbledon,north dakota,58492
Wing,north dakota,58494
Wishek,north dakota,58495
Woodworth,north dakota,58496
Ypsilanti,north dakota,58497
Bismarck,north dakota,58501
Bismarck,north dakota,58503
Bismarck,north dakota,58504
Bismarck,north dakota,58505
Almont,north dakota,58520
Baldwin,north dakota,58521
Beulah,north dakota,58523
Braddock,north dakota,58524
Cannon Ball,north dakota,58528
Carson,north dakota,58529
Center,north dakota,58530
Coleharbor,north dakota,58531
Driscoll,north dakota,58532
Elgin,north dakota,58533
Flasher,north dakota,58535
Fort Yates,north dakota,58538
Garrison,north dakota,58540
Golden Valley,north dakota,58541
Hague,north dakota,58542
Hazelton,north dakota,58544
Hazen,north dakota,58545
Kintyre,north dakota,58549
Linton,north dakota,58552
Mandan,north dakota,58554
Menoken,north dakota,58558
Mercer,north dakota,58559
Moffit,north dakota,58560
Napoleon,north dakota,58561
New Leipzig,north dakota,58562
New Salem,north dakota,58563
Raleigh,north dakota,58564
Riverdale,north dakota,58565
Saint Anthony,north dakota,58566
Selfridge,north dakota,58568
Shields,north dakota,58569
Solen,north dakota,58570
Stanton,north dakota,58571
Sterling,north dakota,58572
Strasburg,north dakota,58573
Turtle Lake,north dakota,58575
Underwood,north dakota,58576
Washburn,north dakota,58577
Wilton,north dakota,58579
Zap,north dakota,58580
Zeeland,north dakota,58581
Dickinson,north dakota,58601
Amidon,north dakota,58620
Beach,north dakota,58621
Belfield,north dakota,58622
Bowman,north dakota,58623
Dodge,north dakota,58625
Dunn Center,north dakota,58626
Fairfield,north dakota,58627
Gladstone,north dakota,58630
Glen Ullin,north dakota,58631
Golva,north dakota,58632
Grassy Butte,north dakota,58634
Halliday,north dakota,58636
Hebron,north dakota,58638
Hettinger,north dakota,58639
Killdeer,north dakota,58640
Lefor,north dakota,58641
Manning,north dakota,58642
Marmarth,north dakota,58643
Medora,north dakota,58645
Mott,north dakota,58646
New England,north dakota,58647
Reeder,north dakota,58649
Regent,north dakota,58650
Rhame,north dakota,58651
Richardton,north dakota,58652
Scranton,north dakota,58653
Sentinel Butte,north dakota,58654
South Heart,north dakota,58655
Taylor,north dakota,58656
Minot,north dakota,58701
Minot,north dakota,58702
Minot,north dakota,58703
Minot Afb,north dakota,58704
Minot Afb,north dakota,58705
Minot,north dakota,58707
Anamoose,north dakota,58710
Antler,north dakota,58711
Balfour,north dakota,58712
Bantry,north dakota,58713
Benedict,north dakota,58716
Berthold,north dakota,58718
Bowbells,north dakota,58721
Burlington,north dakota,58722
Butte,north dakota,58723
Carpio,north dakota,58725
Columbus,north dakota,58727
Crosby,north dakota,58730
Deering,north dakota,58731
Des Lacs,north dakota,58733
Donnybrook,north dakota,58734
Douglas,north dakota,58735
Drake,north dakota,58736
Flaxton,north dakota,58737
Glenburn,north dakota,58740
Granville,north dakota,58741
Karlsruhe,north dakota,58744
Kenmare,north dakota,58746
Kramer,north dakota,58748
Lansford,north dakota,58750
Lignite,north dakota,58752
Mcgregor,north dakota,58755
Makoti,north dakota,58756
Mandaree,north dakota,58757
Martin,north dakota,58758
Max,north dakota,58759
Maxbass,north dakota,58760
Mohall,north dakota,58761
Newburg,north dakota,58762
New Town,north dakota,58763
Noonan,north dakota,58765
Norwich,north dakota,58768
Palermo,north dakota,58769
Parshall,north dakota,58770
Plaza,north dakota,58771
Portal,north dakota,58772
Powers Lake,north dakota,58773
Roseglen,north dakota,58775
Ross,north dakota,58776
Ruso,north dakota,58778
Ryder,north dakota,58779
Sawyer,north dakota,58781
Sherwood,north dakota,58782
Souris,north dakota,58783
Stanley,north dakota,58784
Surrey,north dakota,58785
Tolley,north dakota,58787
Towner,north dakota,58788
Upham,north dakota,58789
Velva,north dakota,58790
Voltaire,north dakota,58792
Westhope,north dakota,58793
White Earth,north dakota,58794
Wildrose,north dakota,58795
Williston,north dakota,58801
Alamo,north dakota,58830
Alexander,north dakota,58831
Ambrose,north dakota,58833
Arnegard,north dakota,58835
Cartwright,north dakota,58838
Epping,north dakota,58843
Fortuna,north dakota,58844
Grenora,north dakota,58845
Keene,north dakota,58847
Ray,north dakota,58849
Tioga,north dakota,58852
Trenton,north dakota,58853
Watford City,north dakota,58854
Zahl,north dakota,58856
Absarokee,montana,59001
Acton,montana,59002
Ashland,montana,59003
Ballantine,montana,59006
Bearcreek,montana,59007
Belfry,montana,59008
Bighorn,montana,59010
Big Timber,montana,59011
Birney,montana,59012
Boyd,montana,59013
Bridger,montana,59014
Broadview,montana,59015
Busby,montana,59016
Clyde Park,montana,59018
Columbus,montana,59019
Cooke City,montana,59020
Crow Agency,montana,59022
Custer,montana,59024
Decker,montana,59025
Edgar,montana,59026
Emigrant,montana,59027
Fishtail,montana,59028
Fromberg,montana,59029
Gardiner,montana,59030
Garryowen,montana,59031
Grass Range,montana,59032
Greycliff,montana,59033
Hardin,montana,59034
Fort Smith,montana,59035
Harlowton,montana,59036
Huntley,montana,59037
Hysham,montana,59038
Ingomar,montana,59039
Joliet,montana,59041
Lame Deer,montana,59043
Laurel,montana,59044
Lavina,montana,59046
Livingston,montana,59047
Lodge Grass,montana,59050
Mc Leod,montana,59052
Martinsdale,montana,59053
Melstone,montana,59054
Melville,montana,59055
Molt,montana,59057
Mosby,montana,59058
Musselshell,montana,59059
Nye,montana,59061
Otter,montana,59062
Park City,montana,59063
Pompeys Pillar,montana,59064
Pray,montana,59065
Pryor,montana,59066
Rapelje,montana,59067
Red Lodge,montana,59068
Reed Point,montana,59069
Roberts,montana,59070
Roscoe,montana,59071
Roundup,montana,59072
Ryegate,montana,59074
Saint Xavier,montana,59075
Sanders,montana,59076
Sand Springs,montana,59077
Shawmut,montana,59078
Shepherd,montana,59079
Silver Gate,montana,59081
Springdale,montana,59082
Two Dot,montana,59085
Wilsall,montana,59086
Winnett,montana,59087
Worden,montana,59088
Wyola,montana,59089
Billings,montana,59101
Billings,montana,59102
Billings,montana,59105
Billings,montana,59106
Wolf Point,montana,59201
Antelope,montana,59211
Bainville,montana,59212
Brockton,montana,59213
Brockway,montana,59214
Circle,montana,59215
Crane,montana,59217
Culbertson,montana,59218
Dagmar,montana,59219
Fairview,montana,59221
Flaxville,montana,59222
Fort Peck,montana,59223
Frazer,montana,59225
Froid,montana,59226
Glasgow,montana,59230
Saint Marie,montana,59231
Glentana,montana,59240
Hinsdale,montana,59241
Homestead,montana,59242
Lambert,montana,59243
Larslan,montana,59244
Medicine Lake,montana,59247
Nashua,montana,59248
Opheim,montana,59250
Outlook,montana,59252
Peerless,montana,59253
Plentywood,montana,59254
Poplar,montana,59255
Raymond,montana,59256
Redstone,montana,59257
Reserve,montana,59258
Richey,montana,59259
Richland,montana,59260
Saco,montana,59261
Savage,montana,59262
Scobey,montana,59263
Sidney,montana,59270
Vida,montana,59274
Westby,montana,59275
Whitetail,montana,59276
Miles City,montana,59301
Alzada,montana,59311
Angela,montana,59312
Baker,montana,59313
Biddle,montana,59314
Bloomfield,montana,59315
Broadus,montana,59317
Brusett,montana,59318
Cohagen,montana,59322
Colstrip,montana,59323
Ekalaka,montana,59324
Fallon,montana,59326
Forsyth,montana,59327
Glendive,montana,59330
Hammond,montana,59332
Hathaway,montana,59333
Ismay,montana,59336
Jordan,montana,59337
Kinsey,montana,59338
Lindsay,montana,59339
Olive,montana,59343
Plevna,montana,59344
Rosebud,montana,59347
Terry,montana,59349
Volborg,montana,59351
Wibaux,montana,59353
Willard,montana,59354
Great Falls,montana,59401
Great Falls,montana,59404
Great Falls,montana,59405
Augusta,montana,59410
Babb,montana,59411
Belt,montana,59412
Black Eagle,montana,59414
Brady,montana,59416
Browning,montana,59417
Buffalo,montana,59418
Bynum,montana,59419
Carter,montana,59420
Cascade,montana,59421
Choteau,montana,59422
Coffee Creek,montana,59424
Conrad,montana,59425
Cut Bank,montana,59427
Denton,montana,59430
Dupuyer,montana,59432
Dutton,montana,59433
East Glacier Park,montana,59434
Fairfield,montana,59436
Floweree,montana,59440
Forest Grove,montana,59441
Fort Benton,montana,59442
Fort Shaw,montana,59443
Galata,montana,59444
Geraldine,montana,59446
Geyser,montana,59447
Heart Butte,montana,59448
Highwood,montana,59450
Hilger,montana,59451
Hobson,montana,59452
Judith Gap,montana,59453
Kevin,montana,59454
Ledger,montana,59456
Lewistown,montana,59457
Loma,montana,59460
Lothair,montana,59461
Moccasin,montana,59462
Monarch,montana,59463
Moore,montana,59464
Neihart,montana,59465
Oilmont,montana,59466
Pendroy,montana,59467
Power,montana,59468
Raynesford,montana,59469
Roy,montana,59471
Sand Coulee,montana,59472
Shelby,montana,59474
Simms,montana,59477
Stanford,montana,59479
Stockett,montana,59480
Sunburst,montana,59482
Sun River,montana,59483
Sweet Grass,montana,59484
Ulm,montana,59485
Valier,montana,59486
Vaughn,montana,59487
Winifred,montana,59489
Havre,montana,59501
Big Sandy,montana,59520
Box Elder,montana,59521
Chester,montana,59522
Chinook,montana,59523
Dodson,montana,59524
Gildford,montana,59525
Harlem,montana,59526
Hays,montana,59527
Hingham,montana,59528
Hogeland,montana,59529
Inverness,montana,59530
Joplin,montana,59531
Kremlin,montana,59532
Lloyd,montana,59535
Loring,montana,59537
Malta,montana,59538
Rudyard,montana,59540
Turner,montana,59542
Whitewater,montana,59544
Whitlash,montana,59545
Zortman,montana,59546
Zurich,montana,59547
Helena,montana,59601
Helena,montana,59602
Basin,montana,59631
Boulder,montana,59632
Canyon Creek,montana,59633
Clancy,montana,59634
East Helena,montana,59635
Fort Harrison,montana,59636
Jefferson City,montana,59638
Lincoln,montana,59639
Marysville,montana,59640
Ringling,montana,59642
Toston,montana,59643
Townsend,montana,59644
White Sulphur Springs,montana,59645
Winston,montana,59647
Wolf Creek,montana,59648
Butte,montana,59701
Butte,montana,59703
Alder,montana,59710
Anaconda,montana,59711
Avon,montana,59713
Belgrade,montana,59714
Bozeman,montana,59715
Big Sky,montana,59716
Bozeman,montana,59718
Cameron,montana,59720
Cardwell,montana,59721
Deer Lodge,montana,59722
Dell,montana,59724
Dillon,montana,59725
Divide,montana,59727
Elliston,montana,59728
Ennis,montana,59729
Gallatin Gateway,montana,59730
Garrison,montana,59731
Glen,montana,59732
Gold Creek,montana,59733
Harrison,montana,59735
Jackson,montana,59736
Lima,montana,59739
Mc Allister,montana,59740
Manhattan,montana,59741
Melrose,montana,59743
Norris,montana,59745
Polaris,montana,59746
Pony,montana,59747
Ramsay,montana,59748
Sheridan,montana,59749
Butte,montana,59750
Silver Star,montana,59751
Three Forks,montana,59752
Twin Bridges,montana,59754
Virginia City,montana,59755
Warm Springs,montana,59756
West Yellowstone,montana,59758
Whitehall,montana,59759
Willow Creek,montana,59760
Wisdom,montana,59761
Wise River,montana,59762
Missoula,montana,59801
Missoula,montana,59802
Missoula,montana,59803
Missoula,montana,59804
Missoula,montana,59808
Alberton,montana,59820
Arlee,montana,59821
Bonner,montana,59823
Charlo,montana,59824
Clinton,montana,59825
Condon,montana,59826
Conner,montana,59827
Corvallis,montana,59828
Darby,montana,59829
De Borgia,montana,59830
Dixon,montana,59831
Drummond,montana,59832
Florence,montana,59833
Frenchtown,montana,59834
Hall,montana,59837
Hamilton,montana,59840
Pinesdale,montana,59841
Haugan,montana,59842
Helmville,montana,59843
Heron,montana,59844
Hot Springs,montana,59845
Huson,montana,59846
Lolo,montana,59847
Lonepine,montana,59848
Milltown,montana,59851
Noxon,montana,59853
Ovando,montana,59854
Pablo,montana,59855
Paradise,montana,59856
Philipsburg,montana,59858
Plains,montana,59859
Polson,montana,59860
Ravalli,montana,59863
Ronan,montana,59864
Saint Ignatius,montana,59865
Saint Regis,montana,59866
Saltese,montana,59867
Seeley Lake,montana,59868
Stevensville,montana,59870
Sula,montana,59871
Superior,montana,59872
Thompson Falls,montana,59873
Trout Creek,montana,59874
Victor,montana,59875
Kalispell,montana,59901
Big Arm,montana,59910
Bigfork,montana,59911
Columbia Falls,montana,59912
Coram,montana,59913
Dayton,montana,59914
Elmo,montana,59915
Essex,montana,59916
Eureka,montana,59917
Fortine,montana,59918
Hungry Horse,montana,59919
Kila,montana,59920
Lakeside,montana,59922
Libby,montana,59923
Marion,montana,59925
Martin City,montana,59926
Olney,montana,59927
Polebridge,montana,59928
Proctor,montana,59929
Rexford,montana,59930
Rollins,montana,59931
Somers,montana,59932
Stryker,montana,59933
Trego,montana,59934
Troy,montana,59935
West Glacier,montana,59936
Whitefish,montana,59937
Antioch,illinois,60002
Arlington Heights,illinois,60004
Arlington Heights,illinois,60005
Elk Grove Village,illinois,60007
Rolling Meadows,illinois,60008
Barrington,illinois,60010
Crystal Lake,illinois,60012
Cary,illinois,60013
Crystal Lake,illinois,60014
Deerfield,illinois,60015
Des Plaines,illinois,60016
Des Plaines,illinois,60018
Fox Lake,illinois,60020
Fox River Grove,illinois,60021
Glencoe,illinois,60022
Glenview,illinois,60025
Glenview,illinois,60026
Golf,illinois,60029
Grayslake,illinois,60030
Gurnee,illinois,60031
Harvard,illinois,60033
Hebron,illinois,60034
Highland Park,illinois,60035
Highwood,illinois,60040
Ingleside,illinois,60041
Island Lake,illinois,60042
Kenilworth,illinois,60043
Lake Bluff,illinois,60044
Lake Forest,illinois,60045
Lake Villa,illinois,60046
Lake Zurich,illinois,60047
Libertyville,illinois,60048
Mchenry,illinois,60050
Mchenry,illinois,60051
Morton Grove,illinois,60053
Mount Prospect,illinois,60056
Mundelein,illinois,60060
Vernon Hills,illinois,60061
Northbrook,illinois,60062
North Chicago,illinois,60064
Palatine,illinois,60067
Park Ridge,illinois,60068
Lincolnshire,illinois,60069
Prospect Heights,illinois,60070
Richmond,illinois,60071
Ringwood,illinois,60072
Round Lake,illinois,60073
Palatine,illinois,60074
Skokie,illinois,60076
Skokie,illinois,60077
Spring Grove,illinois,60081
Wadsworth,illinois,60083
Wauconda,illinois,60084
Waukegan,illinois,60085
Waukegan,illinois,60087
Great Lakes,illinois,60088
Buffalo Grove,illinois,60089
Wheeling,illinois,60090
Wilmette,illinois,60091
Winnetka,illinois,60093
Winthrop Harbor,illinois,60096
Wonder Lake,illinois,60097
Woodstock,illinois,60098
Zion,illinois,60099
Addison,illinois,60101
Algonquin,illinois,60102
Bartlett,illinois,60103
Bellwood,illinois,60104
Bensenville,illinois,60106
Streamwood,illinois,60107
Bloomingdale,illinois,60108
Burlington,illinois,60109
Carpentersville,illinois,60110
Clare,illinois,60111
Cortland,illinois,60112
Creston,illinois,60113
Dekalb,illinois,60115
Dundee,illinois,60118
Elburn,illinois,60119
Elgin,illinois,60120
Elgin,illinois,60123
Elgin,illinois,60124
Elmhurst,illinois,60126
Esmond,illinois,60129
Forest Park,illinois,60130
Franklin Park,illinois,60131
Hanover Park,illinois,60133
Geneva,illinois,60134
Genoa,illinois,60135
Gilberts,illinois,60136
Glen Ellyn,illinois,60137
Glendale Heights,illinois,60139
Hampshire,illinois,60140
Hines,illinois,60141
Huntley,illinois,60142
Itasca,illinois,60143
Kaneville,illinois,60144
Kingston,illinois,60145
Kirkland,illinois,60146
Lombard,illinois,60148
Malta,illinois,60150
Maple Park,illinois,60151
Marengo,illinois,60152
Maywood,illinois,60153
Westchester,illinois,60154
Broadview,illinois,60155
Lake In The Hills,illinois,60156
Medinah,illinois,60157
Melrose Park,illinois,60160
Hillside,illinois,60162
Berkeley,illinois,60163
Melrose Park,illinois,60164
Stone Park,illinois,60165
Hoffman Estates,illinois,60169
River Grove,illinois,60171
Roselle,illinois,60172
Schaumburg,illinois,60173
Saint Charles,illinois,60174
Saint Charles,illinois,60175
Schiller Park,illinois,60176
South Elgin,illinois,60177
Sycamore,illinois,60178
Union,illinois,60180
Villa Park,illinois,60181
Wayne,illinois,60184
West Chicago,illinois,60185
Wheaton,illinois,60187
Carol Stream,illinois,60188
Wheaton,illinois,60189
Winfield,illinois,60190
Wood Dale,illinois,60191
Hoffman Estates,illinois,60192
Schaumburg,illinois,60193
Schaumburg,illinois,60194
Schaumburg,illinois,60195
Evanston,illinois,60201
Evanston,illinois,60202
Evanston,illinois,60203
Oak Park,illinois,60301
Oak Park,illinois,60302
Oak Park,illinois,60304
River Forest,illinois,60305
Beecher,illinois,60401
Berwyn,illinois,60402
Crest Hill,illinois,60403
Shorewood,illinois,60404
Blue Island,illinois,60406
Braceville,illinois,60407
Braidwood,illinois,60408
Calumet City,illinois,60409
Channahon,illinois,60410
Chicago Heights,illinois,60411
Chicago Ridge,illinois,60415
Coal City,illinois,60416
Crete,illinois,60417
Dolton,illinois,60419
Dwight,illinois,60420
Elwood,illinois,60421
Flossmoor,illinois,60422
Frankfort,illinois,60423
Gardner,illinois,60424
Glenwood,illinois,60425
Harvey,illinois,60426
Markham,illinois,60428
Hazel Crest,illinois,60429
Homewood,illinois,60430
Joliet,illinois,60431
Joliet,illinois,60432
Joliet,illinois,60433
Joliet,illinois,60435
Joliet,illinois,60436
Kinsman,illinois,60437
Lansing,illinois,60438
Lemont,illinois,60439
Bolingbrook,illinois,60440
Lockport,illinois,60441
Manhattan,illinois,60442
Matteson,illinois,60443
Mazon,illinois,60444
Midlothian,illinois,60445
Romeoville,illinois,60446
Minooka,illinois,60447
Mokena,illinois,60448
Monee,illinois,60449
Morris,illinois,60450
New Lenox,illinois,60451
Oak Forest,illinois,60452
Oak Lawn,illinois,60453
Bridgeview,illinois,60455
Hometown,illinois,60456
Hickory Hills,illinois,60457
Justice,illinois,60458
Burbank,illinois,60459
Odell,illinois,60460
Olympia Fields,illinois,60461
Orland Park,illinois,60462
Palos Heights,illinois,60463
Palos Park,illinois,60464
Palos Hills,illinois,60465
Park Forest,illinois,60466
Orland Park,illinois,60467
Peotone,illinois,60468
Posen,illinois,60469
Ransom,illinois,60470
Richton Park,illinois,60471
Robbins,illinois,60472
South Holland,illinois,60473
South Wilmington,illinois,60474
Steger,illinois,60475
Thornton,illinois,60476
Tinley Park,illinois,60477
Country Club Hills,illinois,60478
Verona,illinois,60479
Willow Springs,illinois,60480
Wilmington,illinois,60481
Worth,illinois,60482
University Park,illinois,60484
Tinley Park,illinois,60487
Bolingbrook,illinois,60490
Homer Glen,illinois,60491
Summit Argo,illinois,60501
Aurora,illinois,60502
Aurora,illinois,60503
Aurora,illinois,60504
Aurora,illinois,60505
Aurora,illinois,60506
Batavia,illinois,60510
Big Rock,illinois,60511
Bristol,illinois,60512
Brookfield,illinois,60513
Clarendon Hills,illinois,60514
Downers Grove,illinois,60515
Downers Grove,illinois,60516
Woodridge,illinois,60517
Earlville,illinois,60518
Eola,illinois,60519
Hinckley,illinois,60520
Hinsdale,illinois,60521
Oak Brook,illinois,60523
La Grange,illinois,60525
La Grange Park,illinois,60526
Willowbrook,illinois,60527
Lee,illinois,60530
Leland,illinois,60531
Lisle,illinois,60532
Lyons,illinois,60534
Millbrook,illinois,60536
Millington,illinois,60537
Montgomery,illinois,60538
Mooseheart,illinois,60539
Naperville,illinois,60540
Newark,illinois,60541
North Aurora,illinois,60542
Oswego,illinois,60543
Plainfield,illinois,60544
Plano,illinois,60545
Riverside,illinois,60546
Sandwich,illinois,60548
Serena,illinois,60549
Shabbona,illinois,60550
Sheridan,illinois,60551
Somonauk,illinois,60552
Steward,illinois,60553
Sugar Grove,illinois,60554
Warrenville,illinois,60555
Waterman,illinois,60556
Wedron,illinois,60557
Western Springs,illinois,60558
Westmont,illinois,60559
Yorkville,illinois,60560
Darien,illinois,60561
Naperville,illinois,60563
Naperville,illinois,60564
Naperville,illinois,60565
Plainfield,illinois,60585
Plainfield,illinois,60586
Chicago,illinois,60601
Chicago,illinois,60602
Chicago,illinois,60603
Chicago,illinois,60604
Chicago,illinois,60605
Chicago,illinois,60606
Chicago,illinois,60607
Chicago,illinois,60608
Chicago,illinois,60609
Chicago,illinois,60610
Chicago,illinois,60611
Chicago,illinois,60612
Chicago,illinois,60613
Chicago,illinois,60614
Chicago,illinois,60615
Chicago,illinois,60616
Chicago,illinois,60617
Chicago,illinois,60618
Chicago,illinois,60619
Chicago,illinois,60620
Chicago,illinois,60621
Chicago,illinois,60622
Chicago,illinois,60623
Chicago,illinois,60624
Chicago,illinois,60625
Chicago,illinois,60626
Chicago,illinois,60628
Chicago,illinois,60629
Chicago,illinois,60630
Chicago,illinois,60631
Chicago,illinois,60632
Chicago,illinois,60633
Chicago,illinois,60634
Chicago,illinois,60636
Chicago,illinois,60637
Chicago,illinois,60638
Chicago,illinois,60639
Chicago,illinois,60640
Chicago,illinois,60641
Chicago,illinois,60642
Chicago,illinois,60643
Chicago,illinois,60644
Chicago,illinois,60645
Chicago,illinois,60646
Chicago,illinois,60647
Chicago,illinois,60649
Chicago,illinois,60651
Chicago,illinois,60652
Chicago,illinois,60653
Chicago,illinois,60654
Chicago,illinois,60655
Chicago,illinois,60656
Chicago,illinois,60657
Chicago,illinois,60659
Chicago,illinois,60660
Chicago,illinois,60661
Harwood Heights,illinois,60706
Elmwood Park,illinois,60707
Lincolnwood,illinois,60712
Niles,illinois,60714
Alsip,illinois,60803
Cicero,illinois,60804
Evergreen Park,illinois,60805
Riverdale,illinois,60827
Kankakee,illinois,60901
Aroma Park,illinois,60910
Ashkum,illinois,60911
Beaverville,illinois,60912
Bonfield,illinois,60913
Bourbonnais,illinois,60914
Bradley,illinois,60915
Buckingham,illinois,60917
Buckley,illinois,60918
Cabery,illinois,60919
Campus,illinois,60920
Chatsworth,illinois,60921
Chebanse,illinois,60922
Cissna Park,illinois,60924
Claytonville,illinois,60926
Clifton,illinois,60927
Crescent City,illinois,60928
Cullom,illinois,60929
Danforth,illinois,60930
Donovan,illinois,60931
East Lynn,illinois,60932
Elliott,illinois,60933
Emington,illinois,60934
Essex,illinois,60935
Gibson City,illinois,60936
Gilman,illinois,60938
Grant Park,illinois,60940
Herscher,illinois,60941
Hoopeston,illinois,60942
Iroquois,illinois,60945
Kempton,illinois,60946
Loda,illinois,60948
Ludlow,illinois,60949
Manteno,illinois,60950
Martinton,illinois,60951
Melvin,illinois,60952
Milford,illinois,60953
Momence,illinois,60954
Onarga,illinois,60955
Paxton,illinois,60957
Pembroke Township,illinois,60958
Piper City,illinois,60959
Rankin,illinois,60960
Reddick,illinois,60961
Roberts,illinois,60962
Rossville,illinois,60963
Saint Anne,illinois,60964
Sheldon,illinois,60966
Thawville,illinois,60968
Union Hill,illinois,60969
Watseka,illinois,60970
Wellington,illinois,60973
Woodland,illinois,60974
Apple River,illinois,61001
Ashton,illinois,61006
Baileyville,illinois,61007
Belvidere,illinois,61008
Byron,illinois,61010
Caledonia,illinois,61011
Capron,illinois,61012
Cedarville,illinois,61013
Chadwick,illinois,61014
Chana,illinois,61015
Cherry Valley,illinois,61016
Dakota,illinois,61018
Davis,illinois,61019
Davis Junction,illinois,61020
Dixon,illinois,61021
Durand,illinois,61024
East Dubuque,illinois,61025
Eleroy,illinois,61027
Elizabeth,illinois,61028
Forreston,illinois,61030
Franklin Grove,illinois,61031
Freeport,illinois,61032
Galena,illinois,61036
Galt,illinois,61037
Garden Prairie,illinois,61038
German Valley,illinois,61039
Hanover,illinois,61041
Harmon,illinois,61042
Holcomb,illinois,61043
Kent,illinois,61044
Lanark,illinois,61046
Leaf River,illinois,61047
Lena,illinois,61048
Lindenwood,illinois,61049
Mc Connell,illinois,61050
Milledgeville,illinois,61051
Monroe Center,illinois,61052
Mount Carroll,illinois,61053
Mount Morris,illinois,61054
Nachusa,illinois,61057
Nora,illinois,61059
Orangeville,illinois,61060
Oregon,illinois,61061
Pearl City,illinois,61062
Pecatonica,illinois,61063
Polo,illinois,61064
Poplar Grove,illinois,61065
Ridott,illinois,61067
Rochelle,illinois,61068
Rock City,illinois,61070
Rock Falls,illinois,61071
Rockton,illinois,61072
Roscoe,illinois,61073
Savanna,illinois,61074
Scales Mound,illinois,61075
Seward,illinois,61077
Shannon,illinois,61078
Shirland,illinois,61079
South Beloit,illinois,61080
Sterling,illinois,61081
Stillman Valley,illinois,61084
Stockton,illinois,61085
Warren,illinois,61087
Winnebago,illinois,61088
Winslow,illinois,61089
Woosung,illinois,61091
Rockford,illinois,61101
Rockford,illinois,61102
Rockford,illinois,61103
Rockford,illinois,61104
Rockford,illinois,61107
Rockford,illinois,61108
Rockford,illinois,61109
Loves Park,illinois,61111
Rockford,illinois,61112
Rockford,illinois,61114
Machesney Park,illinois,61115
Rock Island,illinois,61201
Albany,illinois,61230
Aledo,illinois,61231
Andalusia,illinois,61232
Annawan,illinois,61234
Atkinson,illinois,61235
Barstow,illinois,61236
Cambridge,illinois,61238
Carbon Cliff,illinois,61239
Coal Valley,illinois,61240
Colona,illinois,61241
Cordova,illinois,61242
Deer Grove,illinois,61243
East Moline,illinois,61244
Erie,illinois,61250
Fenton,illinois,61251
Fulton,illinois,61252
Geneseo,illinois,61254
Hampton,illinois,61256
Hillsdale,illinois,61257
Hooppole,illinois,61258
Illinois City,illinois,61259
Joy,illinois,61260
Lyndon,illinois,61261
Lynn Center,illinois,61262
Matherville,illinois,61263
Milan,illinois,61264
Moline,illinois,61265
Morrison,illinois,61270
New Boston,illinois,61272
Orion,illinois,61273
Osco,illinois,61274
Port Byron,illinois,61275
Preemption,illinois,61276
Prophetstown,illinois,61277
Rapids City,illinois,61278
Reynolds,illinois,61279
Sherrard,illinois,61281
Silvis,illinois,61282
Tampico,illinois,61283
Taylor Ridge,illinois,61284
Thomson,illinois,61285
La Salle,illinois,61301
Amboy,illinois,61310
Ancona,illinois,61311
Arlington,illinois,61312
Blackstone,illinois,61313
Buda,illinois,61314
Bureau,illinois,61315
Cedar Point,illinois,61316
Cherry,illinois,61317
Compton,illinois,61318
Cornell,illinois,61319
Dalzell,illinois,61320
Dana,illinois,61321
Depue,illinois,61322
Dover,illinois,61323
Eldena,illinois,61324
Grand Ridge,illinois,61325
Granville,illinois,61326
Hennepin,illinois,61327
Kasbeer,illinois,61328
Ladd,illinois,61329
La Moille,illinois,61330
Lee Center,illinois,61331
Leonore,illinois,61332
Long Point,illinois,61333
Lostant,illinois,61334
Mc Nabb,illinois,61335
Magnolia,illinois,61336
Malden,illinois,61337
Manlius,illinois,61338
Mark,illinois,61340
Marseilles,illinois,61341
Mendota,illinois,61342
Mineral,illinois,61344
Neponset,illinois,61345
New Bedford,illinois,61346
Oglesby,illinois,61348
Ohio,illinois,61349
Ottawa,illinois,61350
Paw Paw,illinois,61353
Peru,illinois,61354
Princeton,illinois,61356
Rutland,illinois,61358
Seatonville,illinois,61359
Seneca,illinois,61360
Sheffield,illinois,61361
Spring Valley,illinois,61362
Standard,illinois,61363
Streator,illinois,61364
Sublette,illinois,61367
Tiskilwa,illinois,61368
Toluca,illinois,61369
Tonica,illinois,61370
Troy Grove,illinois,61372
Utica,illinois,61373
Van Orin,illinois,61374
Varna,illinois,61375
Walnut,illinois,61376
Wenona,illinois,61377
West Brooklyn,illinois,61378
Wyanet,illinois,61379
Galesburg,illinois,61401
Abingdon,illinois,61410
Adair,illinois,61411
Alexis,illinois,61412
Alpha,illinois,61413
Altona,illinois,61414
Avon,illinois,61415
Bardolph,illinois,61416
Berwick,illinois,61417
Biggsville,illinois,61418
Bishop Hill,illinois,61419
Blandinsville,illinois,61420
Bradford,illinois,61421
Bushnell,illinois,61422
Cameron,illinois,61423
Camp Grove,illinois,61424
Carman,illinois,61425
Castleton,illinois,61426
Cuba,illinois,61427
Dahinda,illinois,61428
East Galesburg,illinois,61430
Ellisville,illinois,61431
Fairview,illinois,61432
Fiatt,illinois,61433
Galva,illinois,61434
Gerlaw,illinois,61435
Gilson,illinois,61436
Gladstone,illinois,61437
Good Hope,illinois,61438
Henderson,illinois,61439
Industry,illinois,61440
Ipava,illinois,61441
Keithsburg,illinois,61442
Kewanee,illinois,61443
Kirkwood,illinois,61447
Knoxville,illinois,61448
La Fayette,illinois,61449
La Harpe,illinois,61450
Laura,illinois,61451
Littleton,illinois,61452
Little York,illinois,61453
Lomax,illinois,61454
Macomb,illinois,61455
Maquon,illinois,61458
Marietta,illinois,61459
Media,illinois,61460
Monmouth,illinois,61462
New Windsor,illinois,61465
North Henderson,illinois,61466
Oneida,illinois,61467
Ophiem,illinois,61468
Oquawka,illinois,61469
Prairie City,illinois,61470
Raritan,illinois,61471
Rio,illinois,61472
Roseville,illinois,61473
Saint Augustine,illinois,61474
Sciota,illinois,61475
Seaton,illinois,61476
Smithfield,illinois,61477
Smithshire,illinois,61478
Speer,illinois,61479
Stronghurst,illinois,61480
Table Grove,illinois,61482
Toulon,illinois,61483
Vermont,illinois,61484
Victoria,illinois,61485
Viola,illinois,61486
Wataga,illinois,61488
Williamsfield,illinois,61489
Woodhull,illinois,61490
Wyoming,illinois,61491
Astoria,illinois,61501
Benson,illinois,61516
Brimfield,illinois,61517
Bryant,illinois,61519
Canton,illinois,61520
Chillicothe,illinois,61523
Dunfermline,illinois,61524
Dunlap,illinois,61525
Edelstein,illinois,61526
Edwards,illinois,61528
Elmwood,illinois,61529
Eureka,illinois,61530
Farmington,illinois,61531
Forest City,illinois,61532
Glasford,illinois,61533
Green Valley,illinois,61534
Groveland,illinois,61535
Hanna City,illinois,61536
Henry,illinois,61537
Kingston Mines,illinois,61539
Lacon,illinois,61540
La Rose,illinois,61541
Lewistown,illinois,61542
Liverpool,illinois,61543
London Mills,illinois,61544
Lowpoint,illinois,61545
Manito,illinois,61546
Mapleton,illinois,61547
Metamora,illinois,61548
Morton,illinois,61550
Mossville,illinois,61552
Norris,illinois,61553
Pekin,illinois,61554
Princeville,illinois,61559
Putnam,illinois,61560
Roanoke,illinois,61561
Rome,illinois,61562
Saint David,illinois,61563
South Pekin,illinois,61564
Sparland,illinois,61565
Topeka,illinois,61567
Tremont,illinois,61568
Trivoli,illinois,61569
Washburn,illinois,61570
Washington,illinois,61571
Yates City,illinois,61572
Peoria,illinois,61602
Peoria,illinois,61603
Peoria,illinois,61604
Peoria,illinois,61605
Peoria,illinois,61606
Peoria,illinois,61607
Creve Coeur,illinois,61610
East Peoria,illinois,61611
Peoria,illinois,61614
Peoria,illinois,61615
Peoria Heights,illinois,61616
Peoria,illinois,61625
Bloomington,illinois,61701
Bloomington,illinois,61704
Bloomington,illinois,61705
Anchor,illinois,61720
Armington,illinois,61721
Arrowsmith,illinois,61722
Atlanta,illinois,61723
Bellflower,illinois,61724
Carlock,illinois,61725
Chenoa,illinois,61726
Clinton,illinois,61727
Colfax,illinois,61728
Congerville,illinois,61729
Cooksville,illinois,61730
Cropsey,illinois,61731
Danvers,illinois,61732
Deer Creek,illinois,61733
Delavan,illinois,61734
Dewitt,illinois,61735
Downs,illinois,61736
Ellsworth,illinois,61737
El Paso,illinois,61738
Fairbury,illinois,61739
Flanagan,illinois,61740
Forrest,illinois,61741
Goodfield,illinois,61742
Graymont,illinois,61743
Gridley,illinois,61744
Heyworth,illinois,61745
Hopedale,illinois,61747
Hudson,illinois,61748
Kenney,illinois,61749
Lane,illinois,61750
Lawndale,illinois,61751
Le Roy,illinois,61752
Lexington,illinois,61753
Mc Lean,illinois,61754
Mackinaw,illinois,61755
Maroa,illinois,61756
Minier,illinois,61759
Minonk,illinois,61760
Normal,illinois,61761
Pontiac,illinois,61764
Saunemin,illinois,61769
Saybrook,illinois,61770
Secor,illinois,61771
Shirley,illinois,61772
Sibley,illinois,61773
Stanford,illinois,61774
Strawn,illinois,61775
Towanda,illinois,61776
Wapella,illinois,61777
Waynesville,illinois,61778
Urbana,illinois,61801
Urbana,illinois,61802
Allerton,illinois,61810
Alvin,illinois,61811
Armstrong,illinois,61812
Bement,illinois,61813
Bismarck,illinois,61814
Bondville,illinois,61815
Broadlands,illinois,61816
Catlin,illinois,61817
Cerro Gordo,illinois,61818
Champaign,illinois,61820
Champaign,illinois,61821
Champaign,illinois,61822
Cisco,illinois,61830
Collison,illinois,61831
Danville,illinois,61832
Tilton,illinois,61833
Danville,illinois,61834
De Land,illinois,61839
Dewey,illinois,61840
Fairmount,illinois,61841
Farmer City,illinois,61842
Fisher,illinois,61843
Fithian,illinois,61844
Foosland,illinois,61845
Georgetown,illinois,61846
Gifford,illinois,61847
Henning,illinois,61848
Homer,illinois,61849
Indianola,illinois,61850
Ivesdale,illinois,61851
Longview,illinois,61852
Mahomet,illinois,61853
Mansfield,illinois,61854
Milmine,illinois,61855
Monticello,illinois,61856
Muncie,illinois,61857
Oakwood,illinois,61858
Ogden,illinois,61859
Penfield,illinois,61862
Pesotum,illinois,61863
Philo,illinois,61864
Potomac,illinois,61865
Rantoul,illinois,61866
Ridge Farm,illinois,61870
Royal,illinois,61871
Sadorus,illinois,61872
Saint Joseph,illinois,61873
Savoy,illinois,61874
Seymour,illinois,61875
Sidell,illinois,61876
Sidney,illinois,61877
Thomasboro,illinois,61878
Tolono,illinois,61880
Weldon,illinois,61882
Westville,illinois,61883
White Heath,illinois,61884
Arcola,illinois,61910
Arthur,illinois,61911
Ashmore,illinois,61912
Atwood,illinois,61913
Bethany,illinois,61914
Brocton,illinois,61917
Camargo,illinois,61919
Charleston,illinois,61920
Chrisman,illinois,61924
Dalton City,illinois,61925
Gays,illinois,61928
Hammond,illinois,61929
Hindsboro,illinois,61930
Humboldt,illinois,61931
Hume,illinois,61932
Kansas,illinois,61933
La Place,illinois,61936
Lovington,illinois,61937
Mattoon,illinois,61938
Metcalf,illinois,61940
Murdock,illinois,61941
Newman,illinois,61942
Oakland,illinois,61943
Paris,illinois,61944
Redmon,illinois,61949
Sullivan,illinois,61951
Tuscola,illinois,61953
Vermilion,illinois,61955
Villa Grove,illinois,61956
Windsor,illinois,61957
Alhambra,illinois,62001
Alton,illinois,62002
Batchtown,illinois,62006
Benld,illinois,62009
Bethalto,illinois,62010
Bingham,illinois,62011
Brighton,illinois,62012
Brussels,illinois,62013
Bunker Hill,illinois,62014
Butler,illinois,62015
Carrollton,illinois,62016
Coffeen,illinois,62017
Cottage Hills,illinois,62018
Donnellson,illinois,62019
Dorsey,illinois,62021
Dow,illinois,62022
Eagarville,illinois,62023
East Alton,illinois,62024
Edwardsville,illinois,62025
Eldred,illinois,62027
Elsah,illinois,62028
Fidelity,illinois,62030
Fieldon,illinois,62031
Fillmore,illinois,62032
Gillespie,illinois,62033
Glen Carbon,illinois,62034
Godfrey,illinois,62035
Golden Eagle,illinois,62036
Grafton,illinois,62037
Granite City,illinois,62040
Greenfield,illinois,62044
Hamburg,illinois,62045
Hamel,illinois,62046
Hardin,illinois,62047
Hartford,illinois,62048
Hillsboro,illinois,62049
Hillview,illinois,62050
Irving,illinois,62051
Jerseyville,illinois,62052
Kampsville,illinois,62053
Kane,illinois,62054
Litchfield,illinois,62056
Livingston,illinois,62058
Lovejoy,illinois,62059
Madison,illinois,62060
Marine,illinois,62061
Maryville,illinois,62062
Medora,illinois,62063
Michael,illinois,62065
Moro,illinois,62067
Mount Olive,illinois,62069
Mozier,illinois,62070
New Douglas,illinois,62074
Nokomis,illinois,62075
Ohlman,illinois,62076
Panama,illinois,62077
Patterson,illinois,62078
Piasa,illinois,62079
Ramsey,illinois,62080
Rockbridge,illinois,62081
Roodhouse,illinois,62082
Rosamond,illinois,62083
Roxana,illinois,62084
Sawyerville,illinois,62085
Sorento,illinois,62086
South Roxana,illinois,62087
Staunton,illinois,62088
Taylor Springs,illinois,62089
Venice,illinois,62090
Walshville,illinois,62091
White Hall,illinois,62092
Wilsonville,illinois,62093
Witt,illinois,62094
Wood River,illinois,62095
Worden,illinois,62097
Wrights,illinois,62098
East Saint Louis,illinois,62201
East Saint Louis,illinois,62203
East Saint Louis,illinois,62204
East Saint Louis,illinois,62205
East Saint Louis,illinois,62206
East Saint Louis,illinois,62207
Fairview Heights,illinois,62208
Addieville,illinois,62214
Albers,illinois,62215
Aviston,illinois,62216
Baldwin,illinois,62217
Bartelso,illinois,62218
Beckemeyer,illinois,62219
Belleville,illinois,62220
Belleville,illinois,62221
Belleville,illinois,62223
Scott Air Force Base,illinois,62225
Belleville,illinois,62226
Breese,illinois,62230
Carlyle,illinois,62231
Caseyville,illinois,62232
Chester,illinois,62233
Collinsville,illinois,62234
Columbia,illinois,62236
Coulterville,illinois,62237
Cutler,illinois,62238
Dupo,illinois,62239
East Carondelet,illinois,62240
Ellis Grove,illinois,62241
Evansville,illinois,62242
Freeburg,illinois,62243
Fults,illinois,62244
Germantown,illinois,62245
Greenville,illinois,62246
Hecker,illinois,62248
Highland,illinois,62249
Hoffman,illinois,62250
Keyesport,illinois,62253
Lebanon,illinois,62254
Lenzburg,illinois,62255
Marissa,illinois,62257
Mascoutah,illinois,62258
Millstadt,illinois,62260
Modoc,illinois,62261
Mulberry Grove,illinois,62262
Nashville,illinois,62263
New Athens,illinois,62264
New Baden,illinois,62265
New Memphis,illinois,62266
Oakdale,illinois,62268
O Fallon,illinois,62269
Okawville,illinois,62271
Percy,illinois,62272
Pierron,illinois,62273
Pinckneyville,illinois,62274
Pocahontas,illinois,62275
Prairie Du Rocher,illinois,62277
Red Bud,illinois,62278
Renault,illinois,62279
Rockwood,illinois,62280
Saint Jacob,illinois,62281
Saint Libory,illinois,62282
Smithboro,illinois,62284
Smithton,illinois,62285
Sparta,illinois,62286
Steeleville,illinois,62288
Summerfield,illinois,62289
Tilden,illinois,62292
Trenton,illinois,62293
Troy,illinois,62294
Valmeyer,illinois,62295
Walsh,illinois,62297
Waterloo,illinois,62298
Quincy,illinois,62301
Quincy,illinois,62305
Augusta,illinois,62311
Barry,illinois,62312
Basco,illinois,62313
Baylis,illinois,62314
Bowen,illinois,62316
Camden,illinois,62319
Camp Point,illinois,62320
Carthage,illinois,62321
Chambersburg,illinois,62323
Clayton,illinois,62324
Coatsburg,illinois,62325
Colchester,illinois,62326
Dallas City,illinois,62330
Elvaston,illinois,62334
Ferris,illinois,62336
Fowler,illinois,62338
Golden,illinois,62339
Griggsville,illinois,62340
Hamilton,illinois,62341
Hull,illinois,62343
Huntsville,illinois,62344
Kinderhook,illinois,62345
La Prairie,illinois,62346
Liberty,illinois,62347
Lima,illinois,62348
Loraine,illinois,62349
Mendon,illinois,62351
Milton,illinois,62352
Mount Sterling,illinois,62353
Nauvoo,illinois,62354
Nebo,illinois,62355
New Canton,illinois,62356
New Salem,illinois,62357
Niota,illinois,62358
Paloma,illinois,62359
Payson,illinois,62360
Pearl,illinois,62361
Perry,illinois,62362
Pittsfield,illinois,62363
Plainville,illinois,62365
Pleasant Hill,illinois,62366
Plymouth,illinois,62367
Rockport,illinois,62370
Sutter,illinois,62373
Tennessee,illinois,62374
Timewell,illinois,62375
Ursa,illinois,62376
Versailles,illinois,62378
Warsaw,illinois,62379
West Point,illinois,62380
Effingham,illinois,62401
Allendale,illinois,62410
Altamont,illinois,62411
Annapolis,illinois,62413
Beecher City,illinois,62414
Bridgeport,illinois,62417
Brownstown,illinois,62418
Calhoun,illinois,62419
Casey,illinois,62420
Claremont,illinois,62421
Cowden,illinois,62422
Dennison,illinois,62423
Dieterich,illinois,62424
Dundas,illinois,62425
Edgewood,illinois,62426
Flat Rock,illinois,62427
Greenup,illinois,62428
Herrick,illinois,62431
Hidalgo,illinois,62432
Hutsonville,illinois,62433
Ingraham,illinois,62434
Jewett,illinois,62436
Lakewood,illinois,62438
Lawrenceville,illinois,62439
Lerna,illinois,62440
Marshall,illinois,62441
Martinsville,illinois,62442
Mason,illinois,62443
Mode,illinois,62444
Montrose,illinois,62445
Mount Erie,illinois,62446
Neoga,illinois,62447
Newton,illinois,62448
Oblong,illinois,62449
Olney,illinois,62450
Palestine,illinois,62451
Parkersburg,illinois,62452
Robinson,illinois,62454
Saint Elmo,illinois,62458
Sainte Marie,illinois,62459
Saint Francisville,illinois,62460
Shumway,illinois,62461
Sigel,illinois,62462
Stewardson,illinois,62463
Strasburg,illinois,62465
Sumner,illinois,62466
Teutopolis,illinois,62467
Toledo,illinois,62468
Trilla,illinois,62469
Vandalia,illinois,62471
Watson,illinois,62473
Westfield,illinois,62474
West Liberty,illinois,62475
West Salem,illinois,62476
West Union,illinois,62477
West York,illinois,62478
Wheeler,illinois,62479
Willow Hill,illinois,62480
Yale,illinois,62481
Argenta,illinois,62501
Assumption,illinois,62510
Beason,illinois,62512
Blue Mound,illinois,62513
Boody,illinois,62514
Buffalo,illinois,62515
Bulpitt,illinois,62517
Chestnut,illinois,62518
Cornland,illinois,62519
Dawson,illinois,62520
Decatur,illinois,62521
Decatur,illinois,62522
Decatur,illinois,62523
Decatur,illinois,62526
Divernon,illinois,62530
Edinburg,illinois,62531
Elwin,illinois,62532
Farmersville,illinois,62533
Findlay,illinois,62534
Forsyth,illinois,62535
Glenarm,illinois,62536
Harristown,illinois,62537
Harvel,illinois,62538
Illiopolis,illinois,62539
Kincaid,illinois,62540
Lake Fork,illinois,62541
Latham,illinois,62543
Macon,illinois,62544
Mechanicsburg,illinois,62545
Morrisonville,illinois,62546
Mount Auburn,illinois,62547
Mount Pulaski,illinois,62548
Mt Zion,illinois,62549
Moweaqua,illinois,62550
Niantic,illinois,62551
Oconee,illinois,62553
Oreana,illinois,62554
Owaneco,illinois,62555
Palmer,illinois,62556
Pana,illinois,62557
Pawnee,illinois,62558
Raymond,illinois,62560
Riverton,illinois,62561
Rochester,illinois,62563
Shelbyville,illinois,62565
Stonington,illinois,62567
Taylorville,illinois,62568
Tovey,illinois,62570
Tower Hill,illinois,62571
Waggoner,illinois,62572
Warrensburg,illinois,62573
Alexander,illinois,62601
Alsey,illinois,62610
Arenzville,illinois,62611
Ashland,illinois,62612
Athens,illinois,62613
Auburn,illinois,62615
Bath,illinois,62617
Beardstown,illinois,62618
Bluffs,illinois,62621
Bluff Springs,illinois,62622
Browning,illinois,62624
Cantrall,illinois,62625
Carlinville,illinois,62626
Chandlerville,illinois,62627
Chapin,illinois,62628
Chatham,illinois,62629
Chesterfield,illinois,62630
Concord,illinois,62631
Easton,illinois,62633
Elkhart,illinois,62634
Emden,illinois,62635
Franklin,illinois,62638
Frederick,illinois,62639
Girard,illinois,62640
Greenview,illinois,62642
Hartsburg,illinois,62643
Havana,illinois,62644
Hettick,illinois,62649
Jacksonville,illinois,62650
Kilbourne,illinois,62655
Lincoln,illinois,62656
Loami,illinois,62661
Manchester,illinois,62663
Mason City,illinois,62664
Meredosia,illinois,62665
Middletown,illinois,62666
Modesto,illinois,62667
Murrayville,illinois,62668
New Berlin,illinois,62670
New Holland,illinois,62671
Nilwood,illinois,62672
Oakford,illinois,62673
Palmyra,illinois,62674
Petersburg,illinois,62675
Pleasant Plains,illinois,62677
Rushville,illinois,62681
San Jose,illinois,62682
Sherman,illinois,62684
Shipman,illinois,62685
Tallula,illinois,62688
Thayer,illinois,62689
Virden,illinois,62690
Virginia,illinois,62691
Waverly,illinois,62692
Williamsville,illinois,62693
Winchester,illinois,62694
Woodson,illinois,62695
Springfield,illinois,62701
Springfield,illinois,62702
Springfield,illinois,62703
Springfield,illinois,62704
Springfield,illinois,62707
Springfield,illinois,62711
Springfield,illinois,62712
Centralia,illinois,62801
Hoyleton,illinois,62803
Albion,illinois,62806
Alma,illinois,62807
Ashley,illinois,62808
Barnhill,illinois,62809
Belle Rive,illinois,62810
Bellmont,illinois,62811
Benton,illinois,62812
Bluford,illinois,62814
Bone Gap,illinois,62815
Bonnie,illinois,62816
Broughton,illinois,62817
Browns,illinois,62818
Buckner,illinois,62819
Burnt Prairie,illinois,62820
Carmi,illinois,62821
Christopher,illinois,62822
Cisne,illinois,62823
Clay City,illinois,62824
Coello,illinois,62825
Crossville,illinois,62827
Dahlgren,illinois,62828
Dale,illinois,62829
Dix,illinois,62830
Du Bois,illinois,62831
Du Quoin,illinois,62832
Ellery,illinois,62833
Enfield,illinois,62835
Ewing,illinois,62836
Fairfield,illinois,62837
Farina,illinois,62838
Flora,illinois,62839
Freeman Spur,illinois,62841
Geff,illinois,62842
Golden Gate,illinois,62843
Grayville,illinois,62844
Ina,illinois,62846
Irvington,illinois,62848
Iuka,illinois,62849
Johnsonville,illinois,62850
Keenes,illinois,62851
Keensburg,illinois,62852
Kell,illinois,62853
Kinmundy,illinois,62854
Logan,illinois,62856
Louisville,illinois,62858
Mc Leansboro,illinois,62859
Macedonia,illinois,62860
Maunie,illinois,62861
Mill Shoals,illinois,62862
Mount Carmel,illinois,62863
Mount Vernon,illinois,62864
Mulkeytown,illinois,62865
New Haven,illinois,62867
Noble,illinois,62868
Norris City,illinois,62869
Odin,illinois,62870
Omaha,illinois,62871
Opdyke,illinois,62872
Orient,illinois,62874
Patoka,illinois,62875
Radom,illinois,62876
Richview,illinois,62877
Rinard,illinois,62878
Sailor Springs,illinois,62879
Saint Peter,illinois,62880
Salem,illinois,62881
Sandoval,illinois,62882
Scheller,illinois,62883
Sesser,illinois,62884
Shobonier,illinois,62885
Sims,illinois,62886
Springerton,illinois,62887
Tamaroa,illinois,62888
Texico,illinois,62889
Thompsonville,illinois,62890
Valier,illinois,62891
Vernon,illinois,62892
Walnut Hill,illinois,62893
Waltonville,illinois,62894
Wayne City,illinois,62895
West Frankfort,illinois,62896
Whittington,illinois,62897
Woodlawn,illinois,62898
Xenia,illinois,62899
Carbondale,illinois,62901
Carbondale,illinois,62902
Carbondale,illinois,62903
Alto Pass,illinois,62905
Anna,illinois,62906
Ava,illinois,62907
Belknap,illinois,62908
Brookport,illinois,62910
Buncombe,illinois,62912
Cairo,illinois,62914
Cambria,illinois,62915
Campbell Hill,illinois,62916
Carrier Mills,illinois,62917
Carterville,illinois,62918
Cave In Rock,illinois,62919
Cobden,illinois,62920
Colp,illinois,62921
Creal Springs,illinois,62922
Cypress,illinois,62923
De Soto,illinois,62924
Dongola,illinois,62926
Dowell,illinois,62927
Eddyville,illinois,62928
Eldorado,illinois,62930
Elizabethtown,illinois,62931
Elkville,illinois,62932
Energy,illinois,62933
Equality,illinois,62934
Galatia,illinois,62935
Golconda,illinois,62938
Goreville,illinois,62939
Gorham,illinois,62940
Grand Chain,illinois,62941
Grand Tower,illinois,62942
Grantsburg,illinois,62943
Harrisburg,illinois,62946
Herod,illinois,62947
Herrin,illinois,62948
Hurst,illinois,62949
Jacob,illinois,62950
Johnston City,illinois,62951
Jonesboro,illinois,62952
Joppa,illinois,62953
Junction,illinois,62954
Karnak,illinois,62956
Mc Clure,illinois,62957
Makanda,illinois,62958
Marion,illinois,62959
Metropolis,illinois,62960
Millcreek,illinois,62961
Miller City,illinois,62962
Mound City,illinois,62963
Mounds,illinois,62964
Muddy,illinois,62965
Murphysboro,illinois,62966
New Burnside,illinois,62967
Olive Branch,illinois,62969
Olmsted,illinois,62970
Ozark,illinois,62972
Pittsburg,illinois,62974
Pomona,illinois,62975
Pulaski,illinois,62976
Raleigh,illinois,62977
Ridgway,illinois,62979
Rosiclare,illinois,62982
Royalton,illinois,62983
Shawneetown,illinois,62984
Simpson,illinois,62985
Stonefort,illinois,62987
Tamms,illinois,62988
Thebes,illinois,62990
Ullin,illinois,62992
Vergennes,illinois,62994
Vienna,illinois,62995
Villa Ridge,illinois,62996
Willisville,illinois,62997
Wolf Lake,illinois,62998
Zeigler,illinois,62999
Chesterfield,missouri,63005
Arnold,missouri,63010
Ballwin,missouri,63011
Barnhart,missouri,63012
Beaufort,missouri,63013
Berger,missouri,63014
Catawissa,missouri,63015
Cedar Hill,missouri,63016
Chesterfield,missouri,63017
Crystal City,missouri,63019
De Soto,missouri,63020
Ballwin,missouri,63021
Dittmer,missouri,63023
Eureka,missouri,63025
Fenton,missouri,63026
Festus,missouri,63028
Fletcher,missouri,63030
Florissant,missouri,63031
Florissant,missouri,63033
Florissant,missouri,63034
French Village,missouri,63036
Gerald,missouri,63037
Wildwood,missouri,63038
Gray Summit,missouri,63039
Wildwood,missouri,63040
Grubville,missouri,63041
Hazelwood,missouri,63042
Maryland Heights,missouri,63043
Bridgeton,missouri,63044
Earth City,missouri,63045
Hematite,missouri,63047
Herculaneum,missouri,63048
High Ridge,missouri,63049
Hillsboro,missouri,63050
House Springs,missouri,63051
Imperial,missouri,63052
Kimmswick,missouri,63053
Labadie,missouri,63055
Leslie,missouri,63056
Liguori,missouri,63057
Lonedell,missouri,63060
Luebbering,missouri,63061
New Haven,missouri,63068
Pacific,missouri,63069
Pevely,missouri,63070
Richwoods,missouri,63071
Robertsville,missouri,63072
Saint Albans,missouri,63073
Saint Ann,missouri,63074
Saint Clair,missouri,63077
Stanton,missouri,63079
Sullivan,missouri,63080
Union,missouri,63084
Valles Mines,missouri,63087
Valley Park,missouri,63088
Villa Ridge,missouri,63089
Washington,missouri,63090
Rosebud,missouri,63091
Saint Louis,missouri,63101
Saint Louis,missouri,63102
Saint Louis,missouri,63103
Saint Louis,missouri,63104
Saint Louis,missouri,63105
Saint Louis,missouri,63106
Saint Louis,missouri,63107
Saint Louis,missouri,63108
Saint Louis,missouri,63109
Saint Louis,missouri,63110
Saint Louis,missouri,63111
Saint Louis,missouri,63112
Saint Louis,missouri,63113
Saint Louis,missouri,63114
Saint Louis,missouri,63115
Saint Louis,missouri,63116
Saint Louis,missouri,63117
Saint Louis,missouri,63118
Saint Louis,missouri,63119
Saint Louis,missouri,63120
Saint Louis,missouri,63121
Saint Louis,missouri,63122
Saint Louis,missouri,63123
Saint Louis,missouri,63124
Saint Louis,missouri,63125
Saint Louis,missouri,63126
Saint Louis,missouri,63127
Saint Louis,missouri,63128
Saint Louis,missouri,63129
Saint Louis,missouri,63130
Saint Louis,missouri,63131
Saint Louis,missouri,63132
Saint Louis,missouri,63133
Saint Louis,missouri,63134
Saint Louis,missouri,63135
Saint Louis,missouri,63136
Saint Louis,missouri,63137
Saint Louis,missouri,63138
Saint Louis,missouri,63139
Saint Louis,missouri,63140
Saint Louis,missouri,63141
Saint Louis,missouri,63143
Saint Louis,missouri,63144
Saint Louis,missouri,63146
Saint Louis,missouri,63147
Saint Louis,missouri,63155
Saint Charles,missouri,63301
Saint Charles,missouri,63303
Saint Charles,missouri,63304
Annada,missouri,63330
Augusta,missouri,63332
Bellflower,missouri,63333
Bowling Green,missouri,63334
Clarksville,missouri,63336
Curryville,missouri,63339
Defiance,missouri,63341
Elsberry,missouri,63343
Eolia,missouri,63344
Farber,missouri,63345
Foley,missouri,63347
Foristell,missouri,63348
Hawk Point,missouri,63349
High Hill,missouri,63350
Jonesburg,missouri,63351
Laddonia,missouri,63352
Louisiana,missouri,63353
Marthasville,missouri,63357
Middletown,missouri,63359
Montgomery City,missouri,63361
Moscow Mills,missouri,63362
New Florence,missouri,63363
O Fallon,missouri,63366
Lake Saint Louis,missouri,63367
O Fallon,missouri,63368
Old Monroe,missouri,63369
Olney,missouri,63370
Portage Des Sioux,missouri,63373
Saint Peters,missouri,63376
Silex,missouri,63377
Troy,missouri,63379
Truxton,missouri,63381
Vandalia,missouri,63382
Warrenton,missouri,63383
Wellsville,missouri,63384
Wentzville,missouri,63385
West Alton,missouri,63386
Whiteside,missouri,63387
Williamsburg,missouri,63388
Winfield,missouri,63389
Wright City,missouri,63390
Hannibal,missouri,63401
Alexandria,missouri,63430
Anabel,missouri,63431
Arbela,missouri,63432
Ashburn,missouri,63433
Bethel,missouri,63434
Canton,missouri,63435
Center,missouri,63436
Clarence,missouri,63437
Durham,missouri,63438
Emden,missouri,63439
Ewing,missouri,63440
Frankford,missouri,63441
Hunnewell,missouri,63443
Kahoka,missouri,63445
Knox City,missouri,63446
La Belle,missouri,63447
La Grange,missouri,63448
Lentner,missouri,63450
Leonard,missouri,63451
Lewistown,missouri,63452
Luray,missouri,63453
Maywood,missouri,63454
Monroe City,missouri,63456
Monticello,missouri,63457
Newark,missouri,63458
New London,missouri,63459
Novelty,missouri,63460
Palmyra,missouri,63461
Perry,missouri,63462
Philadelphia,missouri,63463
Revere,missouri,63465
Saverton,missouri,63467
Shelbina,missouri,63468
Shelbyville,missouri,63469
Taylor,missouri,63471
Wayland,missouri,63472
Williamstown,missouri,63473
Wyaconda,missouri,63474
Kirksville,missouri,63501
Atlanta,missouri,63530
Baring,missouri,63531
Bevier,missouri,63532
Brashear,missouri,63533
Callao,missouri,63534
Coatsville,missouri,63535
Downing,missouri,63536
Edina,missouri,63537
Elmer,missouri,63538
Ethel,missouri,63539
Gibbs,missouri,63540
Glenwood,missouri,63541
Gorin,missouri,63543
Green Castle,missouri,63544
Green City,missouri,63545
Greentop,missouri,63546
Hurdland,missouri,63547
Lancaster,missouri,63548
La Plata,missouri,63549
Livonia,missouri,63551
Macon,missouri,63552
Memphis,missouri,63555
Milan,missouri,63556
New Boston,missouri,63557
New Cambria,missouri,63558
Novinger,missouri,63559
Pollock,missouri,63560
Queen City,missouri,63561
Rutledge,missouri,63563
Unionville,missouri,63565
Winigan,missouri,63566
Worthington,missouri,63567
Park Hills,missouri,63601
Annapolis,missouri,63620
Arcadia,missouri,63621
Belgrade,missouri,63622
Belleview,missouri,63623
Bismarck,missouri,63624
Black,missouri,63625
Blackwell,missouri,63626
Bloomsdale,missouri,63627
Bonne Terre,missouri,63628
Bunker,missouri,63629
Cadet,missouri,63630
Caledonia,missouri,63631
Centerville,missouri,63633
Des Arc,missouri,63636
Doe Run,missouri,63637
Ellington,missouri,63638
Farmington,missouri,63640
Fredericktown,missouri,63645
Irondale,missouri,63648
Ironton,missouri,63650
Leadwood,missouri,63653
Lesterville,missouri,63654
Marquand,missouri,63655
Middle Brook,missouri,63656
Mineral Point,missouri,63660
Patton,missouri,63662
Pilot Knob,missouri,63663
Potosi,missouri,63664
Redford,missouri,63665
Reynolds,missouri,63666
Sainte Genevieve,missouri,63670
Saint Mary,missouri,63673
Tiff,missouri,63674
Vulcan,missouri,63675
Cape Girardeau,missouri,63701
Cape Girardeau,missouri,63703
Advance,missouri,63730
Altenburg,missouri,63732
Bell City,missouri,63735
Benton,missouri,63736
Brownwood,missouri,63738
Burfordville,missouri,63739
Chaffee,missouri,63740
Commerce,missouri,63742
Daisy,missouri,63743
Delta,missouri,63744
Dutchtown,missouri,63745
Farrar,missouri,63746
Friedheim,missouri,63747
Frohna,missouri,63748
Gipsy,missouri,63750
Glenallen,missouri,63751
Jackson,missouri,63755
Kelso,missouri,63758
Leopold,missouri,63760
Mc Gee,missouri,63763
Marble Hill,missouri,63764
Millersville,missouri,63766
Morley,missouri,63767
Oak Ridge,missouri,63769
Old Appleton,missouri,63770
Oran,missouri,63771
Perkins,missouri,63774
Perryville,missouri,63775
Scott City,missouri,63780
Sedgewickville,missouri,63781
Sturdivant,missouri,63782
Uniontown,missouri,63783
Vanduser,missouri,63784
Whitewater,missouri,63785
Zalma,missouri,63787
Sikeston,missouri,63801
Anniston,missouri,63820
Arbyrd,missouri,63821
Bernie,missouri,63822
Bertrand,missouri,63823
Blodgett,missouri,63824
Bloomfield,missouri,63825
Braggadocio,missouri,63826
Bragg City,missouri,63827
Canalou,missouri,63828
Cardwell,missouri,63829
Caruthersville,missouri,63830
Catron,missouri,63833
Charleston,missouri,63834
Clarkton,missouri,63837
Cooter,missouri,63839
Dexter,missouri,63841
East Prairie,missouri,63845
Essex,missouri,63846
Gibson,missouri,63847
Gideon,missouri,63848
Gobler,missouri,63849
Hayti,missouri,63851
Holcomb,missouri,63852
Holland,missouri,63853
Hornersville,missouri,63855
Kennett,missouri,63857
Kewanee,missouri,63860
Lilbourn,missouri,63862
Malden,missouri,63863
Marston,missouri,63866
Matthews,missouri,63867
Morehouse,missouri,63868
New Madrid,missouri,63869
Parma,missouri,63870
Portageville,missouri,63873
Risco,missouri,63874
Senath,missouri,63876
Steele,missouri,63877
Tallapoosa,missouri,63878
Wardell,missouri,63879
Whiteoak,missouri,63880
Wyatt,missouri,63882
Poplar Bluff,missouri,63901
Poplar Bluff,missouri,63902
Broseley,missouri,63932
Campbell,missouri,63933
Clubb,missouri,63934
Doniphan,missouri,63935
Dudley,missouri,63936
Ellsinore,missouri,63937
Fairdealing,missouri,63939
Fisk,missouri,63940
Fremont,missouri,63941
Gatewood,missouri,63942
Grandin,missouri,63943
Greenville,missouri,63944
Harviell,missouri,63945
Lowndes,missouri,63951
Mill Spring,missouri,63952
Naylor,missouri,63953
Neelyville,missouri,63954
Oxly,missouri,63955
Patterson,missouri,63956
Piedmont,missouri,63957
Puxico,missouri,63960
Qulin,missouri,63961
Rombauer,missouri,63962
Silva,missouri,63964
Van Buren,missouri,63965
Wappapello,missouri,63966
Williamsville,missouri,63967
Alma,missouri,64001
Bates City,missouri,64011
Belton,missouri,64012
Blue Springs,missouri,64014
Blue Springs,missouri,64015
Buckner,missouri,64016
Camden,missouri,64017
Camden Point,missouri,64018
Centerview,missouri,64019
Concordia,missouri,64020
Corder,missouri,64021
Dover,missouri,64022
Excelsior Springs,missouri,64024
Grain Valley,missouri,64029
Grandview,missouri,64030
Greenwood,missouri,64034
Hardin,missouri,64035
Henrietta,missouri,64036
Higginsville,missouri,64037
Holden,missouri,64040
Holt,missouri,64048
Independence,missouri,64050
Independence,missouri,64052
Independence,missouri,64053
Independence,missouri,64054
Independence,missouri,64055
Independence,missouri,64056
Independence,missouri,64057
Independence,missouri,64058
Kearney,missouri,64060
Kingsville,missouri,64061
Lawson,missouri,64062
Lees Summit,missouri,64063
Lees Summit,missouri,64064
Lees Summit,missouri,64065
Levasy,missouri,64066
Lexington,missouri,64067
Liberty,missouri,64068
Lone Jack,missouri,64070
Mayview,missouri,64071
Missouri City,missouri,64072
Napoleon,missouri,64074
Oak Grove,missouri,64075
Odessa,missouri,64076
Orrick,missouri,64077
Peculiar,missouri,64078
Platte City,missouri,64079
Pleasant Hill,missouri,64080
Lees Summit,missouri,64081
Lees Summit,missouri,64082
Raymore,missouri,64083
Rayville,missouri,64084
Richmond,missouri,64085
Lees Summit,missouri,64086
Sibley,missouri,64088
Smithville,missouri,64089
Strasburg,missouri,64090
Waldron,missouri,64092
Warrensburg,missouri,64093
Waverly,missouri,64096
Wellington,missouri,64097
Weston,missouri,64098
Kansas City,missouri,64101
Kansas City,missouri,64102
Kansas City,missouri,64105
Kansas City,missouri,64106
Kansas City,missouri,64108
Kansas City,missouri,64109
Kansas City,missouri,64110
Kansas City,missouri,64111
Kansas City,missouri,64112
Kansas City,missouri,64113
Kansas City,missouri,64114
Kansas City,missouri,64116
Kansas City,missouri,64117
Kansas City,missouri,64118
Kansas City,missouri,64119
Kansas City,missouri,64120
Kansas City,missouri,64123
Kansas City,missouri,64124
Kansas City,missouri,64125
Kansas City,missouri,64126
Kansas City,missouri,64127
Kansas City,missouri,64128
Kansas City,missouri,64129
Kansas City,missouri,64130
Kansas City,missouri,64131
Kansas City,missouri,64132
Kansas City,missouri,64133
Kansas City,missouri,64134
Kansas City,missouri,64136
Kansas City,missouri,64137
Kansas City,missouri,64138
Kansas City,missouri,64139
Kansas City,missouri,64145
Kansas City,missouri,64146
Kansas City,missouri,64147
Kansas City,missouri,64149
Riverside,missouri,64150
Kansas City,missouri,64151
Kansas City,missouri,64152
Kansas City,missouri,64153
Kansas City,missouri,64154
Kansas City,missouri,64155
Kansas City,missouri,64156
Kansas City,missouri,64157
Kansas City,missouri,64158
Kansas City,missouri,64161
Kansas City,missouri,64163
Kansas City,missouri,64164
Kansas City,missouri,64165
Kansas City,missouri,64166
Kansas City,missouri,64167
Agency,missouri,64401
Albany,missouri,64402
Allendale,missouri,64420
Amazonia,missouri,64421
Amity,missouri,64422
Barnard,missouri,64423
Bethany,missouri,64424
Blythedale,missouri,64426
Bolckow,missouri,64427
Burlington Junction,missouri,64428
Cameron,missouri,64429
Clarksdale,missouri,64430
Clearmont,missouri,64431
Clyde,missouri,64432
Conception,missouri,64433
Conception Junction,missouri,64434
Cosby,missouri,64436
Craig,missouri,64437
Darlington,missouri,64438
Dearborn,missouri,64439
De Kalb,missouri,64440
Denver,missouri,64441
Eagleville,missouri,64442
Easton,missouri,64443
Edgerton,missouri,64444
Elmo,missouri,64445
Fairfax,missouri,64446
Faucett,missouri,64448
Fillmore,missouri,64449
Forest City,missouri,64451
Gentry,missouri,64453
Gower,missouri,64454
Graham,missouri,64455
Grant City,missouri,64456
Guilford,missouri,64457
Hatfield,missouri,64458
Helena,missouri,64459
Hopkins,missouri,64461
King City,missouri,64463
Lathrop,missouri,64465
Maitland,missouri,64466
Martinsville,missouri,64467
Maryville,missouri,64468
Maysville,missouri,64469
Mound City,missouri,64470
New Hampton,missouri,64471
Oregon,missouri,64473
Osborn,missouri,64474
Parnell,missouri,64475
Pickering,missouri,64476
Plattsburg,missouri,64477
Ravenwood,missouri,64479
Rea,missouri,64480
Ridgeway,missouri,64481
Rock Port,missouri,64482
Rosendale,missouri,64483
Rushville,missouri,64484
Savannah,missouri,64485
Sheridan,missouri,64486
Skidmore,missouri,64487
Stanberry,missouri,64489
Stewartsville,missouri,64490
Tarkio,missouri,64491
Trimble,missouri,64492
Turney,missouri,64493
Union Star,missouri,64494
Watson,missouri,64496
Weatherby,missouri,64497
Westboro,missouri,64498
Worth,missouri,64499
Saint Joseph,missouri,64501
Saint Joseph,missouri,64503
Saint Joseph,missouri,64504
Saint Joseph,missouri,64505
Saint Joseph,missouri,64506
Saint Joseph,missouri,64507
Chillicothe,missouri,64601
Altamont,missouri,64620
Bogard,missouri,64622
Bosworth,missouri,64623
Braymer,missouri,64624
Breckenridge,missouri,64625
Brookfield,missouri,64628
Browning,missouri,64630
Bucklin,missouri,64631
Cainsville,missouri,64632
Carrollton,missouri,64633
Chula,missouri,64635
Coffey,missouri,64636
Cowgill,missouri,64637
Dawn,missouri,64638
De Witt,missouri,64639
Gallatin,missouri,64640
Galt,missouri,64641
Gilman City,missouri,64642
Hale,missouri,64643
Hamilton,missouri,64644
Harris,missouri,64645
Humphreys,missouri,64646
Jameson,missouri,64647
Jamesport,missouri,64648
Kidder,missouri,64649
Kingston,missouri,64650
Laclede,missouri,64651
Laredo,missouri,64652
Linneus,missouri,64653
Lock Springs,missouri,64654
Lucerne,missouri,64655
Ludlow,missouri,64656
Mc Fall,missouri,64657
Marceline,missouri,64658
Meadville,missouri,64659
Mendon,missouri,64660
Mercer,missouri,64661
Mooresville,missouri,64664
Newtown,missouri,64667
Norborne,missouri,64668
Pattonsburg,missouri,64670
Polo,missouri,64671
Powersville,missouri,64672
Princeton,missouri,64673
Purdin,missouri,64674
Rothville,missouri,64676
Spickard,missouri,64679
Sumner,missouri,64681
Tina,missouri,64682
Trenton,missouri,64683
Utica,missouri,64686
Wheeling,missouri,64688
Winston,missouri,64689
Harrisonville,missouri,64701
Adrian,missouri,64720
Amoret,missouri,64722
Amsterdam,missouri,64723
Appleton City,missouri,64724
Archie,missouri,64725
Blairstown,missouri,64726
Bronaugh,missouri,64728
Butler,missouri,64730
Chilhowee,missouri,64733
Cleveland,missouri,64734
Clinton,missouri,64735
Collins,missouri,64738
Creighton,missouri,64739
Deepwater,missouri,64740
Deerfield,missouri,64741
Drexel,missouri,64742
East Lynne,missouri,64743
El Dorado Springs,missouri,64744
Foster,missouri,64745
Freeman,missouri,64746
Garden City,missouri,64747
Golden City,missouri,64748
Harwood,missouri,64750
Hume,missouri,64752
Jasper,missouri,64755
Jerico Springs,missouri,64756
Lamar,missouri,64759
Leeton,missouri,64761
Liberal,missouri,64762
Lowry City,missouri,64763
Metz,missouri,64765
Milo,missouri,64767
Mindenmines,missouri,64769
Montrose,missouri,64770
Moundville,missouri,64771
Nevada,missouri,64772
Osceola,missouri,64776
Richards,missouri,64778
Rich Hill,missouri,64779
Rockville,missouri,64780
Roscoe,missouri,64781
Schell City,missouri,64783
Sheldon,missouri,64784
Urich,missouri,64788
Walker,missouri,64790
Joplin,missouri,64801
Joplin,missouri,64804
Alba,missouri,64830
Anderson,missouri,64831
Asbury,missouri,64832
Avilla,missouri,64833
Carl Junction,missouri,64834
Carterville,missouri,64835
Carthage,missouri,64836
Diamond,missouri,64840
Duenweg,missouri,64841
Fairview,missouri,64842
Goodman,missouri,64843
Granby,missouri,64844
Lanagan,missouri,64847
La Russell,missouri,64848
Neck City,missouri,64849
Neosho,missouri,64850
Noel,missouri,64854
Oronogo,missouri,64855
Pineville,missouri,64856
Purcell,missouri,64857
Racine,missouri,64858
Reeds,missouri,64859
Rocky Comfort,missouri,64861
Sarcoxie,missouri,64862
South West City,missouri,64863
Seneca,missouri,64865
Stark City,missouri,64866
Stella,missouri,64867
Webb City,missouri,64870
Wentworth,missouri,64873
Wheaton,missouri,64874
Argyle,missouri,65001
Ashland,missouri,65010
Barnett,missouri,65011
Belle,missouri,65013
Bland,missouri,65014
Bonnots Mill,missouri,65016
Brumley,missouri,65017
California,missouri,65018
Camdenton,missouri,65020
Centertown,missouri,65023
Chamois,missouri,65024
Clarksburg,missouri,65025
Eldon,missouri,65026
Eugene,missouri,65032
Fortuna,missouri,65034
Freeburg,missouri,65035
Gravois Mills,missouri,65037
Hartsburg,missouri,65039
Henley,missouri,65040
Hermann,missouri,65041
Holts Summit,missouri,65043
Jamestown,missouri,65046
Kaiser,missouri,65047
Koeltztown,missouri,65048
Lake Ozark,missouri,65049
Latham,missouri,65050
Linn,missouri,65051
Linn Creek,missouri,65052
Lohman,missouri,65053
Loose Creek,missouri,65054
Meta,missouri,65058
Mokane,missouri,65059
Morrison,missouri,65061
Mount Sterling,missouri,65062
New Bloomfield,missouri,65063
Olean,missouri,65064
Osage Beach,missouri,65065
Owensville,missouri,65066
Portland,missouri,65067
Prairie Home,missouri,65068
Rhineland,missouri,65069
Rocky Mount,missouri,65072
Russellville,missouri,65074
Saint Elizabeth,missouri,65075
Saint Thomas,missouri,65076
Steedman,missouri,65077
Stover,missouri,65078
Sunrise Beach,missouri,65079
Tebbetts,missouri,65080
Tipton,missouri,65081
Tuscumbia,missouri,65082
Ulman,missouri,65083
Versailles,missouri,65084
Westphalia,missouri,65085
Jefferson City,missouri,65101
Jefferson City,missouri,65109
Columbia,missouri,65201
Columbia,missouri,65202
Columbia,missouri,65203
Columbia,missouri,65215
Armstrong,missouri,65230
Auxvasse,missouri,65231
Benton City,missouri,65232
Boonville,missouri,65233
Brunswick,missouri,65236
Bunceton,missouri,65237
Cairo,missouri,65239
Centralia,missouri,65240
Clark,missouri,65243
Clifton Hill,missouri,65244
Dalton,missouri,65246
Excello,missouri,65247
Fayette,missouri,65248
Franklin,missouri,65250
Fulton,missouri,65251
Glasgow,missouri,65254
Hallsville,missouri,65255
Harrisburg,missouri,65256
Higbee,missouri,65257
Holliday,missouri,65258
Huntsville,missouri,65259
Jacksonville,missouri,65260
Keytesville,missouri,65261
Kingdom City,missouri,65262
Madison,missouri,65263
Martinsburg,missouri,65264
Mexico,missouri,65265
Moberly,missouri,65270
New Franklin,missouri,65274
Paris,missouri,65275
Pilot Grove,missouri,65276
Renick,missouri,65278
Rocheport,missouri,65279
Rush Hill,missouri,65280
Salisbury,missouri,65281
Santa Fe,missouri,65282
Stoutsville,missouri,65283
Sturgeon,missouri,65284
Thompson,missouri,65285
Triplett,missouri,65286
Wooldridge,missouri,65287
Sedalia,missouri,65301
Whiteman Air Force Base,missouri,65305
Arrow Rock,missouri,65320
Blackburn,missouri,65321
Blackwater,missouri,65322
Calhoun,missouri,65323
Climax Springs,missouri,65324
Cole Camp,missouri,65325
Edwards,missouri,65326
Emma,missouri,65327
Florence,missouri,65329
Gilliam,missouri,65330
Green Ridge,missouri,65332
Houstonia,missouri,65333
Hughesville,missouri,65334
Ionia,missouri,65335
Knob Noster,missouri,65336
La Monte,missouri,65337
Lincoln,missouri,65338
Malta Bend,missouri,65339
Marshall,missouri,65340
Miami,missouri,65344
Mora,missouri,65345
Nelson,missouri,65347
Otterville,missouri,65348
Slater,missouri,65349
Smithton,missouri,65350
Sweet Springs,missouri,65351
Syracuse,missouri,65354
Warsaw,missouri,65355
Windsor,missouri,65360
Rolla,missouri,65401
Beulah,missouri,65436
Birch Tree,missouri,65438
Bixby,missouri,65439
Boss,missouri,65440
Bourbon,missouri,65441
Brinktown,missouri,65443
Bucyrus,missouri,65444
Cherryville,missouri,65446
Cook Sta,missouri,65449
Crocker,missouri,65452
Cuba,missouri,65453
Davisville,missouri,65456
Devils Elbow,missouri,65457
Dixon,missouri,65459
Duke,missouri,65461
Edgar Springs,missouri,65462
Eldridge,missouri,65463
Elk Creek,missouri,65464
Eminence,missouri,65466
Eunice,missouri,65468
Falcon,missouri,65470
Fort Leonard Wood,missouri,65473
Hartshorn,missouri,65479
Houston,missouri,65483
Huggins,missouri,65484
Iberia,missouri,65486
Jadwin,missouri,65501
Jerome,missouri,65529
Laquey,missouri,65534
Leasburg,missouri,65535
Lebanon,missouri,65536
Lenox,missouri,65541
Licking,missouri,65542
Lynchburg,missouri,65543
Mountain View,missouri,65548
Newburg,missouri,65550
Plato,missouri,65552
Raymondville,missouri,65555
Richland,missouri,65556
Roby,missouri,65557
Saint James,missouri,65559
Salem,missouri,65560
Solo,missouri,65564
Steelville,missouri,65565
Viburnum,missouri,65566
Stoutland,missouri,65567
Success,missouri,65570
Summersville,missouri,65571
Vichy,missouri,65580
Vienna,missouri,65582
Waynesville,missouri,65583
Saint Robert,missouri,65584
Wesco,missouri,65586
Winona,missouri,65588
Yukon,missouri,65589
Long Lane,missouri,65590
Montreal,missouri,65591
Aldrich,missouri,65601
Arcola,missouri,65603
Ash Grove,missouri,65604
Aurora,missouri,65605
Alton,missouri,65606
Ava,missouri,65608
Bakersfield,missouri,65609
Billings,missouri,65610
Blue Eye,missouri,65611
Bois D Arc,missouri,65612
Bolivar,missouri,65613
Bradleyville,missouri,65614
Branson,missouri,65616
Brighton,missouri,65617
Brixey,missouri,65618
Brookline,missouri,65619
Bruner,missouri,65620
Buffalo,missouri,65622
Butterfield,missouri,65623
Cape Fair,missouri,65624
Cassville,missouri,65625
Caulfield,missouri,65626
Cedarcreek,missouri,65627
Chadwick,missouri,65629
Chestnutridge,missouri,65630
Clever,missouri,65631
Conway,missouri,65632
Crane,missouri,65633
Cross Timbers,missouri,65634
Dadeville,missouri,65635
Dora,missouri,65637
Drury,missouri,65638
Dunnegan,missouri,65640
Eagle Rock,missouri,65641
Elkland,missouri,65644
Everton,missouri,65646
Exeter,missouri,65647
Fair Grove,missouri,65648
Fair Play,missouri,65649
Flemington,missouri,65650
Fordland,missouri,65652
Forsyth,missouri,65653
Freistatt,missouri,65654
Gainesville,missouri,65655
Galena,missouri,65656
Garrison,missouri,65657
Golden,missouri,65658
Graff,missouri,65660
Greenfield,missouri,65661
Grovespring,missouri,65662
Half Way,missouri,65663
Halltown,missouri,65664
Hartville,missouri,65667
Hermitage,missouri,65668
Highlandville,missouri,65669
Hollister,missouri,65672
Humansville,missouri,65674
Isabella,missouri,65676
Kirbyville,missouri,65679
Kissee Mills,missouri,65680
Lampe,missouri,65681
Lockwood,missouri,65682
Louisburg,missouri,65685
Kimberling City,missouri,65686
Cabool,missouri,65689
Couch,missouri,65690
Koshkonong,missouri,65692
Macomb,missouri,65702
Mansfield,missouri,65704
Marionville,missouri,65705
Marshfield,missouri,65706
Miller,missouri,65707
Monett,missouri,65708
Morrisville,missouri,65710
Mountain Grove,missouri,65711
Mount Vernon,missouri,65712
Niangua,missouri,65713
Nixa,missouri,65714
Noble,missouri,65715
Norwood,missouri,65717
Oldfield,missouri,65720
Ozark,missouri,65721
Phillipsburg,missouri,65722
Pierce City,missouri,65723
Pittsburg,missouri,65724
Pleasant Hope,missouri,65725
Polk,missouri,65727
Ponce De Leon,missouri,65728
Pontiac,missouri,65729
Powell,missouri,65730
Powersite,missouri,65731
Preston,missouri,65732
Protem,missouri,65733
Purdy,missouri,65734
Quincy,missouri,65735
Reeds Spring,missouri,65737
Republic,missouri,65738
Ridgedale,missouri,65739
Rockaway Beach,missouri,65740
Rogersville,missouri,65742
Rueter,missouri,65744
Seligman,missouri,65745
Seymour,missouri,65746
Shell Knob,missouri,65747
South Greenfield,missouri,65752
Sparta,missouri,65753
Spokane,missouri,65754
Squires,missouri,65755
Stotts City,missouri,65756
Strafford,missouri,65757
Taneyville,missouri,65759
Tecumseh,missouri,65760
Theodosia,missouri,65761
Thornfield,missouri,65762
Tunas,missouri,65764
Udall,missouri,65766
Urbana,missouri,65767
Vanzant,missouri,65768
Verona,missouri,65769
Walnut Grove,missouri,65770
Walnut Shade,missouri,65771
Washburn,missouri,65772
Wasola,missouri,65773
Weaubleau,missouri,65774
West Plains,missouri,65775
Moody,missouri,65777
Myrtle,missouri,65778
Wheatland,missouri,65779
Willard,missouri,65781
Windyville,missouri,65783
Zanoni,missouri,65784
Stockton,missouri,65785
Macks Creek,missouri,65786
Roach,missouri,65787
Peace Valley,missouri,65788
Pomona,missouri,65789
Pottersville,missouri,65790
Thayer,missouri,65791
Willow Springs,missouri,65793
Springfield,missouri,65802
Springfield,missouri,65803
Springfield,missouri,65804
Springfield,missouri,65806
Springfield,missouri,65807
Springfield,missouri,65809
Springfield,missouri,65810
Atchison,kansas,66002
Baldwin City,kansas,66006
Basehor,kansas,66007
Bendena,kansas,66008
Blue Mound,kansas,66010
Bonner Springs,kansas,66012
Bucyrus,kansas,66013
Centerville,kansas,66014
Colony,kansas,66015
Cummings,kansas,66016
Denton,kansas,66017
De Soto,kansas,66018
Easton,kansas,66020
Edgerton,kansas,66021
Effingham,kansas,66023
Elwood,kansas,66024
Eudora,kansas,66025
Fontana,kansas,66026
Fort Leavenworth,kansas,66027
Gardner,kansas,66030
New Century,kansas,66031
Garnett,kansas,66032
Greeley,kansas,66033
Highland,kansas,66035
Kincaid,kansas,66039
La Cygne,kansas,66040
Lancaster,kansas,66041
Lane,kansas,66042
Lansing,kansas,66043
Lawrence,kansas,66044
Lawrence,kansas,66045
Lawrence,kansas,66046
Lawrence,kansas,66047
Leavenworth,kansas,66048
Lawrence,kansas,66049
Lecompton,kansas,66050
Linwood,kansas,66052
Louisburg,kansas,66053
Mc Louth,kansas,66054
Mound City,kansas,66056
Muscotah,kansas,66058
Nortonville,kansas,66060
Olathe,kansas,66061
Olathe,kansas,66062
Osawatomie,kansas,66064
Oskaloosa,kansas,66066
Ottawa,kansas,66067
Ozawkie,kansas,66070
Paola,kansas,66071
Parker,kansas,66072
Perry,kansas,66073
Pleasanton,kansas,66075
Pomona,kansas,66076
Princeton,kansas,66078
Rantoul,kansas,66079
Richmond,kansas,66080
Spring Hill,kansas,66083
Stilwell,kansas,66085
Tonganoxie,kansas,66086
Troy,kansas,66087
Valley Falls,kansas,66088
Wathena,kansas,66090
Welda,kansas,66091
Wellsville,kansas,66092
Westphalia,kansas,66093
White Cloud,kansas,66094
Williamsburg,kansas,66095
Winchester,kansas,66097
Kansas City,kansas,66101
Kansas City,kansas,66102
Kansas City,kansas,66103
Kansas City,kansas,66104
Kansas City,kansas,66105
Kansas City,kansas,66106
Kansas City,kansas,66109
Kansas City,kansas,66111
Kansas City,kansas,66112
Kansas City,kansas,66115
Kansas City,kansas,66118
Mission,kansas,66202
Shawnee,kansas,66203
Overland Park,kansas,66204
Mission,kansas,66205
Leawood,kansas,66206
Overland Park,kansas,66207
Prairie Village,kansas,66208
Leawood,kansas,66209
Overland Park,kansas,66210
Leawood,kansas,66211
Overland Park,kansas,66212
Overland Park,kansas,66213
Overland Park,kansas,66214
Lenexa,kansas,66215
Shawnee,kansas,66216
Shawnee,kansas,66217
Shawnee,kansas,66218
Lenexa,kansas,66219
Lenexa,kansas,66220
Overland Park,kansas,66221
Overland Park,kansas,66223
Overland Park,kansas,66224
Shawnee,kansas,66226
Lenexa,kansas,66227
Alma,kansas,66401
Auburn,kansas,66402
Axtell,kansas,66403
Baileyville,kansas,66404
Beattie,kansas,66406
Belvue,kansas,66407
Bern,kansas,66408
Berryton,kansas,66409
Blue Rapids,kansas,66411
Bremen,kansas,66412
Burlingame,kansas,66413
Carbondale,kansas,66414
Centralia,kansas,66415
Circleville,kansas,66416
Corning,kansas,66417
Delia,kansas,66418
Denison,kansas,66419
Emmett,kansas,66422
Eskridge,kansas,66423
Everest,kansas,66424
Fairview,kansas,66425
Frankfort,kansas,66427
Goff,kansas,66428
Grantville,kansas,66429
Harveyville,kansas,66431
Havensville,kansas,66432
Hiawatha,kansas,66434
Holton,kansas,66436
Home,kansas,66438
Horton,kansas,66439
Hoyt,kansas,66440
Junction City,kansas,66441
Fort Riley,kansas,66442
Leonardville,kansas,66449
Lyndon,kansas,66451
Mc Farland,kansas,66501
Manhattan,kansas,66502
Manhattan,kansas,66503
Manhattan,kansas,66506
Maple Hill,kansas,66507
Marysville,kansas,66508
Mayetta,kansas,66509
Melvern,kansas,66510
Meriden,kansas,66512
Milford,kansas,66514
Morrill,kansas,66515
Netawaka,kansas,66516
Ogden,kansas,66517
Oketo,kansas,66518
Olsburg,kansas,66520
Onaga,kansas,66521
Oneida,kansas,66522
Osage City,kansas,66523
Overbrook,kansas,66524
Paxico,kansas,66526
Powhattan,kansas,66527
Quenemo,kansas,66528
Riley,kansas,66531
Robinson,kansas,66532
Rossville,kansas,66533
Sabetha,kansas,66534
Saint George,kansas,66535
Saint Marys,kansas,66536
Scranton,kansas,66537
Seneca,kansas,66538
Silver Lake,kansas,66539
Soldier,kansas,66540
Summerfield,kansas,66541
Tecumseh,kansas,66542
Vassar,kansas,66543
Vermillion,kansas,66544
Wakarusa,kansas,66546
Wamego,kansas,66547
Waterville,kansas,66548
Westmoreland,kansas,66549
Wetmore,kansas,66550
Whiting,kansas,66552
Randolph,kansas,66554
Topeka,kansas,66603
Topeka,kansas,66604
Topeka,kansas,66605
Topeka,kansas,66606
Topeka,kansas,66607
Topeka,kansas,66608
Topeka,kansas,66609
Topeka,kansas,66610
Topeka,kansas,66611
Topeka,kansas,66612
Topeka,kansas,66614
Topeka,kansas,66615
Topeka,kansas,66616
Topeka,kansas,66617
Topeka,kansas,66618
Topeka,kansas,66619
Topeka,kansas,66621
Topeka,kansas,66622
Fort Scott,kansas,66701
Altoona,kansas,66710
Arcadia,kansas,66711
Arma,kansas,66712
Baxter Springs,kansas,66713
Benedict,kansas,66714
Bronson,kansas,66716
Buffalo,kansas,66717
Chanute,kansas,66720
Cherokee,kansas,66724
Columbus,kansas,66725
Crestline,kansas,66728
Elsmore,kansas,66732
Erie,kansas,66733
Farlington,kansas,66734
Franklin,kansas,66735
Fredonia,kansas,66736
Fulton,kansas,66738
Galena,kansas,66739
Galesburg,kansas,66740
Garland,kansas,66741
Girard,kansas,66743
Hepler,kansas,66746
Humboldt,kansas,66748
Iola,kansas,66749
La Harpe,kansas,66751
Mc Cune,kansas,66753
Mapleton,kansas,66754
Moran,kansas,66755
Mulberry,kansas,66756
Neodesha,kansas,66757
Neosho Falls,kansas,66758
Opolis,kansas,66760
Piqua,kansas,66761
Pittsburg,kansas,66762
Frontenac,kansas,66763
Prescott,kansas,66767
Redfield,kansas,66769
Riverton,kansas,66770
Saint Paul,kansas,66771
Savonburg,kansas,66772
Scammon,kansas,66773
Stark,kansas,66775
Thayer,kansas,66776
Toronto,kansas,66777
Treece,kansas,66778
Uniontown,kansas,66779
Walnut,kansas,66780
Weir,kansas,66781
West Mineral,kansas,66782
Yates Center,kansas,66783
Emporia,kansas,66801
Admire,kansas,66830
Allen,kansas,66833
Alta Vista,kansas,66834
Americus,kansas,66835
Burdick,kansas,66838
Burlington,kansas,66839
Burns,kansas,66840
Cassoday,kansas,66842
Cedar Point,kansas,66843
Cottonwood Falls,kansas,66845
Council Grove,kansas,66846
Dwight,kansas,66849
Elmdale,kansas,66850
Florence,kansas,66851
Gridley,kansas,66852
Hamilton,kansas,66853
Hartford,kansas,66854
Lebo,kansas,66856
Le Roy,kansas,66857
Lincolnville,kansas,66858
Lost Springs,kansas,66859
Madison,kansas,66860
Marion,kansas,66861
Matfield Green,kansas,66862
Neal,kansas,66863
Neosho Rapids,kansas,66864
Olpe,kansas,66865
Peabody,kansas,66866
Reading,kansas,66868
Strong City,kansas,66869
Virgil,kansas,66870
Waverly,kansas,66871
White City,kansas,66872
Wilsey,kansas,66873
Concordia,kansas,66901
Agenda,kansas,66930
Athol,kansas,66932
Barnes,kansas,66933
Belleville,kansas,66935
Burr Oak,kansas,66936
Clifton,kansas,66937
Clyde,kansas,66938
Courtland,kansas,66939
Cuba,kansas,66940
Esbon,kansas,66941
Formoso,kansas,66942
Greenleaf,kansas,66943
Haddam,kansas,66944
Hanover,kansas,66945
Hollenberg,kansas,66946
Jamestown,kansas,66948
Jewell,kansas,66949
Kensington,kansas,66951
Lebanon,kansas,66952
Linn,kansas,66953
Mahaska,kansas,66955
Mankato,kansas,66956
Morrowville,kansas,66958
Munden,kansas,66959
Narka,kansas,66960
Palmer,kansas,66962
Randall,kansas,66963
Republic,kansas,66964
Scandia,kansas,66966
Smith Center,kansas,66967
Washington,kansas,66968
Webber,kansas,66970
Andale,kansas,67001
Andover,kansas,67002
Anthony,kansas,67003
Argonia,kansas,67004
Arkansas City,kansas,67005
Atlanta,kansas,67008
Attica,kansas,67009
Augusta,kansas,67010
Beaumont,kansas,67012
Belle Plaine,kansas,67013
Bentley,kansas,67016
Benton,kansas,67017
Bluff City,kansas,67018
Burden,kansas,67019
Burrton,kansas,67020
Byers,kansas,67021
Caldwell,kansas,67022
Cambridge,kansas,67023
Cedar Vale,kansas,67024
Cheney,kansas,67025
Clearwater,kansas,67026
Coats,kansas,67028
Coldwater,kansas,67029
Colwich,kansas,67030
Conway Springs,kansas,67031
Cunningham,kansas,67035
Danville,kansas,67036
Derby,kansas,67037
Dexter,kansas,67038
Douglass,kansas,67039
Elbing,kansas,67041
El Dorado,kansas,67042
Eureka,kansas,67045
Fall River,kansas,67047
Freeport,kansas,67049
Garden Plain,kansas,67050
Geuda Springs,kansas,67051
Goddard,kansas,67052
Goessel,kansas,67053
Greensburg,kansas,67054
Greenwich,kansas,67055
Halstead,kansas,67056
Hardtner,kansas,67057
Harper,kansas,67058
Haviland,kansas,67059
Haysville,kansas,67060
Hazelton,kansas,67061
Hesston,kansas,67062
Hillsboro,kansas,67063
Isabel,kansas,67065
Iuka,kansas,67066
Kechi,kansas,67067
Kingman,kansas,67068
Kiowa,kansas,67070
Lake City,kansas,67071
Latham,kansas,67072
Lehigh,kansas,67073
Leon,kansas,67074
Maize,kansas,67101
Mayfield,kansas,67103
Medicine Lodge,kansas,67104
Milan,kansas,67105
Milton,kansas,67106
Moundridge,kansas,67107
Mount Hope,kansas,67108
Mullinville,kansas,67109
Mulvane,kansas,67110
Murdock,kansas,67111
Nashville,kansas,67112
Newton,kansas,67114
North Newton,kansas,67117
Norwich,kansas,67118
Oxford,kansas,67119
Peck,kansas,67120
Piedmont,kansas,67122
Potwin,kansas,67123
Pratt,kansas,67124
Protection,kansas,67127
Rock,kansas,67131
Rosalia,kansas,67132
Rose Hill,kansas,67133
Sawyer,kansas,67134
Sedgwick,kansas,67135
Severy,kansas,67137
Sharon,kansas,67138
South Haven,kansas,67140
Spivey,kansas,67142
Sun City,kansas,67143
Towanda,kansas,67144
Udall,kansas,67146
Valley Center,kansas,67147
Viola,kansas,67149
Waldron,kansas,67150
Walton,kansas,67151
Wellington,kansas,67152
Whitewater,kansas,67154
Wilmore,kansas,67155
Winfield,kansas,67156
Zenda,kansas,67159
Wichita,kansas,67202
Wichita,kansas,67203
Wichita,kansas,67204
Wichita,kansas,67205
Wichita,kansas,67206
Wichita,kansas,67207
Wichita,kansas,67208
Wichita,kansas,67209
Wichita,kansas,67210
Wichita,kansas,67211
Wichita,kansas,67212
Wichita,kansas,67213
Wichita,kansas,67214
Wichita,kansas,67215
Wichita,kansas,67216
Wichita,kansas,67217
Wichita,kansas,67218
Wichita,kansas,67219
Wichita,kansas,67220
Wichita,kansas,67223
Wichita,kansas,67226
Wichita,kansas,67227
Wichita,kansas,67228
Wichita,kansas,67230
Wichita,kansas,67232
Wichita,kansas,67235
Wichita,kansas,67260
Independence,kansas,67301
Altamont,kansas,67330
Bartlett,kansas,67332
Caney,kansas,67333
Chautauqua,kansas,67334
Cherryvale,kansas,67335
Chetopa,kansas,67336
Coffeyville,kansas,67337
Dearing,kansas,67340
Dennis,kansas,67341
Edna,kansas,67342
Elk City,kansas,67344
Elk Falls,kansas,67345
Grenola,kansas,67346
Havana,kansas,67347
Howard,kansas,67349
Liberty,kansas,67351
Longton,kansas,67352
Moline,kansas,67353
Mound Valley,kansas,67354
Niotaze,kansas,67355
Oswego,kansas,67356
Parsons,kansas,67357
Peru,kansas,67360
Sedan,kansas,67361
Sycamore,kansas,67363
Tyro,kansas,67364
Salina,kansas,67401
Abilene,kansas,67410
Assaria,kansas,67416
Aurora,kansas,67417
Barnard,kansas,67418
Beloit,kansas,67420
Bennington,kansas,67422
Beverly,kansas,67423
Brookville,kansas,67425
Bushton,kansas,67427
Canton,kansas,67428
Cawker City,kansas,67430
Chapman,kansas,67431
Clay Center,kansas,67432
Delphos,kansas,67436
Downs,kansas,67437
Durham,kansas,67438
Ellsworth,kansas,67439
Enterprise,kansas,67441
Falun,kansas,67442
Galva,kansas,67443
Geneseo,kansas,67444
Glasco,kansas,67445
Glen Elder,kansas,67446
Green,kansas,67447
Gypsum,kansas,67448
Herington,kansas,67449
Holyrood,kansas,67450
Hope,kansas,67451
Hunter,kansas,67452
Kanopolis,kansas,67454
Lincoln,kansas,67455
Lindsborg,kansas,67456
Little River,kansas,67457
Longford,kansas,67458
Lorraine,kansas,67459
Mcpherson,kansas,67460
Marquette,kansas,67464
Miltonvale,kansas,67466
Minneapolis,kansas,67467
Morganville,kansas,67468
New Cambria,kansas,67470
Osborne,kansas,67473
Portis,kansas,67474
Ramona,kansas,67475
Simpson,kansas,67478
Solomon,kansas,67480
Sylvan Grove,kansas,67481
Talmage,kansas,67482
Tampa,kansas,67483
Tescott,kansas,67484
Tipton,kansas,67485
Wakefield,kansas,67487
Wilson,kansas,67490
Windom,kansas,67491
Woodbine,kansas,67492
Hutchinson,kansas,67501
Hutchinson,kansas,67502
South Hutchinson,kansas,67505
Abbyville,kansas,67510
Albert,kansas,67511
Alden,kansas,67512
Alexander,kansas,67513
Arlington,kansas,67514
Arnold,kansas,67515
Bazine,kansas,67516
Beeler,kansas,67518
Belpre,kansas,67519
Bison,kansas,67520
Brownell,kansas,67521
Buhler,kansas,67522
Burdett,kansas,67523
Chase,kansas,67524
Claflin,kansas,67525
Ellinwood,kansas,67526
Garfield,kansas,67529
Great Bend,kansas,67530
Haven,kansas,67543
Hoisington,kansas,67544
Hudson,kansas,67545
Inman,kansas,67546
Kinsley,kansas,67547
La Crosse,kansas,67548
Larned,kansas,67550
Lewis,kansas,67552
Liebenthal,kansas,67553
Lyons,kansas,67554
Mc Cracken,kansas,67556
Macksville,kansas,67557
Nekoma,kansas,67559
Ness City,kansas,67560
Nickerson,kansas,67561
Offerle,kansas,67563
Olmitz,kansas,67564
Otis,kansas,67565
Partridge,kansas,67566
Pawnee Rock,kansas,67567
Plevna,kansas,67568
Pretty Prairie,kansas,67570
Ransom,kansas,67572
Raymond,kansas,67573
Rozel,kansas,67574
Rush Center,kansas,67575
St John,kansas,67576
Stafford,kansas,67578
Sterling,kansas,67579
Sylvia,kansas,67581
Turon,kansas,67583
Utica,kansas,67584
Hays,kansas,67601
Agra,kansas,67621
Almena,kansas,67622
Alton,kansas,67623
Bogue,kansas,67625
Bunker Hill,kansas,67626
Cedar,kansas,67628
Clayton,kansas,67629
Collyer,kansas,67631
Damar,kansas,67632
Dorrance,kansas,67634
Dresden,kansas,67635
Ellis,kansas,67637
Gaylord,kansas,67638
Glade,kansas,67639
Gorham,kansas,67640
Hill City,kansas,67642
Jennings,kansas,67643
Kirwin,kansas,67644
Lenora,kansas,67645
Logan,kansas,67646
Long Island,kansas,67647
Lucas,kansas,67648
Luray,kansas,67649
Morland,kansas,67650
Natoma,kansas,67651
Norcatur,kansas,67653
Norton,kansas,67654
Ogallah,kansas,67656
Palco,kansas,67657
Paradise,kansas,67658
Penokee,kansas,67659
Pfeifer,kansas,67660
Phillipsburg,kansas,67661
Plainville,kansas,67663
Prairie View,kansas,67664
Russell,kansas,67665
Schoenchen,kansas,67667
Stockton,kansas,67669
Victoria,kansas,67671
Wakeeney,kansas,67672
Waldo,kansas,67673
Walker,kansas,67674
Woodston,kansas,67675
Colby,kansas,67701
Atwood,kansas,67730
Bird City,kansas,67731
Brewster,kansas,67732
Edson,kansas,67733
Gem,kansas,67734
Goodland,kansas,67735
Gove,kansas,67736
Grainfield,kansas,67737
Grinnell,kansas,67738
Herndon,kansas,67739
Hoxie,kansas,67740
Kanorado,kansas,67741
Levant,kansas,67743
Ludell,kansas,67744
Mc Donald,kansas,67745
Monument,kansas,67747
Oakley,kansas,67748
Oberlin,kansas,67749
Park,kansas,67751
Quinter,kansas,67752
Rexford,kansas,67753
Saint Francis,kansas,67756
Selden,kansas,67757
Sharon Springs,kansas,67758
Wallace,kansas,67761
Weskan,kansas,67762
Winona,kansas,67764
Dodge City,kansas,67801
Ashland,kansas,67831
Bucklin,kansas,67834
Cimarron,kansas,67835
Coolidge,kansas,67836
Copeland,kansas,67837
Deerfield,kansas,67838
Dighton,kansas,67839
Englewood,kansas,67840
Ensign,kansas,67841
Ford,kansas,67842
Fort Dodge,kansas,67843
Fowler,kansas,67844
Garden City,kansas,67846
Hanston,kansas,67849
Healy,kansas,67850
Holcomb,kansas,67851
Ingalls,kansas,67853
Jetmore,kansas,67854
Johnson,kansas,67855
Kendall,kansas,67857
Kismet,kansas,67859
Lakin,kansas,67860
Leoti,kansas,67861
Manter,kansas,67862
Marienthal,kansas,67863
Meade,kansas,67864
Minneola,kansas,67865
Montezuma,kansas,67867
Pierceville,kansas,67868
Plains,kansas,67869
Satanta,kansas,67870
Scott City,kansas,67871
Spearville,kansas,67876
Sublette,kansas,67877
Syracuse,kansas,67878
Tribune,kansas,67879
Ulysses,kansas,67880
Wright,kansas,67882
Liberal,kansas,67901
Elkhart,kansas,67950
Hugoton,kansas,67951
Moscow,kansas,67952
Richfield,kansas,67953
Rolla,kansas,67954
Abie,nebraska,68001
Arlington,nebraska,68002
Ashland,nebraska,68003
Bancroft,nebraska,68004
Bellevue,nebraska,68005
Bennington,nebraska,68007
Blair,nebraska,68008
Boys Town,nebraska,68010
Bruno,nebraska,68014
Cedar Bluffs,nebraska,68015
Cedar Creek,nebraska,68016
Ceresco,nebraska,68017
Colon,nebraska,68018
Craig,nebraska,68019
Decatur,nebraska,68020
Elkhorn,nebraska,68022
Fort Calhoun,nebraska,68023
Fremont,nebraska,68025
Gretna,nebraska,68028
Herman,nebraska,68029
Homer,nebraska,68030
Hooper,nebraska,68031
Ithaca,nebraska,68033
Kennard,nebraska,68034
Linwood,nebraska,68036
Louisville,nebraska,68037
Lyons,nebraska,68038
Macy,nebraska,68039
Malmo,nebraska,68040
Mead,nebraska,68041
Memphis,nebraska,68042
Nickerson,nebraska,68044
Oakland,nebraska,68045
Papillion,nebraska,68046
Pender,nebraska,68047
Plattsmouth,nebraska,68048
Prague,nebraska,68050
Rosalie,nebraska,68055
Scribner,nebraska,68057
South Bend,nebraska,68058
Springfield,nebraska,68059
Tekamah,nebraska,68061
Thurston,nebraska,68062
Uehling,nebraska,68063
Valley,nebraska,68064
Valparaiso,nebraska,68065
Wahoo,nebraska,68066
Walthill,nebraska,68067
Washington,nebraska,68068
Waterloo,nebraska,68069
Weston,nebraska,68070
Winnebago,nebraska,68071
Winslow,nebraska,68072
Yutan,nebraska,68073
Omaha,nebraska,68102
Omaha,nebraska,68104
Omaha,nebraska,68105
Omaha,nebraska,68106
Omaha,nebraska,68107
Omaha,nebraska,68108
Omaha,nebraska,68110
Omaha,nebraska,68111
Omaha,nebraska,68112
Offutt Afb,nebraska,68113
Omaha,nebraska,68114
Omaha,nebraska,68116
Omaha,nebraska,68117
Omaha,nebraska,68118
Omaha,nebraska,68122
Bellevue,nebraska,68123
Omaha,nebraska,68124
Omaha,nebraska,68127
La Vista,nebraska,68128
Omaha,nebraska,68130
Omaha,nebraska,68131
Omaha,nebraska,68132
Papillion,nebraska,68133
Omaha,nebraska,68134
Omaha,nebraska,68135
Omaha,nebraska,68136
Omaha,nebraska,68137
Omaha,nebraska,68138
Omaha,nebraska,68142
Omaha,nebraska,68144
Bellevue,nebraska,68147
Omaha,nebraska,68152
Omaha,nebraska,68154
Omaha,nebraska,68157
Omaha,nebraska,68164
Omaha,nebraska,68178
Adams,nebraska,68301
Alexandria,nebraska,68303
Alvo,nebraska,68304
Auburn,nebraska,68305
Avoca,nebraska,68307
Barneston,nebraska,68309
Beatrice,nebraska,68310
Beaver Crossing,nebraska,68313
Bee,nebraska,68314
Belvidere,nebraska,68315
Benedict,nebraska,68316
Bennet,nebraska,68317
Blue Springs,nebraska,68318
Bradshaw,nebraska,68319
Brock,nebraska,68320
Brownville,nebraska,68321
Bruning,nebraska,68322
Burchard,nebraska,68323
Burr,nebraska,68324
Byron,nebraska,68325
Carleton,nebraska,68326
Chester,nebraska,68327
Clatonia,nebraska,68328
Cook,nebraska,68329
Cortland,nebraska,68331
Crab Orchard,nebraska,68332
Crete,nebraska,68333
Davenport,nebraska,68335
Davey,nebraska,68336
Dawson,nebraska,68337
Daykin,nebraska,68338
Denton,nebraska,68339
Deshler,nebraska,68340
De Witt,nebraska,68341
Diller,nebraska,68342
Dorchester,nebraska,68343
Douglas,nebraska,68344
Du Bois,nebraska,68345
Dunbar,nebraska,68346
Eagle,nebraska,68347
Elk Creek,nebraska,68348
Elmwood,nebraska,68349
Endicott,nebraska,68350
Exeter,nebraska,68351
Fairbury,nebraska,68352
Fairmont,nebraska,68354
Falls City,nebraska,68355
Filley,nebraska,68357
Firth,nebraska,68358
Friend,nebraska,68359
Garland,nebraska,68360
Geneva,nebraska,68361
Gilead,nebraska,68362
Goehner,nebraska,68364
Grafton,nebraska,68365
Greenwood,nebraska,68366
Gresham,nebraska,68367
Hallam,nebraska,68368
Hebron,nebraska,68370
Henderson,nebraska,68371
Hickman,nebraska,68372
Hubbell,nebraska,68375
Humboldt,nebraska,68376
Jansen,nebraska,68377
Johnson,nebraska,68378
Julian,nebraska,68379
Lewiston,nebraska,68380
Liberty,nebraska,68381
Lorton,nebraska,68382
Mc Cool Junction,nebraska,68401
Malcolm,nebraska,68402
Manley,nebraska,68403
Martell,nebraska,68404
Milford,nebraska,68405
Milligan,nebraska,68406
Murdock,nebraska,68407
Murray,nebraska,68409
Nebraska City,nebraska,68410
Nehawka,nebraska,68413
Nemaha,nebraska,68414
Odell,nebraska,68415
Ohiowa,nebraska,68416
Otoe,nebraska,68417
Palmyra,nebraska,68418
Panama,nebraska,68419
Pawnee City,nebraska,68420
Peru,nebraska,68421
Pickrell,nebraska,68422
Pleasant Dale,nebraska,68423
Plymouth,nebraska,68424
Raymond,nebraska,68428
Roca,nebraska,68430
Rulo,nebraska,68431
Salem,nebraska,68433
Seward,nebraska,68434
Shickley,nebraska,68436
Shubert,nebraska,68437
Sprague,nebraska,68438
Staplehurst,nebraska,68439
Steele City,nebraska,68440
Steinauer,nebraska,68441
Stella,nebraska,68442
Sterling,nebraska,68443
Strang,nebraska,68444
Swanton,nebraska,68445
Syracuse,nebraska,68446
Table Rock,nebraska,68447
Talmage,nebraska,68448
Tecumseh,nebraska,68450
Ong,nebraska,68452
Tobias,nebraska,68453
Unadilla,nebraska,68454
Union,nebraska,68455
Utica,nebraska,68456
Verdon,nebraska,68457
Virginia,nebraska,68458
Waco,nebraska,68460
Walton,nebraska,68461
Waverly,nebraska,68462
Weeping Water,nebraska,68463
Western,nebraska,68464
Wilber,nebraska,68465
Wymore,nebraska,68466
York,nebraska,68467
Lincoln,nebraska,68502
Lincoln,nebraska,68503
Lincoln,nebraska,68504
Lincoln,nebraska,68505
Lincoln,nebraska,68506
Lincoln,nebraska,68507
Lincoln,nebraska,68508
Lincoln,nebraska,68510
Lincoln,nebraska,68512
Lincoln,nebraska,68514
Lincoln,nebraska,68516
Lincoln,nebraska,68517
Lincoln,nebraska,68520
Lincoln,nebraska,68521
Lincoln,nebraska,68522
Lincoln,nebraska,68523
Lincoln,nebraska,68524
Lincoln,nebraska,68526
Lincoln,nebraska,68527
Lincoln,nebraska,68528
Lincoln,nebraska,68531
Lincoln,nebraska,68532
Columbus,nebraska,68601
Albion,nebraska,68620
Ames,nebraska,68621
Bartlett,nebraska,68622
Belgrade,nebraska,68623
Bellwood,nebraska,68624
Brainard,nebraska,68626
Cedar Rapids,nebraska,68627
Clarks,nebraska,68628
Clarkson,nebraska,68629
Creston,nebraska,68631
David City,nebraska,68632
Dodge,nebraska,68633
Duncan,nebraska,68634
Dwight,nebraska,68635
Elgin,nebraska,68636
Ericson,nebraska,68637
Fullerton,nebraska,68638
Genoa,nebraska,68640
Howells,nebraska,68641
Humphrey,nebraska,68642
Leigh,nebraska,68643
Lindsay,nebraska,68644
Monroe,nebraska,68647
Morse Bluff,nebraska,68648
North Bend,nebraska,68649
Osceola,nebraska,68651
Petersburg,nebraska,68652
Platte Center,nebraska,68653
Polk,nebraska,68654
Primrose,nebraska,68655
Rising City,nebraska,68658
Rogers,nebraska,68659
Saint Edward,nebraska,68660
Schuyler,nebraska,68661
Shelby,nebraska,68662
Silver Creek,nebraska,68663
Snyder,nebraska,68664
Spalding,nebraska,68665
Stromsburg,nebraska,68666
Surprise,nebraska,68667
Ulysses,nebraska,68669
Norfolk,nebraska,68701
Allen,nebraska,68710
Amelia,nebraska,68711
Atkinson,nebraska,68713
Bassett,nebraska,68714
Battle Creek,nebraska,68715
Beemer,nebraska,68716
Belden,nebraska,68717
Bloomfield,nebraska,68718
Bristow,nebraska,68719
Brunswick,nebraska,68720
Butte,nebraska,68722
Carroll,nebraska,68723
Center,nebraska,68724
Chambers,nebraska,68725
Clearwater,nebraska,68726
Coleridge,nebraska,68727
Concord,nebraska,68728
Creighton,nebraska,68729
Crofton,nebraska,68730
Dakota City,nebraska,68731
Dixon,nebraska,68732
Emerson,nebraska,68733
Emmet,nebraska,68734
Ewing,nebraska,68735
Fordyce,nebraska,68736
Hartington,nebraska,68739
Hoskins,nebraska,68740
Hubbard,nebraska,68741
Inman,nebraska,68742
Jackson,nebraska,68743
Laurel,nebraska,68745
Lynch,nebraska,68746
Mclean,nebraska,68747
Madison,nebraska,68748
Magnet,nebraska,68749
Maskell,nebraska,68751
Meadow Grove,nebraska,68752
Mills,nebraska,68753
Naper,nebraska,68755
Neligh,nebraska,68756
Newcastle,nebraska,68757
Newman Grove,nebraska,68758
Newport,nebraska,68759
Niobrara,nebraska,68760
Oakdale,nebraska,68761
Oneill,nebraska,68763
Orchard,nebraska,68764
Osmond,nebraska,68765
Page,nebraska,68766
Pierce,nebraska,68767
Pilger,nebraska,68768
Plainview,nebraska,68769
Ponca,nebraska,68770
Randolph,nebraska,68771
Royal,nebraska,68773
Saint Helena,nebraska,68774
South Sioux City,nebraska,68776
Spencer,nebraska,68777
Springview,nebraska,68778
Stanton,nebraska,68779
Stuart,nebraska,68780
Tilden,nebraska,68781
Verdigre,nebraska,68783
Wakefield,nebraska,68784
Waterbury,nebraska,68785
Wausa,nebraska,68786
Wayne,nebraska,68787
West Point,nebraska,68788
Winnetoon,nebraska,68789
Winside,nebraska,68790
Wisner,nebraska,68791
Wynot,nebraska,68792
Grand Island,nebraska,68801
Grand Island,nebraska,68803
Alda,nebraska,68810
Amherst,nebraska,68812
Anselmo,nebraska,68813
Ansley,nebraska,68814
Arcadia,nebraska,68815
Archer,nebraska,68816
Ashton,nebraska,68817
Aurora,nebraska,68818
Boelus,nebraska,68820
Brewster,nebraska,68821
Broken Bow,nebraska,68822
Burwell,nebraska,68823
Cairo,nebraska,68824
Callaway,nebraska,68825
Central City,nebraska,68826
Chapman,nebraska,68827
Comstock,nebraska,68828
Dannebrog,nebraska,68831
Doniphan,nebraska,68832
Dunning,nebraska,68833
Eddyville,nebraska,68834
Elba,nebraska,68835
Elm Creek,nebraska,68836
Elyria,nebraska,68837
Farwell,nebraska,68838
Gibbon,nebraska,68840
Giltner,nebraska,68841
Greeley,nebraska,68842
Hampton,nebraska,68843
Hazard,nebraska,68844
Kearney,nebraska,68845
Hordville,nebraska,68846
Kearney,nebraska,68847
Kearney,nebraska,68849
Lexington,nebraska,68850
Litchfield,nebraska,68852
Loup City,nebraska,68853
Marquette,nebraska,68854
Mason City,nebraska,68855
Merna,nebraska,68856
Miller,nebraska,68858
North Loup,nebraska,68859
Oconto,nebraska,68860
Odessa,nebraska,68861
Ord,nebraska,68862
Overton,nebraska,68863
Palmer,nebraska,68864
Phillips,nebraska,68865
Pleasanton,nebraska,68866
Ravenna,nebraska,68869
Riverdale,nebraska,68870
Rockville,nebraska,68871
Saint Libory,nebraska,68872
Saint Paul,nebraska,68873
Sargent,nebraska,68874
Scotia,nebraska,68875
Shelton,nebraska,68876
Sumner,nebraska,68878
Taylor,nebraska,68879
Westerville,nebraska,68881
Wolbach,nebraska,68882
Wood River,nebraska,68883
Hastings,nebraska,68901
Alma,nebraska,68920
Arapahoe,nebraska,68922
Atlanta,nebraska,68923
Axtell,nebraska,68924
Ayr,nebraska,68925
Beaver City,nebraska,68926
Bertrand,nebraska,68927
Bladen,nebraska,68928
Bloomington,nebraska,68929
Blue Hill,nebraska,68930
Campbell,nebraska,68932
Clay Center,nebraska,68933
Deweese,nebraska,68934
Edgar,nebraska,68935
Edison,nebraska,68936
Elwood,nebraska,68937
Fairfield,nebraska,68938
Franklin,nebraska,68939
Funk,nebraska,68940
Glenvil,nebraska,68941
Guide Rock,nebraska,68942
Hardy,nebraska,68943
Harvard,nebraska,68944
Heartwell,nebraska,68945
Hendley,nebraska,68946
Hildreth,nebraska,68947
Holbrook,nebraska,68948
Holdrege,nebraska,68949
Holstein,nebraska,68950
Inavale,nebraska,68952
Inland,nebraska,68954
Juniata,nebraska,68955
Kenesaw,nebraska,68956
Lawrence,nebraska,68957
Loomis,nebraska,68958
Minden,nebraska,68959
Naponee,nebraska,68960
Nelson,nebraska,68961
Oak,nebraska,68964
Orleans,nebraska,68966
Oxford,nebraska,68967
Ragan,nebraska,68969
Red Cloud,nebraska,68970
Republican City,nebraska,68971
Riverton,nebraska,68972
Roseland,nebraska,68973
Ruskin,nebraska,68974
Saronville,nebraska,68975
Smithfield,nebraska,68976
Stamford,nebraska,68977
Superior,nebraska,68978
Sutton,nebraska,68979
Trumbull,nebraska,68980
Upland,nebraska,68981
Wilcox,nebraska,68982
Mc Cook,nebraska,69001
Bartley,nebraska,69020
Benkelman,nebraska,69021
Cambridge,nebraska,69022
Champion,nebraska,69023
Culbertson,nebraska,69024
Curtis,nebraska,69025
Danbury,nebraska,69026
Enders,nebraska,69027
Eustis,nebraska,69028
Farnam,nebraska,69029
Haigler,nebraska,69030
Hayes Center,nebraska,69032
Imperial,nebraska,69033
Indianola,nebraska,69034
Lebanon,nebraska,69036
Max,nebraska,69037
Maywood,nebraska,69038
Moorefield,nebraska,69039
Palisade,nebraska,69040
Parks,nebraska,69041
Stockville,nebraska,69042
Stratton,nebraska,69043
Trenton,nebraska,69044
Wauneta,nebraska,69045
Wilsonville,nebraska,69046
North Platte,nebraska,69101
Arnold,nebraska,69120
Arthur,nebraska,69121
Big Springs,nebraska,69122
Brady,nebraska,69123
Broadwater,nebraska,69125
Brule,nebraska,69127
Bushnell,nebraska,69128
Chappell,nebraska,69129
Cozad,nebraska,69130
Dalton,nebraska,69131
Dickens,nebraska,69132
Dix,nebraska,69133
Elsie,nebraska,69134
Elsmere,nebraska,69135
Gothenburg,nebraska,69138
Grant,nebraska,69140
Gurley,nebraska,69141
Halsey,nebraska,69142
Hershey,nebraska,69143
Keystone,nebraska,69144
Kimball,nebraska,69145
Lemoyne,nebraska,69146
Lewellen,nebraska,69147
Lisco,nebraska,69148
Lodgepole,nebraska,69149
Madrid,nebraska,69150
Maxwell,nebraska,69151
Mullen,nebraska,69152
Ogallala,nebraska,69153
Oshkosh,nebraska,69154
Paxton,nebraska,69155
Potter,nebraska,69156
Purdum,nebraska,69157
Seneca,nebraska,69161
Sidney,nebraska,69162
Stapleton,nebraska,69163
Sutherland,nebraska,69165
Thedford,nebraska,69166
Tryon,nebraska,69167
Venango,nebraska,69168
Wallace,nebraska,69169
Wellfleet,nebraska,69170
Willow Island,nebraska,69171
Valentine,nebraska,69201
Ainsworth,nebraska,69210
Cody,nebraska,69211
Crookston,nebraska,69212
Johnstown,nebraska,69214
Kilgore,nebraska,69216
Long Pine,nebraska,69217
Merriman,nebraska,69218
Nenzel,nebraska,69219
Sparks,nebraska,69220
Wood Lake,nebraska,69221
Alliance,nebraska,69301
Angora,nebraska,69331
Ashby,nebraska,69333
Bayard,nebraska,69334
Bingham,nebraska,69335
Bridgeport,nebraska,69336
Chadron,nebraska,69337
Crawford,nebraska,69339
Ellsworth,nebraska,69340
Gering,nebraska,69341
Gordon,nebraska,69343
Harrisburg,nebraska,69345
Harrison,nebraska,69346
Hay Springs,nebraska,69347
Hemingford,nebraska,69348
Hyannis,nebraska,69350
Lakeside,nebraska,69351
Lyman,nebraska,69352
Mcgrew,nebraska,69353
Marsland,nebraska,69354
Melbeta,nebraska,69355
Minatare,nebraska,69356
Mitchell,nebraska,69357
Morrill,nebraska,69358
Rushville,nebraska,69360
Scottsbluff,nebraska,69361
Whiteclay,nebraska,69365
Whitman,nebraska,69366
Whitney,nebraska,69367
Metairie,louisiana,70001
Metairie,louisiana,70002
Metairie,louisiana,70003
Metairie,louisiana,70005
Metairie,louisiana,70006
Des Allemands,louisiana,70030
Ama,louisiana,70031
Arabi,louisiana,70032
Barataria,louisiana,70036
Belle Chasse,louisiana,70037
Boothville,louisiana,70038
Boutte,louisiana,70039
Braithwaite,louisiana,70040
Buras,louisiana,70041
Chalmette,louisiana,70043
Destrehan,louisiana,70047
Edgard,louisiana,70049
Empire,louisiana,70050
Garyville,louisiana,70051
Gramercy,louisiana,70052
Gretna,louisiana,70053
Gretna,louisiana,70056
Hahnville,louisiana,70057
Harvey,louisiana,70058
Kenner,louisiana,70062
Kenner,louisiana,70065
Lafitte,louisiana,70067
La Place,louisiana,70068
Luling,louisiana,70070
Lutcher,louisiana,70071
Marrero,louisiana,70072
Meraux,louisiana,70075
Mount Airy,louisiana,70076
Norco,louisiana,70079
Paradis,louisiana,70080
Pointe A La Hache,louisiana,70082
Port Sulphur,louisiana,70083
Reserve,louisiana,70084
Saint Bernard,louisiana,70085
Saint James,louisiana,70086
Saint Rose,louisiana,70087
Vacherie,louisiana,70090
Venice,louisiana,70091
Violet,louisiana,70092
Westwego,louisiana,70094
New Orleans,louisiana,70112
New Orleans,louisiana,70113
New Orleans,louisiana,70114
New Orleans,louisiana,70115
New Orleans,louisiana,70116
New Orleans,louisiana,70117
New Orleans,louisiana,70118
New Orleans,louisiana,70119
New Orleans,louisiana,70121
New Orleans,louisiana,70122
New Orleans,louisiana,70123
New Orleans,louisiana,70124
New Orleans,louisiana,70125
New Orleans,louisiana,70126
New Orleans,louisiana,70127
New Orleans,louisiana,70128
New Orleans,louisiana,70129
New Orleans,louisiana,70130
New Orleans,louisiana,70131
New Orleans,louisiana,70139
New Orleans,louisiana,70163
Thibodaux,louisiana,70301
Pierre Part,louisiana,70339
Amelia,louisiana,70340
Belle Rose,louisiana,70341
Berwick,louisiana,70342
Bourg,louisiana,70343
Chauvin,louisiana,70344
Cut Off,louisiana,70345
Donaldsonville,louisiana,70346
Donner,louisiana,70352
Dulac,louisiana,70353
Galliano,louisiana,70354
Gheens,louisiana,70355
Gibson,louisiana,70356
Golden Meadow,louisiana,70357
Grand Isle,louisiana,70358
Gray,louisiana,70359
Houma,louisiana,70360
Houma,louisiana,70363
Houma,louisiana,70364
Labadieville,louisiana,70372
Larose,louisiana,70373
Lockport,louisiana,70374
Mathews,louisiana,70375
Montegut,louisiana,70377
Morgan City,louisiana,70380
Napoleonville,louisiana,70390
Paincourtville,louisiana,70391
Patterson,louisiana,70392
Plattenville,louisiana,70393
Raceland,louisiana,70394
Schriever,louisiana,70395
Theriot,louisiana,70397
Hammond,louisiana,70401
Hammond,louisiana,70402
Hammond,louisiana,70403
Abita Springs,louisiana,70420
Amite,louisiana,70422
Angie,louisiana,70426
Bogalusa,louisiana,70427
Bush,louisiana,70431
Covington,louisiana,70433
Covington,louisiana,70435
Fluker,louisiana,70436
Folsom,louisiana,70437
Franklinton,louisiana,70438
Greensburg,louisiana,70441
Husser,louisiana,70442
Independence,louisiana,70443
Kentwood,louisiana,70444
Lacombe,louisiana,70445
Loranger,louisiana,70446
Madisonville,louisiana,70447
Mandeville,louisiana,70448
Maurepas,louisiana,70449
Mount Hermon,louisiana,70450
Natalbany,louisiana,70451
Pearl River,louisiana,70452
Pine Grove,louisiana,70453
Ponchatoula,louisiana,70454
Robert,louisiana,70455
Roseland,louisiana,70456
Slidell,louisiana,70458
Slidell,louisiana,70460
Slidell,louisiana,70461
Springfield,louisiana,70462
Sun,louisiana,70463
Talisheek,louisiana,70464
Tangipahoa,louisiana,70465
Tickfaw,louisiana,70466
Mandeville,louisiana,70471
Lafayette,louisiana,70501
Lafayette,louisiana,70503
Lafayette,louisiana,70506
Lafayette,louisiana,70507
Lafayette,louisiana,70508
Abbeville,louisiana,70510
Arnaudville,louisiana,70512
Avery Island,louisiana,70513
Baldwin,louisiana,70514
Basile,louisiana,70515
Branch,louisiana,70516
Breaux Bridge,louisiana,70517
Broussard,louisiana,70518
Cade,louisiana,70519
Carencro,louisiana,70520
Charenton,louisiana,70523
Chataignier,louisiana,70524
Church Point,louisiana,70525
Crowley,louisiana,70526
Delcambre,louisiana,70528
Duson,louisiana,70529
Egan,louisiana,70531
Elton,louisiana,70532
Erath,louisiana,70533
Estherwood,louisiana,70534
Eunice,louisiana,70535
Evangeline,louisiana,70537
Franklin,louisiana,70538
Grand Coteau,louisiana,70541
Gueydan,louisiana,70542
Iota,louisiana,70543
Jeanerette,louisiana,70544
Jennings,louisiana,70546
Kaplan,louisiana,70548
Lake Arthur,louisiana,70549
Lawtell,louisiana,70550
Loreauville,louisiana,70552
Mamou,louisiana,70554
Maurice,louisiana,70555
Mermentau,louisiana,70556
Milton,louisiana,70558
Morse,louisiana,70559
New Iberia,louisiana,70560
New Iberia,louisiana,70563
Opelousas,louisiana,70570
Perry,louisiana,70575
Pine Prairie,louisiana,70576
Port Barre,louisiana,70577
Rayne,louisiana,70578
Reddell,louisiana,70580
Roanoke,louisiana,70581
Saint Martinville,louisiana,70582
Scott,louisiana,70583
Sunset,louisiana,70584
Turkey Creek,louisiana,70585
Ville Platte,louisiana,70586
Washington,louisiana,70589
Welsh,louisiana,70591
Youngsville,louisiana,70592
Lake Charles,louisiana,70601
Lake Charles,louisiana,70605
Lake Charles,louisiana,70607
Lake Charles,louisiana,70611
Lake Charles,louisiana,70615
Bell City,louisiana,70630
Cameron,louisiana,70631
Creole,louisiana,70632
Dequincy,louisiana,70633
Deridder,louisiana,70634
Dry Creek,louisiana,70637
Elizabeth,louisiana,70638
Evans,louisiana,70639
Fenton,louisiana,70640
Grand Chenier,louisiana,70643
Grant,louisiana,70644
Hackberry,louisiana,70645
Hayes,louisiana,70646
Iowa,louisiana,70647
Kinder,louisiana,70648
Lacassine,louisiana,70650
Leblanc,louisiana,70651
Longville,louisiana,70652
Merryville,louisiana,70653
Mittie,louisiana,70654
Oberlin,louisiana,70655
Pitkin,louisiana,70656
Ragley,louisiana,70657
Reeves,louisiana,70658
Rosepine,louisiana,70659
Singer,louisiana,70660
Starks,louisiana,70661
Sugartown,louisiana,70662
Sulphur,louisiana,70663
Sulphur,louisiana,70665
Vinton,louisiana,70668
Westlake,louisiana,70669
Denham Springs,louisiana,70706
Addis,louisiana,70710
Albany,louisiana,70711
Angola,louisiana,70712
Baker,louisiana,70714
Batchelor,louisiana,70715
Brusly,louisiana,70719
Carville,louisiana,70721
Clinton,louisiana,70722
Convent,louisiana,70723
Darrow,louisiana,70725
Denham Springs,louisiana,70726
Erwinville,louisiana,70729
Ethel,louisiana,70730
Fordoche,louisiana,70732
French Settlement,louisiana,70733
Geismar,louisiana,70734
Glynn,louisiana,70736
Gonzales,louisiana,70737
Greenwell Springs,louisiana,70739
Grosse Tete,louisiana,70740
Hester,louisiana,70743
Holden,louisiana,70744
Innis,louisiana,70747
Jackson,louisiana,70748
Jarreau,louisiana,70749
Krotz Springs,louisiana,70750
Lakeland,louisiana,70752
Lettsworth,louisiana,70753
Livingston,louisiana,70754
Livonia,louisiana,70755
Lottie,louisiana,70756
Maringouin,louisiana,70757
Morganza,louisiana,70759
New Roads,louisiana,70760
Norwood,louisiana,70761
Oscar,louisiana,70762
Paulina,louisiana,70763
Plaquemine,louisiana,70764
Port Allen,louisiana,70767
Prairieville,louisiana,70769
Pride,louisiana,70770
Rosedale,louisiana,70772
Rougon,louisiana,70773
Saint Amant,louisiana,70774
Saint Francisville,louisiana,70775
Saint Gabriel,louisiana,70776
Slaughter,louisiana,70777
Sorrento,louisiana,70778
Sunshine,louisiana,70780
Tunica,louisiana,70782
Ventress,louisiana,70783
Walker,louisiana,70785
Weyanoke,louisiana,70787
White Castle,louisiana,70788
Wilson,louisiana,70789
Zachary,louisiana,70791
Baton Rouge,louisiana,70801
Baton Rouge,louisiana,70802
Baton Rouge,louisiana,70803
Baton Rouge,louisiana,70805
Baton Rouge,louisiana,70806
Baton Rouge,louisiana,70807
Baton Rouge,louisiana,70808
Baton Rouge,louisiana,70809
Baton Rouge,louisiana,70810
Baton Rouge,louisiana,70811
Baton Rouge,louisiana,70812
Baton Rouge,louisiana,70814
Baton Rouge,louisiana,70815
Baton Rouge,louisiana,70816
Baton Rouge,louisiana,70817
Baton Rouge,louisiana,70818
Baton Rouge,louisiana,70819
Baton Rouge,louisiana,70820
Baton Rouge,louisiana,70836
Arcadia,louisiana,71001
Athens,louisiana,71003
Belcher,louisiana,71004
Benton,louisiana,71006
Bethany,louisiana,71007
Bienville,louisiana,71008
Castor,louisiana,71016
Cotton Valley,louisiana,71018
Coushatta,louisiana,71019
Cullen,louisiana,71021
Doyline,louisiana,71023
Dubberly,louisiana,71024
Frierson,louisiana,71027
Gibsland,louisiana,71028
Gilliam,louisiana,71029
Gloster,louisiana,71030
Goldonna,louisiana,71031
Grand Cane,louisiana,71032
Greenwood,louisiana,71033
Hall Summit,louisiana,71034
Haughton,louisiana,71037
Haynesville,louisiana,71038
Heflin,louisiana,71039
Homer,louisiana,71040
Hosston,louisiana,71043
Ida,louisiana,71044
Jamestown,louisiana,71045
Keatchie,louisiana,71046
Keithville,louisiana,71047
Lisbon,louisiana,71048
Logansport,louisiana,71049
Elm Grove,louisiana,71051
Mansfield,louisiana,71052
Minden,louisiana,71055
Mooringsport,louisiana,71060
Oil City,louisiana,71061
Pelican,louisiana,71063
Plain Dealing,louisiana,71064
Pleasant Hill,louisiana,71065
Princeton,louisiana,71067
Ringgold,louisiana,71068
Rodessa,louisiana,71069
Saline,louisiana,71070
Sarepta,louisiana,71071
Shongaloo,louisiana,71072
Sibley,louisiana,71073
Springhill,louisiana,71075
Stonewall,louisiana,71078
Summerfield,louisiana,71079
Vivian,louisiana,71082
Shreveport,louisiana,71101
Shreveport,louisiana,71103
Shreveport,louisiana,71104
Shreveport,louisiana,71105
Shreveport,louisiana,71106
Shreveport,louisiana,71107
Shreveport,louisiana,71108
Shreveport,louisiana,71109
Barksdale Afb,louisiana,71110
Bossier City,louisiana,71111
Bossier City,louisiana,71112
Shreveport,louisiana,71115
Shreveport,louisiana,71118
Shreveport,louisiana,71119
Shreveport,louisiana,71129
Monroe,louisiana,71201
Monroe,louisiana,71202
Monroe,louisiana,71203
Monroe,louisiana,71209
Baskin,louisiana,71219
Bastrop,louisiana,71220
Bernice,louisiana,71222
Bonita,louisiana,71223
Calhoun,louisiana,71225
Chatham,louisiana,71226
Choudrant,louisiana,71227
Collinston,louisiana,71229
Delhi,louisiana,71232
Delta,louisiana,71233
Downsville,louisiana,71234
Dubach,louisiana,71235
Epps,louisiana,71237
Eros,louisiana,71238
Farmerville,louisiana,71241
Fort Necessity,louisiana,71243
Grambling,louisiana,71245
Hodge,louisiana,71247
Jones,louisiana,71250
Jonesboro,louisiana,71251
Kilbourne,louisiana,71253
Lake Providence,louisiana,71254
Lillie,louisiana,71256
Mangham,louisiana,71259
Marion,louisiana,71260
Mer Rouge,louisiana,71261
Oak Grove,louisiana,71263
Oak Ridge,louisiana,71264
Pioneer,louisiana,71266
Quitman,louisiana,71268
Rayville,louisiana,71269
Ruston,louisiana,71270
Ruston,louisiana,71272
Simsboro,louisiana,71275
Sondheimer,louisiana,71276
Spearsville,louisiana,71277
Start,louisiana,71279
Sterlington,louisiana,71280
Tallulah,louisiana,71282
Transylvania,louisiana,71286
West Monroe,louisiana,71291
West Monroe,louisiana,71292
Winnsboro,louisiana,71295
Alexandria,louisiana,71301
Alexandria,louisiana,71302
Alexandria,louisiana,71303
Acme,louisiana,71316
Bunkie,louisiana,71322
Center Point,louisiana,71323
Cheneyville,louisiana,71325
Clayton,louisiana,71326
Cottonport,louisiana,71327
Deville,louisiana,71328
Effie,louisiana,71331
Evergreen,louisiana,71333
Ferriday,louisiana,71334
Gilbert,louisiana,71336
Hamburg,louisiana,71339
Harrisonburg,louisiana,71340
Hessmer,louisiana,71341
Jena,louisiana,71342
Jonesville,louisiana,71343
Lebeau,louisiana,71345
Lecompte,louisiana,71346
Mansura,louisiana,71350
Marksville,louisiana,71351
Melville,louisiana,71353
Monterey,louisiana,71354
Moreauville,louisiana,71355
Morrow,louisiana,71356
Newellton,louisiana,71357
Palmetto,louisiana,71358
Pineville,louisiana,71360
Plaucheville,louisiana,71362
Saint Joseph,louisiana,71366
Saint Landry,louisiana,71367
Sicily Island,louisiana,71368
Simmesport,louisiana,71369
Trout,louisiana,71371
Vidalia,louisiana,71373
Waterproof,louisiana,71375
Wildsville,louisiana,71377
Wisner,louisiana,71378
Aimwell,louisiana,71401
Anacoco,louisiana,71403
Atlanta,louisiana,71404
Ball,louisiana,71405
Belmont,louisiana,71406
Bentley,louisiana,71407
Boyce,louisiana,71409
Calvin,louisiana,71410
Campti,louisiana,71411
Clarence,louisiana,71414
Cloutierville,louisiana,71416
Colfax,louisiana,71417
Columbia,louisiana,71418
Converse,louisiana,71419
Dodson,louisiana,71422
Dry Prong,louisiana,71423
Elmer,louisiana,71424
Enterprise,louisiana,71425
Fisher,louisiana,71426
Flatwoods,louisiana,71427
Florien,louisiana,71429
Forest Hill,louisiana,71430
Georgetown,louisiana,71432
Glenmora,louisiana,71433
Grayson,louisiana,71435
Hineston,louisiana,71438
Hornbeck,louisiana,71439
Kelly,louisiana,71441
Leesville,louisiana,71446
Lena,louisiana,71447
Many,louisiana,71449
Marthaville,louisiana,71450
Melrose,louisiana,71452
Montgomery,louisiana,71454
Mora,louisiana,71455
Natchez,louisiana,71456
Natchitoches,louisiana,71457
Fort Polk,louisiana,71459
New Llano,louisiana,71461
Noble,louisiana,71462
Oakdale,louisiana,71463
Olla,louisiana,71465
Otis,louisiana,71466
Pollock,louisiana,71467
Provencal,louisiana,71468
Robeline,louisiana,71469
Sieper,louisiana,71472
Sikes,louisiana,71473
Simpson,louisiana,71474
Tullos,louisiana,71479
Urania,louisiana,71480
Winnfield,louisiana,71483
Woodworth,louisiana,71485
Zwolle,louisiana,71486
Pine Bluff,arkansas,71601
White Hall,arkansas,71602
Pine Bluff,arkansas,71603
Arkansas City,arkansas,71630
Banks,arkansas,71631
Crossett,arkansas,71635
Dermott,arkansas,71638
Dumas,arkansas,71639
Eudora,arkansas,71640
Fountain Hill,arkansas,71642
Gould,arkansas,71643
Grady,arkansas,71644
Hamburg,arkansas,71646
Hermitage,arkansas,71647
Jersey,arkansas,71651
Kingsland,arkansas,71652
Lake Village,arkansas,71653
Mc Gehee,arkansas,71654
Monticello,arkansas,71655
Montrose,arkansas,71658
Moscow,arkansas,71659
New Edinburg,arkansas,71660
Parkdale,arkansas,71661
Pickens,arkansas,71662
Portland,arkansas,71663
Rison,arkansas,71665
Rohwer,arkansas,71666
Star City,arkansas,71667
Tillar,arkansas,71670
Warren,arkansas,71671
Watson,arkansas,71674
Wilmar,arkansas,71675
Wilmot,arkansas,71676
Winchester,arkansas,71677
Camden,arkansas,71701
Camden,arkansas,71711
Bearden,arkansas,71720
Bluff City,arkansas,71722
Calion,arkansas,71724
Carthage,arkansas,71725
Chidester,arkansas,71726
El Dorado,arkansas,71730
Emerson,arkansas,71740
Fordyce,arkansas,71742
Gurdon,arkansas,71743
Hampton,arkansas,71744
Harrell,arkansas,71745
Huttig,arkansas,71747
Junction City,arkansas,71749
Louann,arkansas,71751
Mc Neil,arkansas,71752
Magnolia,arkansas,71753
Mount Holly,arkansas,71758
Norphlet,arkansas,71759
Smackover,arkansas,71762
Sparkman,arkansas,71763
Stephens,arkansas,71764
Strong,arkansas,71765
Thornton,arkansas,71766
Waldo,arkansas,71770
Whelen Springs,arkansas,71772
Hope,arkansas,71801
Alleene,arkansas,71820
Ashdown,arkansas,71822
Ben Lomond,arkansas,71823
Blevins,arkansas,71825
Bradley,arkansas,71826
Buckner,arkansas,71827
De Queen,arkansas,71832
Dierks,arkansas,71833
Doddridge,arkansas,71834
Emmet,arkansas,71835
Foreman,arkansas,71836
Fouke,arkansas,71837
Fulton,arkansas,71838
Garland City,arkansas,71839
Gillham,arkansas,71841
Horatio,arkansas,71842
Lewisville,arkansas,71845
Lockesburg,arkansas,71846
Mc Caskill,arkansas,71847
Mineral Springs,arkansas,71851
Nashville,arkansas,71852
Ogden,arkansas,71853
Texarkana,arkansas,71854
Ozan,arkansas,71855
Prescott,arkansas,71857
Rosston,arkansas,71858
Saratoga,arkansas,71859
Stamps,arkansas,71860
Taylor,arkansas,71861
Washington,arkansas,71862
Wilton,arkansas,71865
Winthrop,arkansas,71866
Hot Springs National Park,arkansas,71901
Hot Springs Village,arkansas,71909
Hot Springs National Park,arkansas,71913
Amity,arkansas,71921
Antoine,arkansas,71922
Arkadelphia,arkansas,71923
Bismarck,arkansas,71929
Bonnerdale,arkansas,71933
Caddo Gap,arkansas,71935
Cove,arkansas,71937
Delight,arkansas,71940
Donaldson,arkansas,71941
Glenwood,arkansas,71943
Grannis,arkansas,71944
Hatfield,arkansas,71945
Jessieville,arkansas,71949
Kirby,arkansas,71950
Langley,arkansas,71952
Mena,arkansas,71953
Mountain Pine,arkansas,71956
Mount Ida,arkansas,71957
Murfreesboro,arkansas,71958
Newhope,arkansas,71959
Norman,arkansas,71960
Oden,arkansas,71961
Okolona,arkansas,71962
Pearcy,arkansas,71964
Pencil Bluff,arkansas,71965
Royal,arkansas,71968
Sims,arkansas,71969
Story,arkansas,71970
Umpire,arkansas,71971
Vandervoort,arkansas,71972
Wickes,arkansas,71973
Arkadelphia,arkansas,71998
Arkadelphia,arkansas,71999
Adona,arkansas,72001
Alexander,arkansas,72002
Almyra,arkansas,72003
Altheimer,arkansas,72004
Amagon,arkansas,72005
Augusta,arkansas,72006
Austin,arkansas,72007
Bald Knob,arkansas,72010
Bauxite,arkansas,72011
Beebe,arkansas,72012
Bee Branch,arkansas,72013
Beedeville,arkansas,72014
Benton,arkansas,72015
Bigelow,arkansas,72016
Biscoe,arkansas,72017
Benton,arkansas,72019
Bradford,arkansas,72020
Brinkley,arkansas,72021
Bryant,arkansas,72022
Cabot,arkansas,72023
Carlisle,arkansas,72024
Casa,arkansas,72025
Casscoe,arkansas,72026
Center Ridge,arkansas,72027
Clarendon,arkansas,72029
Cleveland,arkansas,72030
Clinton,arkansas,72031
Conway,arkansas,72032
Conway,arkansas,72034
Conway,arkansas,72035
Cotton Plant,arkansas,72036
Coy,arkansas,72037
Crocketts Bluff,arkansas,72038
Damascus,arkansas,72039
Des Arc,arkansas,72040
De Valls Bluff,arkansas,72041
De Witt,arkansas,72042
Edgemont,arkansas,72044
El Paso,arkansas,72045
England,arkansas,72046
Enola,arkansas,72047
Ethel,arkansas,72048
Fox,arkansas,72051
Gillett,arkansas,72055
Grapevine,arkansas,72057
Greenbrier,arkansas,72058
Gregory,arkansas,72059
Griffithville,arkansas,72060
Guy,arkansas,72061
Hattieville,arkansas,72063
Hazen,arkansas,72064
Hensley,arkansas,72065
Higden,arkansas,72067
Higginson,arkansas,72068
Holly Grove,arkansas,72069
Houston,arkansas,72070
Humnoke,arkansas,72072
Humphrey,arkansas,72073
Hunter,arkansas,72074
Jacksonville,arkansas,72076
Jefferson,arkansas,72079
Jerusalem,arkansas,72080
Judsonia,arkansas,72081
Kensett,arkansas,72082
Keo,arkansas,72083
Leola,arkansas,72084
Letona,arkansas,72085
Lonoke,arkansas,72086
Lonsdale,arkansas,72087
Fairfield Bay,arkansas,72088
Little Rock Air Force Base,arkansas,72099
Mc Crory,arkansas,72101
Mc Rae,arkansas,72102
Mabelvale,arkansas,72103
Malvern,arkansas,72104
Mayflower,arkansas,72106
Menifee,arkansas,72107
Monroe,arkansas,72108
Morrilton,arkansas,72110
Mount Vernon,arkansas,72111
Newport,arkansas,72112
Maumelle,arkansas,72113
North Little Rock,arkansas,72114
North Little Rock,arkansas,72116
North Little Rock,arkansas,72117
North Little Rock,arkansas,72118
North Little Rock,arkansas,72119
Sherwood,arkansas,72120
Pangburn,arkansas,72121
Paron,arkansas,72122
Patterson,arkansas,72123
Perry,arkansas,72125
Perryville,arkansas,72126
Plumerville,arkansas,72127
Poyen,arkansas,72128
Prattsville,arkansas,72129
Prim,arkansas,72130
Quitman,arkansas,72131
Redfield,arkansas,72132
Roe,arkansas,72134
Roland,arkansas,72135
Romance,arkansas,72136
Rose Bud,arkansas,72137
Russell,arkansas,72139
Saint Charles,arkansas,72140
Scotland,arkansas,72141
Scott,arkansas,72142
Searcy,arkansas,72143
Searcy,arkansas,72149
Sheridan,arkansas,72150
Sherrill,arkansas,72152
Shirley,arkansas,72153
Solgohachia,arkansas,72156
Springfield,arkansas,72157
Stuttgart,arkansas,72160
Thida,arkansas,72165
Tichnor,arkansas,72166
Traskwood,arkansas,72167
Tucker,arkansas,72168
Tupelo,arkansas,72169
Ulm,arkansas,72170
Vilonia,arkansas,72173
Wabbaseka,arkansas,72175
Ward,arkansas,72176
Wilburn,arkansas,72179
Wooster,arkansas,72181
Little Rock,arkansas,72201
Little Rock,arkansas,72202
Little Rock,arkansas,72204
Little Rock,arkansas,72205
Little Rock,arkansas,72206
Little Rock,arkansas,72207
Little Rock,arkansas,72209
Little Rock,arkansas,72210
Little Rock,arkansas,72211
Little Rock,arkansas,72212
Little Rock,arkansas,72223
Little Rock,arkansas,72227
West Memphis,arkansas,72301
Aubrey,arkansas,72311
Blytheville,arkansas,72315
Brickeys,arkansas,72320
Burdette,arkansas,72321
Caldwell,arkansas,72322
Cherry Valley,arkansas,72324
Clarkedale,arkansas,72325
Colt,arkansas,72326
Crawfordsville,arkansas,72327
Crumrod,arkansas,72328
Driver,arkansas,72329
Dyess,arkansas,72330
Earle,arkansas,72331
Edmondson,arkansas,72332
Elaine,arkansas,72333
Forrest City,arkansas,72335
Frenchmans Bayou,arkansas,72338
Gilmore,arkansas,72339
Goodwin,arkansas,72340
Haynes,arkansas,72341
Helena,arkansas,72342
Heth,arkansas,72346
Hickory Ridge,arkansas,72347
Hughes,arkansas,72348
Joiner,arkansas,72350
Keiser,arkansas,72351
Lambrook,arkansas,72353
Lepanto,arkansas,72354
Lexa,arkansas,72355
Luxora,arkansas,72358
Madison,arkansas,72359
Marianna,arkansas,72360
Marion,arkansas,72364
Marked Tree,arkansas,72365
Marvell,arkansas,72366
Mellwood,arkansas,72367
Moro,arkansas,72368
Osceola,arkansas,72370
Palestine,arkansas,72372
Parkin,arkansas,72373
Poplar Grove,arkansas,72374
Proctor,arkansas,72376
Rivervale,arkansas,72377
Snow Lake,arkansas,72379
Turner,arkansas,72383
Turrell,arkansas,72384
Tyronza,arkansas,72386
Wabash,arkansas,72389
West Helena,arkansas,72390
Wheatley,arkansas,72392
Widener,arkansas,72394
Wilson,arkansas,72395
Wynne,arkansas,72396
Jonesboro,arkansas,72401
Jonesboro,arkansas,72404
Alicia,arkansas,72410
Bay,arkansas,72411
Beech Grove,arkansas,72412
Biggers,arkansas,72413
Black Oak,arkansas,72414
Black Rock,arkansas,72415
Bono,arkansas,72416
Brookland,arkansas,72417
Caraway,arkansas,72419
Cash,arkansas,72421
Corning,arkansas,72422
Datto,arkansas,72424
Delaplaine,arkansas,72425
Dell,arkansas,72426
Egypt,arkansas,72427
Etowah,arkansas,72428
Fisher,arkansas,72429
Greenway,arkansas,72430
Grubbs,arkansas,72431
Harrisburg,arkansas,72432
Hoxie,arkansas,72433
Imboden,arkansas,72434
Knobel,arkansas,72435
Lafe,arkansas,72436
Lake City,arkansas,72437
Leachville,arkansas,72438
Lynn,arkansas,72440
Mc Dougal,arkansas,72441
Manila,arkansas,72442
Marmaduke,arkansas,72443
Maynard,arkansas,72444
Minturn,arkansas,72445
Monette,arkansas,72447
O Kean,arkansas,72449
Paragould,arkansas,72450
Peach Orchard,arkansas,72453
Piggott,arkansas,72454
Pocahontas,arkansas,72455
Pollard,arkansas,72456
Portia,arkansas,72457
Powhatan,arkansas,72458
Ravenden,arkansas,72459
Ravenden Springs,arkansas,72460
Rector,arkansas,72461
Reyno,arkansas,72462
Saint Francis,arkansas,72464
Smithville,arkansas,72466
State University,arkansas,72467
Strawberry,arkansas,72469
Success,arkansas,72470
Swifton,arkansas,72471
Trumann,arkansas,72472
Tuckerman,arkansas,72473
Walnut Ridge,arkansas,72476
Warm Springs,arkansas,72478
Weiner,arkansas,72479
Williford,arkansas,72482
Batesville,arkansas,72501
Horseshoe Bend,arkansas,72512
Ash Flat,arkansas,72513
Bexar,arkansas,72515
Brockwell,arkansas,72517
Calico Rock,arkansas,72519
Camp,arkansas,72520
Cave City,arkansas,72521
Charlotte,arkansas,72522
Concord,arkansas,72523
Cord,arkansas,72524
Cushman,arkansas,72526
Desha,arkansas,72527
Dolph,arkansas,72528
Cherokee Village,arkansas,72529
Drasco,arkansas,72530
Elizabeth,arkansas,72531
Evening Shade,arkansas,72532
Fifty Six,arkansas,72533
Floral,arkansas,72534
Franklin,arkansas,72536
Gamaliel,arkansas,72537
Gepp,arkansas,72538
Glencoe,arkansas,72539
Guion,arkansas,72540
Hardy,arkansas,72542
Heber Springs,arkansas,72543
Henderson,arkansas,72544
Ida,arkansas,72546
Locust Grove,arkansas,72550
Magness,arkansas,72553
Mammoth Spring,arkansas,72554
Marcella,arkansas,72555
Melbourne,arkansas,72556
Mountain View,arkansas,72560
Mount Pleasant,arkansas,72561
Newark,arkansas,72562
Oil Trough,arkansas,72564
Oxford,arkansas,72565
Pineville,arkansas,72566
Pleasant Grove,arkansas,72567
Pleasant Plains,arkansas,72568
Poughkeepsie,arkansas,72569
Rosie,arkansas,72571
Saffell,arkansas,72572
Sage,arkansas,72573
Salem,arkansas,72576
Sidney,arkansas,72577
Sturkie,arkansas,72578
Sulphur Rock,arkansas,72579
Tumbling Shoals,arkansas,72581
Viola,arkansas,72583
Violet Hill,arkansas,72584
Wideman,arkansas,72585
Wiseman,arkansas,72587
Harrison,arkansas,72601
Alpena,arkansas,72611
Berryville,arkansas,72616
Big Flat,arkansas,72617
Bull Shoals,arkansas,72619
Clarkridge,arkansas,72623
Compton,arkansas,72624
Cotter,arkansas,72626
Deer,arkansas,72628
Dennard,arkansas,72629
Diamond City,arkansas,72630
Eureka Springs,arkansas,72631
Eureka Springs,arkansas,72632
Everton,arkansas,72633
Flippin,arkansas,72634
Gassville,arkansas,72635
Gilbert,arkansas,72636
Green Forest,arkansas,72638
Harriet,arkansas,72639
Hasty,arkansas,72640
Jasper,arkansas,72641
Lakeview,arkansas,72642
Lead Hill,arkansas,72644
Leslie,arkansas,72645
Marble Falls,arkansas,72648
Marshall,arkansas,72650
Midway,arkansas,72651
Mountain Home,arkansas,72653
Mount Judea,arkansas,72655
Norfork,arkansas,72658
Oak Grove,arkansas,72660
Oakland,arkansas,72661
Omaha,arkansas,72662
Onia,arkansas,72663
Parthenon,arkansas,72666
Peel,arkansas,72668
Pindall,arkansas,72669
Ponca,arkansas,72670
Pyatt,arkansas,72672
Saint Joe,arkansas,72675
Summit,arkansas,72677
Tilly,arkansas,72679
Timbo,arkansas,72680
Valley Springs,arkansas,72682
Vendor,arkansas,72683
Western Grove,arkansas,72685
Witts Springs,arkansas,72686
Yellville,arkansas,72687
Fayetteville,arkansas,72701
Fayetteville,arkansas,72703
Fayetteville,arkansas,72704
Bentonville,arkansas,72712
Bella Vista,arkansas,72714
Bella Vista,arkansas,72715
Canehill,arkansas,72717
Cave Springs,arkansas,72718
Centerton,arkansas,72719
Combs,arkansas,72721
Decatur,arkansas,72722
Elkins,arkansas,72727
Evansville,arkansas,72729
Farmington,arkansas,72730
Garfield,arkansas,72732
Gentry,arkansas,72734
Gravette,arkansas,72736
Hindsville,arkansas,72738
Hiwasse,arkansas,72739
Huntsville,arkansas,72740
Kingston,arkansas,72742
Lincoln,arkansas,72744
Lowell,arkansas,72745
Maysville,arkansas,72747
Morrow,arkansas,72749
Pea Ridge,arkansas,72751
Pettigrew,arkansas,72752
Prairie Grove,arkansas,72753
Rogers,arkansas,72756
Rogers,arkansas,72758
Saint Paul,arkansas,72760
Siloam Springs,arkansas,72761
Springdale,arkansas,72762
Springdale,arkansas,72764
Sulphur Springs,arkansas,72768
Summers,arkansas,72769
Wesley,arkansas,72773
West Fork,arkansas,72774
Witter,arkansas,72776
Russellville,arkansas,72801
Russellville,arkansas,72802
Altus,arkansas,72821
Atkins,arkansas,72823
Belleville,arkansas,72824
Blue Mountain,arkansas,72826
Bluffton,arkansas,72827
Briggsville,arkansas,72828
Clarksville,arkansas,72830
Coal Hill,arkansas,72832
Danville,arkansas,72833
Dardanelle,arkansas,72834
Delaware,arkansas,72835
Dover,arkansas,72837
Gravelly,arkansas,72838
Hagarville,arkansas,72839
Hartman,arkansas,72840
Harvey,arkansas,72841
Havana,arkansas,72842
Hector,arkansas,72843
Knoxville,arkansas,72845
Lamar,arkansas,72846
London,arkansas,72847
New Blaine,arkansas,72851
Oark,arkansas,72852
Ola,arkansas,72853
Ozone,arkansas,72854
Paris,arkansas,72855
Pelsor,arkansas,72856
Plainview,arkansas,72857
Pottsville,arkansas,72858
Rover,arkansas,72860
Scranton,arkansas,72863
Subiaco,arkansas,72865
Fort Smith,arkansas,72901
Fort Smith,arkansas,72903
Fort Smith,arkansas,72904
Fort Smith,arkansas,72908
Fort Smith,arkansas,72916
Alma,arkansas,72921
Barling,arkansas,72923
Boles,arkansas,72926
Booneville,arkansas,72927
Branch,arkansas,72928
Cecil,arkansas,72930
Cedarville,arkansas,72932
Charleston,arkansas,72933
Chester,arkansas,72934
Dyer,arkansas,72935
Greenwood,arkansas,72936
Hackett,arkansas,72937
Hartford,arkansas,72938
Huntington,arkansas,72940
Lavaca,arkansas,72941
Magazine,arkansas,72943
Mansfield,arkansas,72944
Midland,arkansas,72945
Mountainburg,arkansas,72946
Mulberry,arkansas,72947
Natural Dam,arkansas,72948
Ozark,arkansas,72949
Parks,arkansas,72950
Ratcliff,arkansas,72951
Rudy,arkansas,72952
Uniontown,arkansas,72955
Van Buren,arkansas,72956
Waldron,arkansas,72958
Winslow,arkansas,72959
Alex,oklahoma,73002
Edmond,oklahoma,73003
Amber,oklahoma,73004
Anadarko,oklahoma,73005
Apache,oklahoma,73006
Arcadia,oklahoma,73007
Bethany,oklahoma,73008
Binger,oklahoma,73009
Blanchard,oklahoma,73010
Bradley,oklahoma,73011
Edmond,oklahoma,73012
Edmond,oklahoma,73013
Calumet,oklahoma,73014
Carnegie,oklahoma,73015
Cashion,oklahoma,73016
Cement,oklahoma,73017
Chickasha,oklahoma,73018
Norman,oklahoma,73019
Choctaw,oklahoma,73020
Colony,oklahoma,73021
Corn,oklahoma,73024
Edmond,oklahoma,73025
Norman,oklahoma,73026
Coyle,oklahoma,73027
Crescent,oklahoma,73028
Cyril,oklahoma,73029
Davis,oklahoma,73030
Dougherty,oklahoma,73032
Eakly,oklahoma,73033
Edmond,oklahoma,73034
El Reno,oklahoma,73036
Fort Cobb,oklahoma,73038
Geary,oklahoma,73040
Gotebo,oklahoma,73041
Gracemont,oklahoma,73042
Greenfield,oklahoma,73043
Guthrie,oklahoma,73044
Harrah,oklahoma,73045
Hinton,oklahoma,73047
Hydro,oklahoma,73048
Jones,oklahoma,73049
Langston,oklahoma,73050
Lexington,oklahoma,73051
Lindsay,oklahoma,73052
Lookeba,oklahoma,73053
Luther,oklahoma,73054
Marlow,oklahoma,73055
Marshall,oklahoma,73056
Maysville,oklahoma,73057
Meridian,oklahoma,73058
Minco,oklahoma,73059
Morrison,oklahoma,73061
Mountain View,oklahoma,73062
Mulhall,oklahoma,73063
Mustang,oklahoma,73064
Newcastle,oklahoma,73065
Nicoma Park,oklahoma,73066
Ninnekah,oklahoma,73067
Noble,oklahoma,73068
Norman,oklahoma,73069
Norman,oklahoma,73071
Norman,oklahoma,73072
Orlando,oklahoma,73073
Paoli,oklahoma,73074
Pauls Valley,oklahoma,73075
Perry,oklahoma,73077
Piedmont,oklahoma,73078
Pocasset,oklahoma,73079
Purcell,oklahoma,73080
Rush Springs,oklahoma,73082
Spencer,oklahoma,73084
Sulphur,oklahoma,73086
Tuttle,oklahoma,73089
Union City,oklahoma,73090
Verden,oklahoma,73092
Washington,oklahoma,73093
Wayne,oklahoma,73095
Weatherford,oklahoma,73096
Wheatland,oklahoma,73097
Wynnewood,oklahoma,73098
Yukon,oklahoma,73099
Oklahoma City,oklahoma,73102
Oklahoma City,oklahoma,73103
Oklahoma City,oklahoma,73104
Oklahoma City,oklahoma,73105
Oklahoma City,oklahoma,73106
Oklahoma City,oklahoma,73107
Oklahoma City,oklahoma,73108
Oklahoma City,oklahoma,73109
Oklahoma City,oklahoma,73110
Oklahoma City,oklahoma,73111
Oklahoma City,oklahoma,73112
Oklahoma City,oklahoma,73114
Oklahoma City,oklahoma,73115
Oklahoma City,oklahoma,73116
Oklahoma City,oklahoma,73117
Oklahoma City,oklahoma,73118
Oklahoma City,oklahoma,73119
Oklahoma City,oklahoma,73120
Oklahoma City,oklahoma,73121
Oklahoma City,oklahoma,73122
Oklahoma City,oklahoma,73127
Oklahoma City,oklahoma,73128
Oklahoma City,oklahoma,73129
Oklahoma City,oklahoma,73130
Oklahoma City,oklahoma,73131
Oklahoma City,oklahoma,73132
Oklahoma City,oklahoma,73134
Oklahoma City,oklahoma,73135
Oklahoma City,oklahoma,73139
Oklahoma City,oklahoma,73141
Oklahoma City,oklahoma,73142
Oklahoma City,oklahoma,73145
Oklahoma City,oklahoma,73149
Oklahoma City,oklahoma,73150
Oklahoma City,oklahoma,73151
Oklahoma City,oklahoma,73159
Oklahoma City,oklahoma,73160
Oklahoma City,oklahoma,73162
Oklahoma City,oklahoma,73165
Oklahoma City,oklahoma,73169
Oklahoma City,oklahoma,73170
Oklahoma City,oklahoma,73173
Oklahoma City,oklahoma,73179
Ardmore,oklahoma,73401
Countyline,oklahoma,73425
Burneyville,oklahoma,73430
Coleman,oklahoma,73432
Elmore City,oklahoma,73433
Foster,oklahoma,73434
Graham,oklahoma,73437
Healdton,oklahoma,73438
Kingston,oklahoma,73439
Lebanon,oklahoma,73440
Leon,oklahoma,73441
Loco,oklahoma,73442
Lone Grove,oklahoma,73443
Hennepin,oklahoma,73444
Madill,oklahoma,73446
Mannsville,oklahoma,73447
Marietta,oklahoma,73448
Mead,oklahoma,73449
Milburn,oklahoma,73450
Overbrook,oklahoma,73453
Ravia,oklahoma,73455
Ringling,oklahoma,73456
Springer,oklahoma,73458
Thackerville,oklahoma,73459
Tishomingo,oklahoma,73460
Wapanucka,oklahoma,73461
Wilson,oklahoma,73463
Ratliff City,oklahoma,73481
Tatums,oklahoma,73487
Velma,oklahoma,73491
Lawton,oklahoma,73501
Fort Sill,oklahoma,73503
Lawton,oklahoma,73505
Lawton,oklahoma,73507
Addington,oklahoma,73520
Altus,oklahoma,73521
Blair,oklahoma,73526
Cache,oklahoma,73527
Chattanooga,oklahoma,73528
Comanche,oklahoma,73529
Davidson,oklahoma,73530
Devol,oklahoma,73531
Duke,oklahoma,73532
Duncan,oklahoma,73533
Eldorado,oklahoma,73537
Elgin,oklahoma,73538
Elmer,oklahoma,73539
Faxon,oklahoma,73540
Fletcher,oklahoma,73541
Frederick,oklahoma,73542
Geronimo,oklahoma,73543
Gould,oklahoma,73544
Grandfield,oklahoma,73546
Granite,oklahoma,73547
Hastings,oklahoma,73548
Headrick,oklahoma,73549
Hollis,oklahoma,73550
Hollister,oklahoma,73551
Indiahoma,oklahoma,73552
Loveland,oklahoma,73553
Mangum,oklahoma,73554
Manitou,oklahoma,73555
Martha,oklahoma,73556
Medicine Park,oklahoma,73557
Mountain Park,oklahoma,73559
Olustee,oklahoma,73560
Randlett,oklahoma,73562
Roosevelt,oklahoma,73564
Ryan,oklahoma,73565
Snyder,oklahoma,73566
Sterling,oklahoma,73567
Temple,oklahoma,73568
Terral,oklahoma,73569
Tipton,oklahoma,73570
Vinson,oklahoma,73571
Walters,oklahoma,73572
Waurika,oklahoma,73573
Clinton,oklahoma,73601
Arapaho,oklahoma,73620
Bessie,oklahoma,73622
Burns Flat,oklahoma,73624
Butler,oklahoma,73625
Canute,oklahoma,73626
Carter,oklahoma,73627
Cheyenne,oklahoma,73628
Cordell,oklahoma,73632
Crawford,oklahoma,73638
Custer City,oklahoma,73639
Dill City,oklahoma,73641
Durham,oklahoma,73642
Elk City,oklahoma,73644
Erick,oklahoma,73645
Fay,oklahoma,73646
Foss,oklahoma,73647
Hammon,oklahoma,73650
Hobart,oklahoma,73651
Leedey,oklahoma,73654
Lone Wolf,oklahoma,73655
Oakwood,oklahoma,73658
Putnam,oklahoma,73659
Reydon,oklahoma,73660
Rocky,oklahoma,73661
Sayre,oklahoma,73662
Seiling,oklahoma,73663
Sentinel,oklahoma,73664
Sweetwater,oklahoma,73666
Taloga,oklahoma,73667
Thomas,oklahoma,73669
Willow,oklahoma,73673
Enid,oklahoma,73701
Enid,oklahoma,73703
Enid,oklahoma,73705
Aline,oklahoma,73716
Alva,oklahoma,73717
Ames,oklahoma,73718
Amorita,oklahoma,73719
Bison,oklahoma,73720
Burlington,oklahoma,73722
Canton,oklahoma,73724
Carmen,oklahoma,73726
Carrier,oklahoma,73727
Cherokee,oklahoma,73728
Cleo Springs,oklahoma,73729
Covington,oklahoma,73730
Dacoma,oklahoma,73731
Douglas,oklahoma,73733
Dover,oklahoma,73734
Drummond,oklahoma,73735
Fairmont,oklahoma,73736
Fairview,oklahoma,73737
Garber,oklahoma,73738
Goltry,oklahoma,73739
Helena,oklahoma,73741
Hennessey,oklahoma,73742
Hillsdale,oklahoma,73743
Hitchcock,oklahoma,73744
Hopeton,oklahoma,73746
Isabella,oklahoma,73747
Jet,oklahoma,73749
Kingfisher,oklahoma,73750
Kremlin,oklahoma,73753
Lahoma,oklahoma,73754
Longdale,oklahoma,73755
Loyal,oklahoma,73756
Lucien,oklahoma,73757
Manchester,oklahoma,73758
Medford,oklahoma,73759
Meno,oklahoma,73760
Nash,oklahoma,73761
Okarche,oklahoma,73762
Okeene,oklahoma,73763
Omega,oklahoma,73764
Pond Creek,oklahoma,73766
Ringwood,oklahoma,73768
Wakita,oklahoma,73771
Watonga,oklahoma,73772
Waukomis,oklahoma,73773
Woodward,oklahoma,73801
Arnett,oklahoma,73832
Buffalo,oklahoma,73834
Camargo,oklahoma,73835
Chester,oklahoma,73838
Fargo,oklahoma,73840
Fort Supply,oklahoma,73841
Freedom,oklahoma,73842
Gage,oklahoma,73843
Gate,oklahoma,73844
Laverne,oklahoma,73848
May,oklahoma,73851
Mooreland,oklahoma,73852
Mutual,oklahoma,73853
Rosston,oklahoma,73855
Sharon,oklahoma,73857
Shattuck,oklahoma,73858
Vici,oklahoma,73859
Waynoka,oklahoma,73860
Adams,oklahoma,73901
Balko,oklahoma,73931
Beaver,oklahoma,73932
Boise City,oklahoma,73933
Felt,oklahoma,73937
Forgan,oklahoma,73938
Goodwell,oklahoma,73939
Guymon,oklahoma,73942
Hardesty,oklahoma,73944
Hooker,oklahoma,73945
Kenton,oklahoma,73946
Keyes,oklahoma,73947
Texhoma,oklahoma,73949
Turpin,oklahoma,73950
Tyrone,oklahoma,73951
Avant,oklahoma,74001
Barnsdall,oklahoma,74002
Bartlesville,oklahoma,74003
Bartlesville,oklahoma,74006
Bixby,oklahoma,74008
Bristow,oklahoma,74010
Broken Arrow,oklahoma,74011
Broken Arrow,oklahoma,74012
Broken Arrow,oklahoma,74014
Catoosa,oklahoma,74015
Chelsea,oklahoma,74016
Claremore,oklahoma,74017
Claremore,oklahoma,74019
Cleveland,oklahoma,74020
Collinsville,oklahoma,74021
Copan,oklahoma,74022
Cushing,oklahoma,74023
Davenport,oklahoma,74026
Delaware,oklahoma,74027
Depew,oklahoma,74028
Dewey,oklahoma,74029
Drumright,oklahoma,74030
Glencoe,oklahoma,74032
Glenpool,oklahoma,74033
Hallett,oklahoma,74034
Hominy,oklahoma,74035
Inola,oklahoma,74036
Jenks,oklahoma,74037
Jennings,oklahoma,74038
Kellyville,oklahoma,74039
Kiefer,oklahoma,74041
Lenapah,oklahoma,74042
Mannford,oklahoma,74044
Maramec,oklahoma,74045
Milfay,oklahoma,74046
Mounds,oklahoma,74047
Nowata,oklahoma,74048
Oakhurst,oklahoma,74050
Ochelata,oklahoma,74051
Oilton,oklahoma,74052
Oologah,oklahoma,74053
Osage,oklahoma,74054
Owasso,oklahoma,74055
Pawhuska,oklahoma,74056
Pawnee,oklahoma,74058
Perkins,oklahoma,74059
Prue,oklahoma,74060
Ramona,oklahoma,74061
Ripley,oklahoma,74062
Sand Springs,oklahoma,74063
Sapulpa,oklahoma,74066
Shamrock,oklahoma,74068
Skiatook,oklahoma,74070
Slick,oklahoma,74071
S Coffeyville,oklahoma,74072
Sperry,oklahoma,74073
Stillwater,oklahoma,74074
Stillwater,oklahoma,74075
Stillwater,oklahoma,74078
Stroud,oklahoma,74079
Talala,oklahoma,74080
Terlton,oklahoma,74081
Vera,oklahoma,74082
Wann,oklahoma,74083
Wynona,oklahoma,74084
Yale,oklahoma,74085
Tulsa,oklahoma,74103
Tulsa,oklahoma,74104
Tulsa,oklahoma,74105
Tulsa,oklahoma,74106
Tulsa,oklahoma,74107
Tulsa,oklahoma,74108
Tulsa,oklahoma,74110
Tulsa,oklahoma,74112
Tulsa,oklahoma,74114
Tulsa,oklahoma,74115
Tulsa,oklahoma,74116
Tulsa,oklahoma,74117
Tulsa,oklahoma,74119
Tulsa,oklahoma,74120
Tulsa,oklahoma,74126
Tulsa,oklahoma,74127
Tulsa,oklahoma,74128
Tulsa,oklahoma,74129
Tulsa,oklahoma,74130
Tulsa,oklahoma,74131
Tulsa,oklahoma,74132
Tulsa,oklahoma,74133
Tulsa,oklahoma,74134
Tulsa,oklahoma,74135
Tulsa,oklahoma,74136
Tulsa,oklahoma,74137
Tulsa,oklahoma,74145
Tulsa,oklahoma,74146
Vinita,oklahoma,74301
Adair,oklahoma,74330
Afton,oklahoma,74331
Big Cabin,oklahoma,74332
Bluejacket,oklahoma,74333
Chouteau,oklahoma,74337
Colcord,oklahoma,74338
Commerce,oklahoma,74339
Disney,oklahoma,74340
Eucha,oklahoma,74342
Fairland,oklahoma,74343
Grove,oklahoma,74344
Jay,oklahoma,74346
Kansas,oklahoma,74347
Ketchum,oklahoma,74349
Langley,oklahoma,74350
Locust Grove,oklahoma,74352
Miami,oklahoma,74354
North Miami,oklahoma,74358
Oaks,oklahoma,74359
Picher,oklahoma,74360
Pryor,oklahoma,74361
Quapaw,oklahoma,74363
Rose,oklahoma,74364
Salina,oklahoma,74365
Spavinaw,oklahoma,74366
Strang,oklahoma,74367
Twin Oaks,oklahoma,74368
Welch,oklahoma,74369
Wyandotte,oklahoma,74370
Muskogee,oklahoma,74401
Muskogee,oklahoma,74403
Beggs,oklahoma,74421
Boynton,oklahoma,74422
Braggs,oklahoma,74423
Canadian,oklahoma,74425
Checotah,oklahoma,74426
Cookson,oklahoma,74427
Council Hill,oklahoma,74428
Coweta,oklahoma,74429
Crowder,oklahoma,74430
Dewar,oklahoma,74431
Eufaula,oklahoma,74432
Fort Gibson,oklahoma,74434
Gore,oklahoma,74435
Haskell,oklahoma,74436
Henryetta,oklahoma,74437
Hitchita,oklahoma,74438
Hulbert,oklahoma,74441
Indianola,oklahoma,74442
Morris,oklahoma,74445
Okay,oklahoma,74446
Okmulgee,oklahoma,74447
Oktaha,oklahoma,74450
Park Hill,oklahoma,74451
Peggs,oklahoma,74452
Porter,oklahoma,74454
Porum,oklahoma,74455
Preston,oklahoma,74456
Proctor,oklahoma,74457
Redbird,oklahoma,74458
Rentiesville,oklahoma,74459
Schulter,oklahoma,74460
Stigler,oklahoma,74462
Taft,oklahoma,74463
Tahlequah,oklahoma,74464
Wagoner,oklahoma,74467
Wainwright,oklahoma,74468
Warner,oklahoma,74469
Webbers Falls,oklahoma,74470
Welling,oklahoma,74471
Whitefield,oklahoma,74472
Wagoner,oklahoma,74477
Mcalester,oklahoma,74501
Albion,oklahoma,74521
Alderson,oklahoma,74522
Antlers,oklahoma,74523
Atoka,oklahoma,74525
Blanco,oklahoma,74528
Bromide,oklahoma,74530
Calvin,oklahoma,74531
Caney,oklahoma,74533
Centrahoma,oklahoma,74534
Clarita,oklahoma,74535
Clayton,oklahoma,74536
Coalgate,oklahoma,74538
Daisy,oklahoma,74540
Finley,oklahoma,74543
Haileyville,oklahoma,74546
Hartshorne,oklahoma,74547
Honobia,oklahoma,74549
Kinta,oklahoma,74552
Kiowa,oklahoma,74553
Krebs,oklahoma,74554
Lane,oklahoma,74555
Lehigh,oklahoma,74556
Moyers,oklahoma,74557
Nashoba,oklahoma,74558
Pittsburg,oklahoma,74560
Quinton,oklahoma,74561
Rattan,oklahoma,74562
Red Oak,oklahoma,74563
Savanna,oklahoma,74565
Snow,oklahoma,74567
Stringtown,oklahoma,74569
Stuart,oklahoma,74570
Talihina,oklahoma,74571
Tupelo,oklahoma,74572
Tuskahoma,oklahoma,74574
Wardville,oklahoma,74576
Whitesboro,oklahoma,74577
Wilburton,oklahoma,74578
Ponca City,oklahoma,74601
Ponca City,oklahoma,74604
Billings,oklahoma,74630
Blackwell,oklahoma,74631
Braman,oklahoma,74632
Burbank,oklahoma,74633
Deer Creek,oklahoma,74636
Fairfax,oklahoma,74637
Hunter,oklahoma,74640
Kaw City,oklahoma,74641
Lamont,oklahoma,74643
Marland,oklahoma,74644
Nardin,oklahoma,74646
Newkirk,oklahoma,74647
Ralston,oklahoma,74650
Red Rock,oklahoma,74651
Shidler,oklahoma,74652
Tonkawa,oklahoma,74653
Durant,oklahoma,74701
Achille,oklahoma,74720
Battiest,oklahoma,74722
Bennington,oklahoma,74723
Bethel,oklahoma,74724
Bokchito,oklahoma,74726
Boswell,oklahoma,74727
Broken Bow,oklahoma,74728
Caddo,oklahoma,74729
Calera,oklahoma,74730
Cartwright,oklahoma,74731
Colbert,oklahoma,74733
Eagletown,oklahoma,74734
Fort Towson,oklahoma,74735
Garvin,oklahoma,74736
Grant,oklahoma,74738
Haworth,oklahoma,74740
Hendrix,oklahoma,74741
Hugo,oklahoma,74743
Idabel,oklahoma,74745
Kemp,oklahoma,74747
Kenefic,oklahoma,74748
Millerton,oklahoma,74750
Platter,oklahoma,74753
Ringold,oklahoma,74754
Rufe,oklahoma,74755
Sawyer,oklahoma,74756
Soper,oklahoma,74759
Spencerville,oklahoma,74760
Swink,oklahoma,74761
Valliant,oklahoma,74764
Wright City,oklahoma,74766
Shawnee,oklahoma,74801
Shawnee,oklahoma,74804
Ada,oklahoma,74820
Agra,oklahoma,74824
Allen,oklahoma,74825
Asher,oklahoma,74826
Atwood,oklahoma,74827
Boley,oklahoma,74829
Bowlegs,oklahoma,74830
Byars,oklahoma,74831
Carney,oklahoma,74832
Castle,oklahoma,74833
Chandler,oklahoma,74834
Connerville,oklahoma,74836
Cromwell,oklahoma,74837
Dustin,oklahoma,74839
Earlsboro,oklahoma,74840
Fittstown,oklahoma,74842
Fitzhugh,oklahoma,74843
Francis,oklahoma,74844
Hanna,oklahoma,74845
Holdenville,oklahoma,74848
Konawa,oklahoma,74849
Lamar,oklahoma,74850
Mcloud,oklahoma,74851
Macomb,oklahoma,74852
Maud,oklahoma,74854
Meeker,oklahoma,74855
Mill Creek,oklahoma,74856
Newalla,oklahoma,74857
Okemah,oklahoma,74859
Paden,oklahoma,74860
Prague,oklahoma,74864
Roff,oklahoma,74865
Sasakwa,oklahoma,74867
Seminole,oklahoma,74868
Sparks,oklahoma,74869
Stonewall,oklahoma,74871
Stratford,oklahoma,74872
Tecumseh,oklahoma,74873
Tryon,oklahoma,74875
Wanette,oklahoma,74878
Weleetka,oklahoma,74880
Wellston,oklahoma,74881
Wetumka,oklahoma,74883
Wewoka,oklahoma,74884
Arkoma,oklahoma,74901
Pocola,oklahoma,74902
Bokoshe,oklahoma,74930
Bunch,oklahoma,74931
Cameron,oklahoma,74932
Fanshawe,oklahoma,74935
Gans,oklahoma,74936
Heavener,oklahoma,74937
Hodgen,oklahoma,74939
Howe,oklahoma,74940
Keota,oklahoma,74941
Leflore,oklahoma,74942
Lequire,oklahoma,74943
Mccurtain,oklahoma,74944
Marble City,oklahoma,74945
Moffett,oklahoma,74946
Muldrow,oklahoma,74948
Muse,oklahoma,74949
Panama,oklahoma,74951
Poteau,oklahoma,74953
Roland,oklahoma,74954
Sallisaw,oklahoma,74955
Shady Point,oklahoma,74956
Smithville,oklahoma,74957
Spiro,oklahoma,74959
Stilwell,oklahoma,74960
Vian,oklahoma,74962
Watson,oklahoma,74963
Watts,oklahoma,74964
Westville,oklahoma,74965
Wister,oklahoma,74966
Addison,texas,75001
Allen,texas,75002
Carrollton,texas,75006
Carrollton,texas,75007
Celina,texas,75009
Carrollton,texas,75010
Allen,texas,75013
Coppell,texas,75019
Denison,texas,75020
Denison,texas,75021
Flower Mound,texas,75022
Plano,texas,75023
Plano,texas,75024
Plano,texas,75025
Flower Mound,texas,75028
Rockwall,texas,75032
Frisco,texas,75034
Frisco,texas,75035
Irving,texas,75038
Irving,texas,75039
Garland,texas,75040
Garland,texas,75041
Garland,texas,75042
Garland,texas,75043
Garland,texas,75044
Sachse,texas,75048
Grand Prairie,texas,75050
Grand Prairie,texas,75051
Grand Prairie,texas,75052
Grand Prairie,texas,75054
The Colony,texas,75056
Lewisville,texas,75057
Gunter,texas,75058
Irving,texas,75060
Irving,texas,75061
Irving,texas,75062
Irving,texas,75063
Lake Dallas,texas,75065
Lewisville,texas,75067
Little Elm,texas,75068
Mckinney,texas,75069
Mckinney,texas,75070
Mckinney,texas,75071
Plano,texas,75074
Plano,texas,75075
Pottsboro,texas,75076
Lewisville,texas,75077
Prosper,texas,75078
Richardson,texas,75080
Richardson,texas,75081
Richardson,texas,75082
Rockwall,texas,75087
Rowlett,texas,75088
Rowlett,texas,75089
Sherman,texas,75090
Sherman,texas,75092
Plano,texas,75093
Plano,texas,75094
Wylie,texas,75098
Bardwell,texas,75101
Barry,texas,75102
Canton,texas,75103
Cedar Hill,texas,75104
Chatfield,texas,75105
Corsicana,texas,75109
Corsicana,texas,75110
Crandall,texas,75114
Desoto,texas,75115
Duncanville,texas,75116
Edgewood,texas,75117
Ennis,texas,75119
Eustace,texas,75124
Ferris,texas,75125
Forney,texas,75126
Fruitvale,texas,75127
Fate,texas,75132
Lancaster,texas,75134
Caddo Mills,texas,75135
Duncanville,texas,75137
Grand Saline,texas,75140
Hutchins,texas,75141
Kaufman,texas,75142
Kemp,texas,75143
Kerens,texas,75144
Lancaster,texas,75146
Mabank,texas,75147
Malakoff,texas,75148
Mesquite,texas,75149
Mesquite,texas,75150
Palmer,texas,75152
Powell,texas,75153
Red Oak,texas,75154
Rice,texas,75155
Mabank,texas,75156
Rosser,texas,75157
Scurry,texas,75158
Seagoville,texas,75159
Terrell,texas,75160
Terrell,texas,75161
Trinidad,texas,75163
Josephine,texas,75164
Waxahachie,texas,75165
Lavon,texas,75166
Waxahachie,texas,75167
Wills Point,texas,75169
Wilmer,texas,75172
Nevada,texas,75173
Balch Springs,texas,75180
Mesquite,texas,75181
Sunnyvale,texas,75182
Royse City,texas,75189
Dallas,texas,75201
Dallas,texas,75202
Dallas,texas,75203
Dallas,texas,75204
Dallas,texas,75205
Dallas,texas,75206
Dallas,texas,75207
Dallas,texas,75208
Dallas,texas,75209
Dallas,texas,75210
Dallas,texas,75211
Dallas,texas,75212
Dallas,texas,75214
Dallas,texas,75215
Dallas,texas,75216
Dallas,texas,75217
Dallas,texas,75218
Dallas,texas,75219
Dallas,texas,75220
Dallas,texas,75223
Dallas,texas,75224
Dallas,texas,75225
Dallas,texas,75226
Dallas,texas,75227
Dallas,texas,75228
Dallas,texas,75229
Dallas,texas,75230
Dallas,texas,75231
Dallas,texas,75232
Dallas,texas,75233
Dallas,texas,75234
Dallas,texas,75235
Dallas,texas,75236
Dallas,texas,75237
Dallas,texas,75238
Dallas,texas,75240
Dallas,texas,75241
Dallas,texas,75243
Dallas,texas,75244
Dallas,texas,75246
Dallas,texas,75247
Dallas,texas,75248
Dallas,texas,75249
Dallas,texas,75251
Dallas,texas,75252
Dallas,texas,75253
Dallas,texas,75254
Dallas,texas,75270
Dallas,texas,75287
Dallas,texas,75390
Greenville,texas,75401
Greenville,texas,75402
Princeton,texas,75407
Anna,texas,75409
Alba,texas,75410
Arthur City,texas,75411
Bagwell,texas,75412
Bailey,texas,75413
Bells,texas,75414
Ben Franklin,texas,75415
Blossom,texas,75416
Bogata,texas,75417
Bonham,texas,75418
Brashear,texas,75420
Brookston,texas,75421
Campbell,texas,75422
Celeste,texas,75423
Blue Ridge,texas,75424
Clarksville,texas,75426
Commerce,texas,75428
Como,texas,75431
Cooper,texas,75432
Cumby,texas,75433
Deport,texas,75435
Detroit,texas,75436
Dike,texas,75437
Dodd City,texas,75438
Ector,texas,75439
Emory,texas,75440
Enloe,texas,75441
Farmersville,texas,75442
Honey Grove,texas,75446
Ivanhoe,texas,75447
Klondike,texas,75448
Ladonia,texas,75449
Lake Creek,texas,75450
Leesburg,texas,75451
Leonard,texas,75452
Lone Oak,texas,75453
Melissa,texas,75454
Mount Pleasant,texas,75455
Mount Vernon,texas,75457
Howe,texas,75459
Paris,texas,75460
Paris,texas,75462
Pattonville,texas,75468
Pecan Gap,texas,75469
Petty,texas,75470
Pickton,texas,75471
Point,texas,75472
Powderly,texas,75473
Quinlan,texas,75474
Randolph,texas,75475
Ravenna,texas,75476
Roxton,texas,75477
Saltillo,texas,75478
Savoy,texas,75479
Scroggins,texas,75480
Sulphur Bluff,texas,75481
Sulphur Springs,texas,75482
Sumner,texas,75486
Talco,texas,75487
Telephone,texas,75488
Tom Bean,texas,75489
Trenton,texas,75490
Whitewright,texas,75491
Windom,texas,75492
Winfield,texas,75493
Winnsboro,texas,75494
Van Alstyne,texas,75495
Wolfe City,texas,75496
Yantis,texas,75497
Texarkana,texas,75501
Texarkana,texas,75503
Annona,texas,75550
Atlanta,texas,75551
Avery,texas,75554
Bivins,texas,75555
Bloomburg,texas,75556
Cookville,texas,75558
De Kalb,texas,75559
Douglassville,texas,75560
Hooks,texas,75561
Kildare,texas,75562
Linden,texas,75563
Mc Leod,texas,75565
Marietta,texas,75566
Maud,texas,75567
Naples,texas,75568
Nash,texas,75569
New Boston,texas,75570
Omaha,texas,75571
Queen City,texas,75572
Redwater,texas,75573
Simms,texas,75574
Longview,texas,75601
Longview,texas,75602
Longview,texas,75603
Longview,texas,75604
Longview,texas,75605
Avinger,texas,75630
Beckville,texas,75631
Carthage,texas,75633
Daingerfield,texas,75638
De Berry,texas,75639
Diana,texas,75640
Easton,texas,75641
Elysian Fields,texas,75642
Gary,texas,75643
Gilmer,texas,75644
Gilmer,texas,75645
Gladewater,texas,75647
Hallsville,texas,75650
Harleton,texas,75651
Henderson,texas,75652
Henderson,texas,75654
Hughes Springs,texas,75656
Jefferson,texas,75657
Karnack,texas,75661
Kilgore,texas,75662
Laneville,texas,75667
Lone Star,texas,75668
Long Branch,texas,75669
Marshall,texas,75670
Marshall,texas,75672
Mount Enterprise,texas,75681
New London,texas,75682
Ore City,texas,75683
Overton,texas,75684
Pittsburg,texas,75686
Tatum,texas,75691
Waskom,texas,75692
White Oak,texas,75693
Tyler,texas,75701
Tyler,texas,75702
Tyler,texas,75703
Tyler,texas,75704
Tyler,texas,75705
Tyler,texas,75706
Tyler,texas,75707
Tyler,texas,75708
Tyler,texas,75709
Arp,texas,75750
Athens,texas,75751
Athens,texas,75752
Ben Wheeler,texas,75754
Big Sandy,texas,75755
Brownsboro,texas,75756
Bullard,texas,75757
Chandler,texas,75758
Cuney,texas,75759
Cushing,texas,75760
Flint,texas,75762
Frankston,texas,75763
Gallatin,texas,75764
Hawkins,texas,75765
Jacksonville,texas,75766
Larue,texas,75770
Lindale,texas,75771
Mineola,texas,75773
Murchison,texas,75778
Neches,texas,75779
New Summerfield,texas,75780
Quitman,texas,75783
Reklaw,texas,75784
Rusk,texas,75785
Sacul,texas,75788
Troup,texas,75789
Van,texas,75790
Whitehouse,texas,75791
Winona,texas,75792
Palestine,texas,75801
Palestine,texas,75803
Buffalo,texas,75831
Cayuga,texas,75832
Centerville,texas,75833
Crockett,texas,75835
Donie,texas,75838
Elkhart,texas,75839
Fairfield,texas,75840
Grapeland,texas,75844
Groveton,texas,75845
Jewett,texas,75846
Kennard,texas,75847
Kirvin,texas,75848
Latexo,texas,75849
Leona,texas,75850
Lovelady,texas,75851
Midway,texas,75852
Montalba,texas,75853
Oakwood,texas,75855
Pennington,texas,75856
Ratcliff,texas,75858
Streetman,texas,75859
Teague,texas,75860
Tennessee Colony,texas,75861
Trinity,texas,75862
Lufkin,texas,75901
Lufkin,texas,75904
Alto,texas,75925
Apple Springs,texas,75926
Bon Wier,texas,75928
Broaddus,texas,75929
Bronson,texas,75930
Brookeland,texas,75931
Burkeville,texas,75932
Call,texas,75933
Camden,texas,75934
Center,texas,75935
Chester,texas,75936
Chireno,texas,75937
Colmesneil,texas,75938
Corrigan,texas,75939
Diboll,texas,75941
Doucette,texas,75942
Douglass,texas,75943
Etoile,texas,75944
Garrison,texas,75946
Hemphill,texas,75948
Huntington,texas,75949
Jasper,texas,75951
Joaquin,texas,75954
Kirbyville,texas,75956
Milam,texas,75959
Moscow,texas,75960
Nacogdoches,texas,75961
Nacogdoches,texas,75962
Nacogdoches,texas,75964
Nacogdoches,texas,75965
Newton,texas,75966
Pineland,texas,75968
Pollok,texas,75969
San Augustine,texas,75972
Shelbyville,texas,75973
Tenaha,texas,75974
Timpson,texas,75975
Wells,texas,75976
Wiergate,texas,75977
Woden,texas,75978
Woodville,texas,75979
Zavalla,texas,75980
Arlington,texas,76001
Arlington,texas,76002
Arlington,texas,76006
Aledo,texas,76008
Alvarado,texas,76009
Arlington,texas,76010
Arlington,texas,76011
Arlington,texas,76012
Arlington,texas,76013
Arlington,texas,76014
Arlington,texas,76015
Arlington,texas,76016
Arlington,texas,76017
Arlington,texas,76018
Azle,texas,76020
Bedford,texas,76021
Bedford,texas,76022
Boyd,texas,76023
Burleson,texas,76028
Cleburne,texas,76031
Cleburne,texas,76033
Colleyville,texas,76034
Cresson,texas,76035
Crowley,texas,76036
Euless,texas,76039
Euless,texas,76040
Forreston,texas,76041
Glen Rose,texas,76043
Godley,texas,76044
Granbury,texas,76048
Granbury,texas,76049
Grandview,texas,76050
Grapevine,texas,76051
Haslet,texas,76052
Hurst,texas,76053
Hurst,texas,76054
Itasca,texas,76055
Joshua,texas,76058
Keene,texas,76059
Kennedale,texas,76060
Lillian,texas,76061
Mansfield,texas,76063
Maypearl,texas,76064
Midlothian,texas,76065
Millsap,texas,76066
Mineral Wells,texas,76067
Nemo,texas,76070
Newark,texas,76071
Paradise,texas,76073
Rainbow,texas,76077
Rhome,texas,76078
Springtown,texas,76082
Venus,texas,76084
Weatherford,texas,76085
Weatherford,texas,76086
Weatherford,texas,76087
Weatherford,texas,76088
Southlake,texas,76092
Rio Vista,texas,76093
Fort Worth,texas,76102
Fort Worth,texas,76103
Fort Worth,texas,76104
Fort Worth,texas,76105
Fort Worth,texas,76106
Fort Worth,texas,76107
Fort Worth,texas,76108
Fort Worth,texas,76109
Fort Worth,texas,76110
Fort Worth,texas,76111
Fort Worth,texas,76112
Fort Worth,texas,76114
Fort Worth,texas,76115
Fort Worth,texas,76116
Haltom City,texas,76117
Fort Worth,texas,76118
Fort Worth,texas,76119
Fort Worth,texas,76120
Fort Worth,texas,76123
Fort Worth,texas,76126
Naval Air Station Jrb,texas,76127
Fort Worth,texas,76129
Fort Worth,texas,76131
Fort Worth,texas,76132
Fort Worth,texas,76133
Fort Worth,texas,76134
Fort Worth,texas,76135
Fort Worth,texas,76137
Fort Worth,texas,76140
Fort Worth,texas,76148
Fort Worth,texas,76155
Fort Worth,texas,76164
Fort Worth,texas,76177
Fort Worth,texas,76179
North Richland Hills,texas,76180
North Richland Hills,texas,76182
Denton,texas,76201
Denton,texas,76205
Denton,texas,76207
Denton,texas,76208
Denton,texas,76209
Denton,texas,76210
Alvord,texas,76225
Argyle,texas,76226
Aubrey,texas,76227
Bellevue,texas,76228
Bowie,texas,76230
Collinsville,texas,76233
Decatur,texas,76234
Era,texas,76238
Forestburg,texas,76239
Gainesville,texas,76240
Keller,texas,76244
Gordonville,texas,76245
Justin,texas,76247
Keller,texas,76248
Krum,texas,76249
Lindsay,texas,76250
Montague,texas,76251
Muenster,texas,76252
Myra,texas,76253
Nocona,texas,76255
Pilot Point,texas,76258
Ponder,texas,76259
Ringgold,texas,76261
Roanoke,texas,76262
Rosston,texas,76263
Sadler,texas,76264
Saint Jo,texas,76265
Sanger,texas,76266
Southmayd,texas,76268
Sunset,texas,76270
Tioga,texas,76271
Valley View,texas,76272
Whitesboro,texas,76273
Wichita Falls,texas,76301
Wichita Falls,texas,76302
Wichita Falls,texas,76305
Wichita Falls,texas,76306
Wichita Falls,texas,76308
Wichita Falls,texas,76309
Wichita Falls,texas,76310
Sheppard Afb,texas,76311
Archer City,texas,76351
Burkburnett,texas,76354
Byers,texas,76357
Electra,texas,76360
Goree,texas,76363
Harrold,texas,76364
Henrietta,texas,76365
Holliday,texas,76366
Iowa Park,texas,76367
Megargel,texas,76370
Munday,texas,76371
Newcastle,texas,76372
Oklaunion,texas,76373
Olney,texas,76374
Petrolia,texas,76377
Scotland,texas,76379
Seymour,texas,76380
Vernon,texas,76384
Weinert,texas,76388
Windthorst,texas,76389
Stephenville,texas,76401
Stephenville,texas,76402
Breckenridge,texas,76424
Bridgeport,texas,76426
Bryson,texas,76427
Caddo,texas,76429
Albany,texas,76430
Chico,texas,76431
Blanket,texas,76432
Bluff Dale,texas,76433
Carbon,texas,76435
Carlton,texas,76436
Cisco,texas,76437
Comanche,texas,76442
Cross Plains,texas,76443
De Leon,texas,76444
Desdemona,texas,76445
Dublin,texas,76446
Eastland,texas,76448
Graford,texas,76449
Graham,texas,76450
Energy,texas,76452
Gordon,texas,76453
Gorman,texas,76454
Gustine,texas,76455
Hico,texas,76457
Jacksboro,texas,76458
Jermyn,texas,76459
Loving,texas,76460
Lipan,texas,76462
Mingus,texas,76463
Moran,texas,76464
Olden,texas,76466
Putnam,texas,76469
Ranger,texas,76470
Rising Star,texas,76471
Santo,texas,76472
Sidney,texas,76474
Strawn,texas,76475
Tolar,texas,76476
South Bend,texas,76481
Throckmorton,texas,76483
Palo Pinto,texas,76484
Perrin,texas,76486
Poolville,texas,76487
Whitt,texas,76490
Woodson,texas,76491
Temple,texas,76501
Temple,texas,76502
Temple,texas,76504
Temple,texas,76508
Bartlett,texas,76511
Belton,texas,76513
Buckholts,texas,76518
Burlington,texas,76519
Cameron,texas,76520
Copperas Cove,texas,76522
Davilla,texas,76523
Eddy,texas,76524
Evant,texas,76525
Florence,texas,76527
Gatesville,texas,76528
Granger,texas,76530
Hamilton,texas,76531
Holland,texas,76534
Jarrell,texas,76537
Jonesboro,texas,76538
Kempner,texas,76539
Killeen,texas,76541
Killeen,texas,76542
Killeen,texas,76543
Fort Hood,texas,76544
Harker Heights,texas,76548
Killeen,texas,76549
Lampasas,texas,76550
Little River Academy,texas,76554
Milano,texas,76556
Moody,texas,76557
Nolanville,texas,76559
Oglesby,texas,76561
Pottsville,texas,76565
Purmela,texas,76566
Rockdale,texas,76567
Rogers,texas,76569
Rosebud,texas,76570
Salado,texas,76571
Schwertner,texas,76573
Taylor,texas,76574
Thorndale,texas,76577
Thrall,texas,76578
Troy,texas,76579
Gatesville,texas,76596
Gatesville,texas,76597
Gatesville,texas,76598
Gatesville,texas,76599
Abbott,texas,76621
Aquilla,texas,76622
Avalon,texas,76623
Axtell,texas,76624
Blooming Grove,texas,76626
Blum,texas,76627
Brandon,texas,76628
Bremond,texas,76629
Bruceville,texas,76630
Bynum,texas,76631
Chilton,texas,76632
China Spring,texas,76633
Clifton,texas,76634
Coolidge,texas,76635
Covington,texas,76636
Cranfills Gap,texas,76637
Crawford,texas,76638
Dawson,texas,76639
Elm Mott,texas,76640
Frost,texas,76641
Groesbeck,texas,76642
Hewitt,texas,76643
Hillsboro,texas,76645
Hubbard,texas,76648
Iredell,texas,76649
Irene,texas,76650
Italy,texas,76651
Kopperl,texas,76652
Kosse,texas,76653
Leroy,texas,76654
Lorena,texas,76655
Lott,texas,76656
Mc Gregor,texas,76657
Malone,texas,76660
Marlin,texas,76661
Mart,texas,76664
Meridian,texas,76665
Mertens,texas,76666
Mexia,texas,76667
Milford,texas,76670
Morgan,texas,76671
Mount Calm,texas,76673
Penelope,texas,76676
Prairie Hill,texas,76678
Purdon,texas,76679
Reagan,texas,76680
Richland,texas,76681
Riesel,texas,76682
Satin,texas,76685
Tehuacana,texas,76686
Thornton,texas,76687
Valley Mills,texas,76689
Walnut Springs,texas,76690
West,texas,76691
Whitney,texas,76692
Wortham,texas,76693
Waco,texas,76701
Waco,texas,76704
Waco,texas,76705
Waco,texas,76706
Waco,texas,76707
Waco,texas,76708
Waco,texas,76710
Waco,texas,76711
Woodway,texas,76712
Waco,texas,76798
Brownwood,texas,76801
Early,texas,76802
Art,texas,76820
Ballinger,texas,76821
Bangs,texas,76823
Bend,texas,76824
Brady,texas,76825
Brookesmith,texas,76827
Burkett,texas,76828
Castell,texas,76831
Cherokee,texas,76832
Coleman,texas,76834
Doole,texas,76836
Eden,texas,76837
Fort Mc Kavett,texas,76841
Fredonia,texas,76842
Goldthwaite,texas,76844
Gouldbusk,texas,76845
Hext,texas,76848
Junction,texas,76849
Lohn,texas,76852
Lometa,texas,76853
London,texas,76854
Mason,texas,76856
May,texas,76857
Melvin,texas,76858
Menard,texas,76859
Miles,texas,76861
Millersview,texas,76862
Mullin,texas,76864
Norton,texas,76865
Paint Rock,texas,76866
Pontotoc,texas,76869
Priddy,texas,76870
Richland Springs,texas,76871
Rochelle,texas,76872
Rockwood,texas,76873
Roosevelt,texas,76874
Rowena,texas,76875
San Saba,texas,76877
Santa Anna,texas,76878
Talpa,texas,76882
Valera,texas,76884
Valley Spring,texas,76885
Voca,texas,76887
Voss,texas,76888
Zephyr,texas,76890
San Angelo,texas,76901
San Angelo,texas,76903
San Angelo,texas,76904
San Angelo,texas,76905
Goodfellow Afb,texas,76908
Barnhart,texas,76930
Big Lake,texas,76932
Bronte,texas,76933
Carlsbad,texas,76934
Christoval,texas,76935
Eldorado,texas,76936
Eola,texas,76937
Knickerbocker,texas,76939
Mereta,texas,76940
Mertzon,texas,76941
Ozona,texas,76943
Robert Lee,texas,76945
Silver,texas,76949
Sonora,texas,76950
Sterling City,texas,76951
Tennyson,texas,76953
Vancourt,texas,76955
Wall,texas,76957
Water Valley,texas,76958
Houston,texas,77002
Houston,texas,77003
Houston,texas,77004
Houston,texas,77005
Houston,texas,77006
Houston,texas,77007
Houston,texas,77008
Houston,texas,77009
Houston,texas,77010
Houston,texas,77011
Houston,texas,77012
Houston,texas,77013
Houston,texas,77014
Houston,texas,77015
Houston,texas,77016
Houston,texas,77017
Houston,texas,77018
Houston,texas,77019
Houston,texas,77020
Houston,texas,77021
Houston,texas,77022
Houston,texas,77023
Houston,texas,77024
Houston,texas,77025
Houston,texas,77026
Houston,texas,77027
Houston,texas,77028
Houston,texas,77029
Houston,texas,77030
Houston,texas,77031
Houston,texas,77032
Houston,texas,77033
Houston,texas,77034
Houston,texas,77035
Houston,texas,77036
Houston,texas,77037
Houston,texas,77038
Houston,texas,77039
Houston,texas,77040
Houston,texas,77041
Houston,texas,77042
Houston,texas,77043
Houston,texas,77044
Houston,texas,77045
Houston,texas,77046
Houston,texas,77047
Houston,texas,77048
Houston,texas,77049
Houston,texas,77050
Houston,texas,77051
Houston,texas,77053
Houston,texas,77054
Houston,texas,77055
Houston,texas,77056
Houston,texas,77057
Houston,texas,77058
Houston,texas,77059
Houston,texas,77060
Houston,texas,77061
Houston,texas,77062
Houston,texas,77063
Houston,texas,77064
Houston,texas,77065
Houston,texas,77066
Houston,texas,77067
Houston,texas,77068
Houston,texas,77069
Houston,texas,77070
Houston,texas,77071
Houston,texas,77072
Houston,texas,77073
Houston,texas,77074
Houston,texas,77075
Houston,texas,77076
Houston,texas,77077
Houston,texas,77078
Houston,texas,77079
Houston,texas,77080
Houston,texas,77081
Houston,texas,77082
Houston,texas,77083
Houston,texas,77084
Houston,texas,77085
Houston,texas,77086
Houston,texas,77087
Houston,texas,77088
Houston,texas,77089
Houston,texas,77090
Houston,texas,77091
Houston,texas,77092
Houston,texas,77093
Houston,texas,77094
Houston,texas,77095
Houston,texas,77096
Houston,texas,77098
Houston,texas,77099
Houston,texas,77201
Conroe,texas,77301
Conroe,texas,77302
Conroe,texas,77303
Conroe,texas,77304
Conroe,texas,77306
Montgomery,texas,77316
Willis,texas,77318
Huntsville,texas,77320
Ace,texas,77326
Cleveland,texas,77327
Cleveland,texas,77328
Coldspring,texas,77331
Dodge,texas,77334
Goodrich,texas,77335
Huffman,texas,77336
Humble,texas,77338
Kingwood,texas,77339
Huntsville,texas,77340
Huntsville,texas,77342
Kingwood,texas,77345
Humble,texas,77346
Leggett,texas,77350
Livingston,texas,77351
Magnolia,texas,77354
Magnolia,texas,77355
Montgomery,texas,77356
New Caney,texas,77357
New Waverly,texas,77358
Oakhurst,texas,77359
Onalaska,texas,77360
Pinehurst,texas,77362
Plantersville,texas,77363
Pointblank,texas,77364
Porter,texas,77365
Riverside,texas,77367
Romayor,texas,77368
Rye,texas,77369
Shepherd,texas,77371
Splendora,texas,77372
Spring,texas,77373
Thicket,texas,77374
Tomball,texas,77375
Votaw,texas,77376
Tomball,texas,77377
Willis,texas,77378
Spring,texas,77379
Spring,texas,77380
Spring,texas,77381
Spring,texas,77382
Conroe,texas,77384
Conroe,texas,77385
Spring,texas,77386
Spring,texas,77388
Spring,texas,77389
Humble,texas,77396
Bellaire,texas,77401
Richmond,texas,77406
Richmond,texas,77407
Altair,texas,77412
Bay City,texas,77414
Cedar Lane,texas,77415
Beasley,texas,77417
Bellville,texas,77418
Blessing,texas,77419
Boling,texas,77420
Brazoria,texas,77422
Brookshire,texas,77423
Chappell Hill,texas,77426
Collegeport,texas,77428
Cypress,texas,77429
Damon,texas,77430
Danevang,texas,77432
Cypress,texas,77433
Eagle Lake,texas,77434
East Bernard,texas,77435
Egypt,texas,77436
El Campo,texas,77437
Elmaton,texas,77440
Fulshear,texas,77441
Garwood,texas,77442
Glen Flora,texas,77443
Guy,texas,77444
Hempstead,texas,77445
Prairie View,texas,77446
Hockley,texas,77447
Hungerford,texas,77448
Katy,texas,77449
Katy,texas,77450
Kendleton,texas,77451
Lane City,texas,77453
Lissie,texas,77454
Louise,texas,77455
Markham,texas,77456
Matagorda,texas,77457
Midfield,texas,77458
Missouri City,texas,77459
Nada,texas,77460
Needville,texas,77461
Orchard,texas,77464
Palacios,texas,77465
Pattison,texas,77466
Pierce,texas,77467
Pledger,texas,77468
Richmond,texas,77469
Rock Island,texas,77470
Rosenberg,texas,77471
San Felipe,texas,77473
Sealy,texas,77474
Sheridan,texas,77475
Simonton,texas,77476
Stafford,texas,77477
Sugar Land,texas,77478
Sugar Land,texas,77479
Sweeny,texas,77480
Thompsons,texas,77481
Van Vleck,texas,77482
Wadsworth,texas,77483
Waller,texas,77484
Wallis,texas,77485
West Columbia,texas,77486
Wharton,texas,77488
Missouri City,texas,77489
Katy,texas,77493
Katy,texas,77494
Sugar Land,texas,77498
Pasadena,texas,77502
Pasadena,texas,77503
Pasadena,texas,77504
Pasadena,texas,77505
Pasadena,texas,77506
Pasadena,texas,77507
Santa Fe,texas,77510
Alvin,texas,77511
Anahuac,texas,77514
Angleton,texas,77515
Santa Fe,texas,77517
Bacliff,texas,77518
Batson,texas,77519
Baytown,texas,77520
Baytown,texas,77521
Baytown,texas,77523
Channelview,texas,77530
Clute,texas,77531
Crosby,texas,77532
Daisetta,texas,77533
Danbury,texas,77534
Dayton,texas,77535
Deer Park,texas,77536
Devers,texas,77538
Dickinson,texas,77539
Freeport,texas,77541
Fresno,texas,77545
Friendswood,texas,77546
Galena Park,texas,77547
Galveston,texas,77550
Galveston,texas,77551
Galveston,texas,77554
Hankamer,texas,77560
Hardin,texas,77561
Highlands,texas,77562
Hitchcock,texas,77563
Hull,texas,77564
Kemah,texas,77565
Lake Jackson,texas,77566
La Marque,texas,77568
La Porte,texas,77571
League City,texas,77573
Liberty,texas,77575
Liverpool,texas,77577
Manvel,texas,77578
Mont Belvieu,texas,77580
Pearland,texas,77581
Rosharon,texas,77583
Pearland,texas,77584
Saratoga,texas,77585
Seabrook,texas,77586
South Houston,texas,77587
Texas City,texas,77590
Texas City,texas,77591
Wallisville,texas,77597
Webster,texas,77598
Bridge City,texas,77611
Buna,texas,77612
China,texas,77613
Deweyville,texas,77614
Evadale,texas,77615
Fred,texas,77616
Gilchrist,texas,77617
Groves,texas,77619
Hamshire,texas,77622
High Island,texas,77623
Hillister,texas,77624
Kountze,texas,77625
Nederland,texas,77627
Nome,texas,77629
Orange,texas,77630
Orange,texas,77632
Port Arthur,texas,77640
Port Arthur,texas,77642
Port Bolivar,texas,77650
Port Neches,texas,77651
Sabine Pass,texas,77655
Silsbee,texas,77656
Lumberton,texas,77657
Sour Lake,texas,77659
Spurger,texas,77660
Stowell,texas,77661
Vidor,texas,77662
Village Mills,texas,77663
Warren,texas,77664
Winnie,texas,77665
Beaumont,texas,77701
Beaumont,texas,77702
Beaumont,texas,77703
Beaumont,texas,77705
Beaumont,texas,77706
Beaumont,texas,77707
Beaumont,texas,77708
Beaumont,texas,77713
Bryan,texas,77801
Bryan,texas,77802
Bryan,texas,77803
Bryan,texas,77807
Bryan,texas,77808
Anderson,texas,77830
Bedias,texas,77831
Brenham,texas,77833
Burton,texas,77835
Caldwell,texas,77836
Calvert,texas,77837
College Station,texas,77840
College Station,texas,77845
Dime Box,texas,77853
Flynn,texas,77855
Franklin,texas,77856
Gause,texas,77857
Hearne,texas,77859
Iola,texas,77861
Madisonville,texas,77864
Marquez,texas,77865
Mumford,texas,77867
Navasota,texas,77868
Normangee,texas,77871
North Zulch,texas,77872
Richards,texas,77873
Shiro,texas,77876
Snook,texas,77878
Somerville,texas,77879
Washington,texas,77880
Victoria,texas,77901
Victoria,texas,77904
Victoria,texas,77905
Austwell,texas,77950
Bloomington,texas,77951
Cuero,texas,77954
Edna,texas,77957
Fannin,texas,77960
Francitas,texas,77961
Ganado,texas,77962
Goliad,texas,77963
Hallettsville,texas,77964
Inez,texas,77968
La Salle,texas,77969
La Ward,texas,77970
Lolita,texas,77971
Mcfaddin,texas,77973
Meyersville,texas,77974
Moulton,texas,77975
Nursery,texas,77976
Placedo,texas,77977
Point Comfort,texas,77978
Port Lavaca,texas,77979
Port O Connor,texas,77982
Seadrift,texas,77983
Shiner,texas,77984
Sweet Home,texas,77987
Telferner,texas,77988
Tivoli,texas,77990
Vanderbilt,texas,77991
Weesatche,texas,77993
Westhoff,texas,77994
Yoakum,texas,77995
Artesia Wells,texas,78001
Atascosa,texas,78002
Bandera,texas,78003
Bergheim,texas,78004
Bigfoot,texas,78005
Boerne,texas,78006
Calliham,texas,78007
Campbellton,texas,78008
Castroville,texas,78009
Center Point,texas,78010
Charlotte,texas,78011
Christine,texas,78012
Comfort,texas,78013
Cotulla,texas,78014
Boerne,texas,78015
Devine,texas,78016
Dilley,texas,78017
Encinal,texas,78019
Fowlerton,texas,78021
George West,texas,78022
Helotes,texas,78023
Hunt,texas,78024
Ingram,texas,78025
Jourdanton,texas,78026
Kendalia,texas,78027
Kerrville,texas,78028
Kerrville,texas,78029
La Coste,texas,78039
Laredo,texas,78040
Laredo,texas,78041
Laredo,texas,78043
Laredo,texas,78044
Laredo,texas,78045
Laredo,texas,78046
Leming,texas,78050
Lytle,texas,78052
Medina,texas,78055
Mico,texas,78056
Moore,texas,78057
Mountain Home,texas,78058
Natalia,texas,78059
Oakville,texas,78060
Pearsall,texas,78061
Pipe Creek,texas,78063
Pleasanton,texas,78064
Poteet,texas,78065
Rio Medina,texas,78066
San Ygnacio,texas,78067
Somerset,texas,78069
Spring Branch,texas,78070
Three Rivers,texas,78071
Tilden,texas,78072
Von Ormy,texas,78073
Whitsett,texas,78075
Zapata,texas,78076
Adkins,texas,78101
Beeville,texas,78102
Beeville,texas,78104
Berclair,texas,78107
Cibolo,texas,78108
Converse,texas,78109
Elmendorf,texas,78112
Falls City,texas,78113
Floresville,texas,78114
Gillett,texas,78116
Hobson,texas,78117
Karnes City,texas,78118
Kenedy,texas,78119
La Vernia,texas,78121
Leesville,texas,78122
Mc Queeney,texas,78123
Marion,texas,78124
Mineral,texas,78125
New Braunfels,texas,78130
New Braunfels,texas,78132
Canyon Lake,texas,78133
Nixon,texas,78140
Nordheim,texas,78141
Normanna,texas,78142
Pandora,texas,78143
Panna Maria,texas,78144
Pawnee,texas,78145
Pettus,texas,78146
Poth,texas,78147
Universal City,texas,78148
Jbsa Randolph,texas,78150
Runge,texas,78151
Saint Hedwig,texas,78152
Schertz,texas,78154
Seguin,texas,78155
Smiley,texas,78159
Stockdale,texas,78160
Sutherland Springs,texas,78161
Tuleta,texas,78162
Bulverde,texas,78163
Yorktown,texas,78164
San Antonio,texas,78201
San Antonio,texas,78202
San Antonio,texas,78203
San Antonio,texas,78204
San Antonio,texas,78205
San Antonio,texas,78207
San Antonio,texas,78208
San Antonio,texas,78209
San Antonio,texas,78210
San Antonio,texas,78211
San Antonio,texas,78212
San Antonio,texas,78213
San Antonio,texas,78214
San Antonio,texas,78215
San Antonio,texas,78216
San Antonio,texas,78217
San Antonio,texas,78218
San Antonio,texas,78219
San Antonio,texas,78220
San Antonio,texas,78221
San Antonio,texas,78222
San Antonio,texas,78223
San Antonio,texas,78224
San Antonio,texas,78225
San Antonio,texas,78226
San Antonio,texas,78227
San Antonio,texas,78228
San Antonio,texas,78229
San Antonio,texas,78230
San Antonio,texas,78231
San Antonio,texas,78232
San Antonio,texas,78233
Jbsa Ft Sam Houston,texas,78234
San Antonio,texas,78235
Jbsa Lackland,texas,78236
San Antonio,texas,78237
San Antonio,texas,78238
San Antonio,texas,78239
San Antonio,texas,78240
San Antonio,texas,78242
San Antonio,texas,78243
San Antonio,texas,78244
San Antonio,texas,78245
San Antonio,texas,78247
San Antonio,texas,78248
San Antonio,texas,78249
San Antonio,texas,78250
San Antonio,texas,78251
San Antonio,texas,78252
San Antonio,texas,78253
San Antonio,texas,78254
San Antonio,texas,78255
San Antonio,texas,78256
San Antonio,texas,78257
San Antonio,texas,78258
San Antonio,texas,78259
San Antonio,texas,78260
San Antonio,texas,78261
San Antonio,texas,78263
San Antonio,texas,78264
San Antonio,texas,78266
Agua Dulce,texas,78330
Alice,texas,78332
Aransas Pass,texas,78335
Aransas Pass,texas,78336
Armstrong,texas,78338
Banquete,texas,78339
Bayside,texas,78340
Benavides,texas,78341
Ben Bolt,texas,78342
Bishop,texas,78343
Bruni,texas,78344
Concepcion,texas,78349
Driscoll,texas,78351
Edroy,texas,78352
Encino,texas,78353
Falfurrias,texas,78355
Freer,texas,78357
Fulton,texas,78358
Gregory,texas,78359
Hebbronville,texas,78361
Ingleside,texas,78362
Kingsville,texas,78363
Mathis,texas,78368
Mirando City,texas,78369
Odem,texas,78370
Oilton,texas,78371
Orange Grove,texas,78372
Port Aransas,texas,78373
Portland,texas,78374
Premont,texas,78375
Realitos,texas,78376
Refugio,texas,78377
Riviera,texas,78379
Robstown,texas,78380
Rockport,texas,78382
Sandia,texas,78383
San Diego,texas,78384
Sarita,texas,78385
Sinton,texas,78387
Skidmore,texas,78389
Taft,texas,78390
Tynan,texas,78391
Woodsboro,texas,78393
Corpus Christi,texas,78401
Corpus Christi,texas,78402
Corpus Christi,texas,78404
Corpus Christi,texas,78405
Corpus Christi,texas,78406
Corpus Christi,texas,78407
Corpus Christi,texas,78408
Corpus Christi,texas,78409
Corpus Christi,texas,78410
Corpus Christi,texas,78411
Corpus Christi,texas,78412
Corpus Christi,texas,78413
Corpus Christi,texas,78414
Corpus Christi,texas,78415
Corpus Christi,texas,78416
Corpus Christi,texas,78417
Corpus Christi,texas,78418
Corpus Christi,texas,78419
Mcallen,texas,78501
Mcallen,texas,78503
Mcallen,texas,78504
Alamo,texas,78516
Brownsville,texas,78520
Brownsville,texas,78521
Brownsville,texas,78526
Combes,texas,78535
Delmita,texas,78536
Donna,texas,78537
Edcouch,texas,78538
Edinburg,texas,78539
Edinburg,texas,78541
Edinburg,texas,78542
Elsa,texas,78543
Falcon Heights,texas,78545
Grulla,texas,78548
Hargill,texas,78549
Harlingen,texas,78550
Harlingen,texas,78552
Hidalgo,texas,78557
La Blanca,texas,78558
La Feria,texas,78559
La Joya,texas,78560
Lasara,texas,78561
La Villa,texas,78562
Linn,texas,78563
Lopeno,texas,78564
Los Ebanos,texas,78565
Los Fresnos,texas,78566
Los Indios,texas,78567
Lyford,texas,78569
Mercedes,texas,78570
Mission,texas,78572
Mission,texas,78573
Mission,texas,78574
Olmito,texas,78575
Penitas,texas,78576
Pharr,texas,78577
Port Isabel,texas,78578
Progreso,texas,78579
Raymondville,texas,78580
Rio Grande City,texas,78582
Rio Hondo,texas,78583
Roma,texas,78584
Salineno,texas,78585
San Benito,texas,78586
San Isidro,texas,78588
San Juan,texas,78589
San Perlita,texas,78590
Santa Elena,texas,78591
Santa Maria,texas,78592
Santa Rosa,texas,78593
Sebastian,texas,78594
Sullivan City,texas,78595
Weslaco,texas,78596
South Padre Island,texas,78597
Port Mansfield,texas,78598
Bastrop,texas,78602
Bertram,texas,78605
Blanco,texas,78606
Bluffton,texas,78607
Briggs,texas,78608
Buchanan Dam,texas,78609
Buda,texas,78610
Burnet,texas,78611
Cedar Creek,texas,78612
Cedar Park,texas,78613
Cost,texas,78614
Coupland,texas,78615
Dale,texas,78616
Del Valle,texas,78617
Doss,texas,78618
Driftwood,texas,78619
Dripping Springs,texas,78620
Elgin,texas,78621
Fentress,texas,78622
Fischer,texas,78623
Fredericksburg,texas,78624
Georgetown,texas,78626
Georgetown,texas,78628
Gonzales,texas,78629
Harper,texas,78631
Harwood,texas,78632
Georgetown,texas,78633
Hutto,texas,78634
Hye,texas,78635
Johnson City,texas,78636
Kingsbury,texas,78638
Kingsland,texas,78639
Kyle,texas,78640
Leander,texas,78641
Liberty Hill,texas,78642
Llano,texas,78643
Lockhart,texas,78644
Leander,texas,78645
Luling,texas,78648
Mc Dade,texas,78650
Manchaca,texas,78652
Manor,texas,78653
Marble Falls,texas,78654
Martindale,texas,78655
Maxwell,texas,78656
Horseshoe Bay,texas,78657
Paige,texas,78659
Pflugerville,texas,78660
Prairie Lea,texas,78661
Red Rock,texas,78662
Round Mountain,texas,78663
Round Rock,texas,78664
Round Rock,texas,78665
San Marcos,texas,78666
Spicewood,texas,78669
Staples,texas,78670
Stonewall,texas,78671
Tow,texas,78672
Willow City,texas,78675
Wimberley,texas,78676
Wrightsboro,texas,78677
Round Rock,texas,78681
Austin,texas,78701
Austin,texas,78702
Austin,texas,78703
Austin,texas,78704
Austin,texas,78705
Austin,texas,78712
Austin,texas,78717
Austin,texas,78719
Austin,texas,78721
Austin,texas,78722
Austin,texas,78723
Austin,texas,78724
Austin,texas,78725
Austin,texas,78726
Austin,texas,78727
Austin,texas,78728
Austin,texas,78729
Austin,texas,78730
Austin,texas,78731
Austin,texas,78732
Austin,texas,78733
Austin,texas,78734
Austin,texas,78735
Austin,texas,78736
Austin,texas,78737
Austin,texas,78738
Austin,texas,78739
Austin,texas,78741
Austin,texas,78742
Austin,texas,78744
Austin,texas,78745
Austin,texas,78746
Austin,texas,78747
Austin,texas,78748
Austin,texas,78749
Austin,texas,78750
Austin,texas,78751
Austin,texas,78752
Austin,texas,78753
Austin,texas,78754
Austin,texas,78756
Austin,texas,78757
Austin,texas,78758
Austin,texas,78759
Uvalde,texas,78801
Uvalde,texas,78802
Asherton,texas,78827
Barksdale,texas,78828
Batesville,texas,78829
Big Wells,texas,78830
Brackettville,texas,78832
Camp Wood,texas,78833
Carrizo Springs,texas,78834
Catarina,texas,78836
Comstock,texas,78837
Concan,texas,78838
Crystal City,texas,78839
Del Rio,texas,78840
Laughlin Afb,texas,78843
D Hanis,texas,78850
Dryden,texas,78851
Eagle Pass,texas,78852
El Indio,texas,78860
Hondo,texas,78861
Knippa,texas,78870
Langtry,texas,78871
La Pryor,texas,78872
Leakey,texas,78873
Quemado,texas,78877
Rio Frio,texas,78879
Rocksprings,texas,78880
Sabinal,texas,78881
Tarpley,texas,78883
Utopia,texas,78884
Vanderpool,texas,78885
Yancey,texas,78886
Bleiblerville,texas,78931
Carmine,texas,78932
Cat Spring,texas,78933
Columbus,texas,78934
Alleyton,texas,78935
Ellinger,texas,78938
Fayetteville,texas,78940
Flatonia,texas,78941
Giddings,texas,78942
Glidden,texas,78943
Industry,texas,78944
La Grange,texas,78945
Ledbetter,texas,78946
Lexington,texas,78947
Lincoln,texas,78948
Muldoon,texas,78949
New Ulm,texas,78950
Oakland,texas,78951
Rosanky,texas,78953
Round Top,texas,78954
Schulenburg,texas,78956
Smithville,texas,78957
Waelder,texas,78959
Weimar,texas,78962
West Point,texas,78963
Adrian,texas,79001
Allison,texas,79003
Booker,texas,79005
Borger,texas,79007
Bovina,texas,79009
Boys Ranch,texas,79010
Briscoe,texas,79011
Bushland,texas,79012
Cactus,texas,79013
Canadian,texas,79014
Canyon,texas,79015
Canyon,texas,79016
Channing,texas,79018
Claude,texas,79019
Cotton Center,texas,79021
Dalhart,texas,79022
Darrouzett,texas,79024
Dawn,texas,79025
Dimmitt,texas,79027
Dumas,texas,79029
Earth,texas,79031
Edmonson,texas,79032
Farnsworth,texas,79033
Follett,texas,79034
Friona,texas,79035
Fritch,texas,79036
Groom,texas,79039
Gruver,texas,79040
Hale Center,texas,79041
Happy,texas,79042
Hart,texas,79043
Hartley,texas,79044
Hereford,texas,79045
Higgins,texas,79046
Kerrick,texas,79051
Kress,texas,79052
Lazbuddie,texas,79053
Lefors,texas,79054
Lipscomb,texas,79056
Mclean,texas,79057
Masterson,texas,79058
Miami,texas,79059
Mobeetie,texas,79061
Morse,texas,79062
Nazareth,texas,79063
Olton,texas,79064
Pampa,texas,79065
Panhandle,texas,79068
Perryton,texas,79070
Plainview,texas,79072
Sanford,texas,79078
Shamrock,texas,79079
Skellytown,texas,79080
Spearman,texas,79081
Springlake,texas,79082
Stinnett,texas,79083
Stratford,texas,79084
Summerfield,texas,79085
Sunray,texas,79086
Texline,texas,79087
Tulia,texas,79088
Umbarger,texas,79091
Vega,texas,79092
Waka,texas,79093
Wayside,texas,79094
Wellington,texas,79095
Wheeler,texas,79096
White Deer,texas,79097
Wildorado,texas,79098
Amarillo,texas,79101
Amarillo,texas,79102
Amarillo,texas,79103
Amarillo,texas,79104
Amarillo,texas,79105
Amarillo,texas,79106
Amarillo,texas,79107
Amarillo,texas,79108
Amarillo,texas,79109
Amarillo,texas,79110
Amarillo,texas,79111
Amarillo,texas,79118
Amarillo,texas,79119
Amarillo,texas,79121
Amarillo,texas,79124
Childress,texas,79201
Afton,texas,79220
Chillicothe,texas,79225
Clarendon,texas,79226
Crowell,texas,79227
Dickens,texas,79229
Dodson,texas,79230
Dougherty,texas,79231
Estelline,texas,79233
Flomot,texas,79234
Floydada,texas,79235
Guthrie,texas,79236
Hedley,texas,79237
Lakeview,texas,79239
Lelia Lake,texas,79240
Lockney,texas,79241
Mcadoo,texas,79243
Matador,texas,79244
Memphis,texas,79245
Odell,texas,79247
Paducah,texas,79248
Petersburg,texas,79250
Quail,texas,79251
Quanah,texas,79252
Quitaque,texas,79255
Roaring Springs,texas,79256
Silverton,texas,79257
South Plains,texas,79258
Tell,texas,79259
Turkey,texas,79261
Abernathy,texas,79311
Amherst,texas,79312
Anton,texas,79313
Bledsoe,texas,79314
Brownfield,texas,79316
Crosbyton,texas,79322
Denver City,texas,79323
Enochs,texas,79324
Farwell,texas,79325
Fieldton,texas,79326
Idalou,texas,79329
Justiceburg,texas,79330
Lamesa,texas,79331
Levelland,texas,79336
Littlefield,texas,79339
Loop,texas,79342
Lorenzo,texas,79343
Maple,texas,79344
Meadow,texas,79345
Morton,texas,79346
Muleshoe,texas,79347
New Deal,texas,79350
Odonnell,texas,79351
Pep,texas,79353
Plains,texas,79355
Post,texas,79356
Ralls,texas,79357
Ropesville,texas,79358
Seagraves,texas,79359
Seminole,texas,79360
Shallowater,texas,79363
Slaton,texas,79364
Ransom Canyon,texas,79366
Smyer,texas,79367
Spade,texas,79369
Spur,texas,79370
Sudan,texas,79371
Sundown,texas,79372
Tahoka,texas,79373
Tokio,texas,79376
Welch,texas,79377
Wellman,texas,79378
Whiteface,texas,79379
Whitharral,texas,79380
Wilson,texas,79381
Wolfforth,texas,79382
Lubbock,texas,79401
Lubbock,texas,79403
Lubbock,texas,79404
Lubbock,texas,79406
Lubbock,texas,79407
Lubbock,texas,79410
Lubbock,texas,79411
Lubbock,texas,79412
Lubbock,texas,79413
Lubbock,texas,79414
Lubbock,texas,79415
Lubbock,texas,79416
Lubbock,texas,79423
Lubbock,texas,79424
Anson,texas,79501
Aspermont,texas,79502
Avoca,texas,79503
Baird,texas,79504
Benjamin,texas,79505
Blackwell,texas,79506
Buffalo Gap,texas,79508
Clyde,texas,79510
Coahoma,texas,79511
Colorado City,texas,79512
Fluvanna,texas,79517
Girard,texas,79518
Goldsboro,texas,79519
Hamlin,texas,79520
Haskell,texas,79521
Hawley,texas,79525
Hermleigh,texas,79526
Ira,texas,79527
Jayton,texas,79528
Knox City,texas,79529
Lawn,texas,79530
Loraine,texas,79532
Lueders,texas,79533
Mc Caulley,texas,79534
Maryneal,texas,79535
Merkel,texas,79536
Nolan,texas,79537
Novice,texas,79538
O Brien,texas,79539
Old Glory,texas,79540
Ovalo,texas,79541
Roby,texas,79543
Rochester,texas,79544
Roscoe,texas,79545
Rotan,texas,79546
Rule,texas,79547
Rule,texas,79548
Snyder,texas,79549
Stamford,texas,79553
Sweetwater,texas,79556
Sylvester,texas,79560
Trent,texas,79561
Tuscola,texas,79562
Tye,texas,79563
Westbrook,texas,79565
Wingate,texas,79566
Winters,texas,79567
Abilene,texas,79601
Abilene,texas,79602
Abilene,texas,79603
Abilene,texas,79605
Abilene,texas,79606
Dyess Afb,texas,79607
Abilene,texas,79699
Midland,texas,79701
Midland,texas,79703
Midland,texas,79705
Midland,texas,79706
Midland,texas,79707
Ackerly,texas,79713
Andrews,texas,79714
Balmorhea,texas,79718
Barstow,texas,79719
Big Spring,texas,79720
Coyanosa,texas,79730
Crane,texas,79731
Forsan,texas,79733
Fort Davis,texas,79734
Fort Stockton,texas,79735
Gail,texas,79738
Garden City,texas,79739
Goldsmith,texas,79741
Grandfalls,texas,79742
Imperial,texas,79743
Iraan,texas,79744
Kermit,texas,79745
Knott,texas,79748
Lenorah,texas,79749
Mc Camey,texas,79752
Mentone,texas,79754
Midkiff,texas,79755
Monahans,texas,79756
Gardendale,texas,79758
Notrees,texas,79759
Odessa,texas,79761
Odessa,texas,79762
Odessa,texas,79763
Odessa,texas,79764
Odessa,texas,79765
Odessa,texas,79766
Orla,texas,79770
Pecos,texas,79772
Pyote,texas,79777
Rankin,texas,79778
Saragosa,texas,79780
Sheffield,texas,79781
Stanton,texas,79782
Tarzan,texas,79783
Toyah,texas,79785
Wickett,texas,79788
Wink,texas,79789
Anthony,texas,79821
Alpine,texas,79830
Alpine,texas,79831
Big Bend National Park,texas,79834
Canutillo,texas,79835
Clint,texas,79836
Dell City,texas,79837
Fabens,texas,79838
Fort Hancock,texas,79839
Marathon,texas,79842
Marfa,texas,79843
Presidio,texas,79845
Redford,texas,79846
Salt Flat,texas,79847
Sanderson,texas,79848
San Elizario,texas,79849
Sierra Blanca,texas,79851
Terlingua,texas,79852
Tornillo,texas,79853
Valentine,texas,79854
Van Horn,texas,79855
El Paso,texas,79901
El Paso,texas,79902
El Paso,texas,79903
El Paso,texas,79904
El Paso,texas,79905
El Paso,texas,79906
El Paso,texas,79907
El Paso,texas,79908
El Paso,texas,79911
El Paso,texas,79912
El Paso,texas,79915
Fort Bliss,texas,79916
El Paso,texas,79920
El Paso,texas,79922
El Paso,texas,79924
El Paso,texas,79925
El Paso,texas,79927
El Paso,texas,79928
El Paso,texas,79930
El Paso,texas,79932
El Paso,texas,79934
El Paso,texas,79935
El Paso,texas,79936
El Paso,texas,79938
El Paso,texas,79942
Arvada,colorado,80002
Arvada,colorado,80003
Arvada,colorado,80004
Arvada,colorado,80005
Arvada,colorado,80007
Aurora,colorado,80010
Aurora,colorado,80011
Aurora,colorado,80012
Aurora,colorado,80013
Aurora,colorado,80014
Aurora,colorado,80015
Aurora,colorado,80016
Aurora,colorado,80017
Aurora,colorado,80018
Aurora,colorado,80019
Broomfield,colorado,80020
Broomfield,colorado,80021
Commerce City,colorado,80022
Broomfield,colorado,80023
Dupont,colorado,80024
Eldorado Springs,colorado,80025
Lafayette,colorado,80026
Louisville,colorado,80027
Westminster,colorado,80030
Westminster,colorado,80031
Wheat Ridge,colorado,80033
Aurora,colorado,80045
Agate,colorado,80101
Bennett,colorado,80102
Byers,colorado,80103
Castle Rock,colorado,80104
Deer Trail,colorado,80105
Elbert,colorado,80106
Elizabeth,colorado,80107
Castle Rock,colorado,80108
Castle Rock,colorado,80109
Englewood,colorado,80110
Englewood,colorado,80111
Englewood,colorado,80112
Englewood,colorado,80113
Franktown,colorado,80116
Kiowa,colorado,80117
Larkspur,colorado,80118
Littleton,colorado,80120
Littleton,colorado,80121
Littleton,colorado,80122
Littleton,colorado,80123
Lone Tree,colorado,80124
Littleton,colorado,80125
Littleton,colorado,80126
Littleton,colorado,80127
Littleton,colorado,80128
Littleton,colorado,80129
Littleton,colorado,80130
Louviers,colorado,80131
Monument,colorado,80132
Palmer Lake,colorado,80133
Parker,colorado,80134
Sedalia,colorado,80135
Strasburg,colorado,80136
Watkins,colorado,80137
Parker,colorado,80138
Denver,colorado,80202
Denver,colorado,80203
Denver,colorado,80204
Denver,colorado,80205
Denver,colorado,80206
Denver,colorado,80207
Denver,colorado,80209
Denver,colorado,80210
Denver,colorado,80211
Denver,colorado,80212
Denver,colorado,80214
Denver,colorado,80215
Denver,colorado,80216
Denver,colorado,80218
Denver,colorado,80219
Denver,colorado,80220
Denver,colorado,80221
Denver,colorado,80222
Denver,colorado,80223
Denver,colorado,80224
Denver,colorado,80226
Denver,colorado,80227
Denver,colorado,80228
Denver,colorado,80229
Denver,colorado,80230
Denver,colorado,80231
Denver,colorado,80232
Denver,colorado,80233
Denver,colorado,80234
Denver,colorado,80235
Denver,colorado,80236
Denver,colorado,80237
Denver,colorado,80238
Denver,colorado,80239
Thornton,colorado,80241
Denver,colorado,80246
Denver,colorado,80247
Denver,colorado,80249
Denver,colorado,80260
Denver,colorado,80264
Denver,colorado,80290
Denver,colorado,80293
Denver,colorado,80294
Boulder,colorado,80301
Boulder,colorado,80302
Boulder,colorado,80303
Boulder,colorado,80304
Boulder,colorado,80305
Boulder,colorado,80310
Golden,colorado,80401
Golden,colorado,80403
Golden,colorado,80419
Alma,colorado,80420
Bailey,colorado,80421
Black Hawk,colorado,80422
Bond,colorado,80423
Breckenridge,colorado,80424
Buffalo Creek,colorado,80425
Burns,colorado,80426
Central City,colorado,80427
Clark,colorado,80428
Como,colorado,80432
Conifer,colorado,80433
Cowdrey,colorado,80434
Dillon,colorado,80435
Dumont,colorado,80436
Empire,colorado,80438
Evergreen,colorado,80439
Fairplay,colorado,80440
Fraser,colorado,80442
Frisco,colorado,80443
Georgetown,colorado,80444
Granby,colorado,80446
Grand Lake,colorado,80447
Grant,colorado,80448
Hartsel,colorado,80449
Hot Sulphur Springs,colorado,80451
Idaho Springs,colorado,80452
Idledale,colorado,80453
Indian Hills,colorado,80454
Jamestown,colorado,80455
Jefferson,colorado,80456
Kittredge,colorado,80457
Kremmling,colorado,80459
Leadville,colorado,80461
Mc Coy,colorado,80463
Morrison,colorado,80465
Nederland,colorado,80466
Oak Creek,colorado,80467
Parshall,colorado,80468
Phippsburg,colorado,80469
Pine,colorado,80470
Pinecliffe,colorado,80471
Rand,colorado,80473
Shawnee,colorado,80475
Silver Plume,colorado,80476
Steamboat Springs,colorado,80477
Tabernash,colorado,80478
Toponas,colorado,80479
Walden,colorado,80480
Ward,colorado,80481
Winter Park,colorado,80482
Yampa,colorado,80483
Steamboat Springs,colorado,80487
Steamboat Springs,colorado,80488
Silverthorne,colorado,80497
Silverthorne,colorado,80498
Longmont,colorado,80501
Longmont,colorado,80503
Longmont,colorado,80504
Allenspark,colorado,80510
Estes Park,colorado,80511
Bellvue,colorado,80512
Berthoud,colorado,80513
Dacono,colorado,80514
Drake,colorado,80515
Erie,colorado,80516
Estes Park,colorado,80517
Firestone,colorado,80520
Fort Collins,colorado,80521
Fort Collins,colorado,80524
Fort Collins,colorado,80525
Fort Collins,colorado,80526
Fort Collins,colorado,80528
Frederick,colorado,80530
Glen Haven,colorado,80532
Johnstown,colorado,80534
Laporte,colorado,80535
Livermore,colorado,80536
Loveland,colorado,80537
Loveland,colorado,80538
Lyons,colorado,80540
Mead,colorado,80542
Milliken,colorado,80543
Niwot,colorado,80544
Red Feather Lakes,colorado,80545
Severance,colorado,80546
Timnath,colorado,80547
Wellington,colorado,80549
Windsor,colorado,80550
Brighton,colorado,80601
Brighton,colorado,80602
Brighton,colorado,80603
Ault,colorado,80610
Briggsdale,colorado,80611
Carr,colorado,80612
Eaton,colorado,80615
Evans,colorado,80620
Fort Lupton,colorado,80621
Galeton,colorado,80622
Gilcrest,colorado,80623
Gill,colorado,80624
Greeley,colorado,80631
Greeley,colorado,80634
Henderson,colorado,80640
Hudson,colorado,80642
Keenesburg,colorado,80643
Kersey,colorado,80644
La Salle,colorado,80645
Nunn,colorado,80648
Orchard,colorado,80649
Pierce,colorado,80650
Platteville,colorado,80651
Roggen,colorado,80652
Weldona,colorado,80653
Wiggins,colorado,80654
Fort Morgan,colorado,80701
Log Lane Village,colorado,80705
Akron,colorado,80720
Amherst,colorado,80721
Atwood,colorado,80722
Brush,colorado,80723
Crook,colorado,80726
Eckley,colorado,80727
Fleming,colorado,80728
Grover,colorado,80729
Haxtun,colorado,80731
Hillrose,colorado,80733
Holyoke,colorado,80734
Idalia,colorado,80735
Iliff,colorado,80736
Julesburg,colorado,80737
Lindon,colorado,80740
Merino,colorado,80741
New Raymer,colorado,80742
Otis,colorado,80743
Ovid,colorado,80744
Padroni,colorado,80745
Paoli,colorado,80746
Peetz,colorado,80747
Sedgwick,colorado,80749
Snyder,colorado,80750
Sterling,colorado,80751
Stoneham,colorado,80754
Vernon,colorado,80755
Woodrow,colorado,80757
Wray,colorado,80758
Yuma,colorado,80759
Anton,colorado,80801
Arapahoe,colorado,80802
Arriba,colorado,80804
Bethune,colorado,80805
Burlington,colorado,80807
Calhan,colorado,80808
Cascade,colorado,80809
Cheyenne Wells,colorado,80810
Cope,colorado,80812
Cripple Creek,colorado,80813
Divide,colorado,80814
Flagler,colorado,80815
Florissant,colorado,80816
Fountain,colorado,80817
Genoa,colorado,80818
Green Mountain Falls,colorado,80819
Guffey,colorado,80820
Hugo,colorado,80821
Joes,colorado,80822
Karval,colorado,80823
Kirk,colorado,80824
Kit Carson,colorado,80825
Lake George,colorado,80827
Limon,colorado,80828
Manitou Springs,colorado,80829
Matheson,colorado,80830
Peyton,colorado,80831
Ramah,colorado,80832
Rush,colorado,80833
Seibert,colorado,80834
Simla,colorado,80835
Stratton,colorado,80836
Usaf Academy,colorado,80840
Victor,colorado,80860
Vona,colorado,80861
Wild Horse,colorado,80862
Woodland Park,colorado,80863
Yoder,colorado,80864
Colorado Springs,colorado,80902
Colorado Springs,colorado,80903
Colorado Springs,colorado,80904
Colorado Springs,colorado,80905
Colorado Springs,colorado,80906
Colorado Springs,colorado,80907
Colorado Springs,colorado,80908
Colorado Springs,colorado,80909
Colorado Springs,colorado,80910
Colorado Springs,colorado,80911
Colorado Springs,colorado,80913
Colorado Springs,colorado,80914
Colorado Springs,colorado,80915
Colorado Springs,colorado,80916
Colorado Springs,colorado,80917
Colorado Springs,colorado,80918
Colorado Springs,colorado,80919
Colorado Springs,colorado,80920
Colorado Springs,colorado,80921
Colorado Springs,colorado,80922
Colorado Springs,colorado,80923
Colorado Springs,colorado,80924
Colorado Springs,colorado,80925
Colorado Springs,colorado,80926
Colorado Springs,colorado,80927
Colorado Springs,colorado,80928
Colorado Springs,colorado,80929
Colorado Springs,colorado,80930
Colorado Springs,colorado,80938
Colorado Springs,colorado,80939
Colorado Springs,colorado,80951
Pueblo,colorado,81001
Pueblo,colorado,81003
Pueblo,colorado,81004
Pueblo,colorado,81005
Pueblo,colorado,81006
Pueblo,colorado,81007
Pueblo,colorado,81008
Colorado City,colorado,81019
Aguilar,colorado,81020
Arlington,colorado,81021
Avondale,colorado,81022
Beulah,colorado,81023
Boncarbo,colorado,81024
Boone,colorado,81025
Branson,colorado,81027
Campo,colorado,81029
Cheraw,colorado,81030
Crowley,colorado,81033
Eads,colorado,81036
Fort Lyon,colorado,81038
Fowler,colorado,81039
Gardner,colorado,81040
Granada,colorado,81041
Hartman,colorado,81043
Hasty,colorado,81044
Haswell,colorado,81045
Holly,colorado,81047
Kim,colorado,81049
La Junta,colorado,81050
Lamar,colorado,81052
Las Animas,colorado,81054
La Veta,colorado,81055
Mc Clave,colorado,81057
Manzanola,colorado,81058
Model,colorado,81059
Olney Springs,colorado,81062
Ordway,colorado,81063
Pritchett,colorado,81064
Rocky Ford,colorado,81067
Rye,colorado,81069
Sheridan Lake,colorado,81071
Springfield,colorado,81073
Sugar City,colorado,81076
Swink,colorado,81077
Trinchera,colorado,81081
Trinidad,colorado,81082
Two Buttes,colorado,81084
Vilas,colorado,81087
Walsenburg,colorado,81089
Walsh,colorado,81090
Weston,colorado,81091
Wiley,colorado,81092
Alamosa,colorado,81101
Antonito,colorado,81120
Arboles,colorado,81121
Bayfield,colorado,81122
Blanca,colorado,81123
Capulin,colorado,81124
Center,colorado,81125
Chama,colorado,81126
Chromo,colorado,81128
Conejos,colorado,81129
Creede,colorado,81130
Crestone,colorado,81131
Del Norte,colorado,81132
Fort Garland,colorado,81133
Hooper,colorado,81136
Ignacio,colorado,81137
Jaroso,colorado,81138
La Jara,colorado,81140
Manassa,colorado,81141
Moffat,colorado,81143
Monte Vista,colorado,81144
Mosca,colorado,81146
Pagosa Springs,colorado,81147
Romeo,colorado,81148
Saguache,colorado,81149
Sanford,colorado,81151
San Luis,colorado,81152
South Fork,colorado,81154
Villa Grove,colorado,81155
Salida,colorado,81201
Almont,colorado,81210
Buena Vista,colorado,81211
Canon City,colorado,81212
Cimarron,colorado,81220
Coal Creek,colorado,81221
Coaldale,colorado,81222
Cotopaxi,colorado,81223
Crested Butte,colorado,81224
Crested Butte,colorado,81225
Florence,colorado,81226
Monarch,colorado,81227
Gunnison,colorado,81230
Gunnison,colorado,81231
Hillside,colorado,81232
Howard,colorado,81233
Lake City,colorado,81235
Nathrop,colorado,81236
Ohio City,colorado,81237
Parlin,colorado,81239
Penrose,colorado,81240
Pitkin,colorado,81241
Poncha Springs,colorado,81242
Powderhorn,colorado,81243
Rockvale,colorado,81244
Sargents,colorado,81248
Twin Lakes,colorado,81251
Westcliffe,colorado,81252
Wetmore,colorado,81253
Durango,colorado,81301
Durango,colorado,81303
Cahone,colorado,81320
Cortez,colorado,81321
Dolores,colorado,81323
Dove Creek,colorado,81324
Egnar,colorado,81325
Hesperus,colorado,81326
Lewis,colorado,81327
Mancos,colorado,81328
Mesa Verde National Park,colorado,81330
Pleasant View,colorado,81331
Rico,colorado,81332
Towaoc,colorado,81334
Yellow Jacket,colorado,81335
Montrose,colorado,81401
Montrose,colorado,81403
Austin,colorado,81410
Bedrock,colorado,81411
Cedaredge,colorado,81413
Crawford,colorado,81415
Delta,colorado,81416
Eckert,colorado,81418
Hotchkiss,colorado,81419
Naturita,colorado,81422
Norwood,colorado,81423
Nucla,colorado,81424
Olathe,colorado,81425
Ophir,colorado,81426
Ouray,colorado,81427
Paonia,colorado,81428
Paradox,colorado,81429
Placerville,colorado,81430
Redvale,colorado,81431
Ridgway,colorado,81432
Silverton,colorado,81433
Somerset,colorado,81434
Telluride,colorado,81435
Grand Junction,colorado,81501
Grand Junction,colorado,81503
Grand Junction,colorado,81504
Grand Junction,colorado,81505
Grand Junction,colorado,81506
Grand Junction,colorado,81507
Clifton,colorado,81520
Fruita,colorado,81521
Gateway,colorado,81522
Glade Park,colorado,81523
Loma,colorado,81524
Mack,colorado,81525
Palisade,colorado,81526
Whitewater,colorado,81527
Glenwood Springs,colorado,81601
Dinosaur,colorado,81610
Aspen,colorado,81611
Aspen,colorado,81612
Snowmass Village,colorado,81615
Avon,colorado,81620
Basalt,colorado,81621
Carbondale,colorado,81623
Collbran,colorado,81624
Craig,colorado,81625
De Beque,colorado,81630
Eagle,colorado,81631
Edwards,colorado,81632
Dinosaur,colorado,81633
Parachute,colorado,81635
Gypsum,colorado,81637
Hamilton,colorado,81638
Hayden,colorado,81639
Maybell,colorado,81640
Meeker,colorado,81641
Meredith,colorado,81642
Mesa,colorado,81643
Minturn,colorado,81645
Molina,colorado,81646
New Castle,colorado,81647
Rangely,colorado,81648
Red Cliff,colorado,81649
Rifle,colorado,81650
Silt,colorado,81652
Slater,colorado,81653
Snowmass,colorado,81654
Wolcott,colorado,81655
Woody Creek,colorado,81656
Vail,colorado,81657
Cheyenne,wyoming,82001
Fe Warren Afb,wyoming,82005
Cheyenne,wyoming,82007
Cheyenne,wyoming,82009
Albin,wyoming,82050
Bosler,wyoming,82051
Buford,wyoming,82052
Burns,wyoming,82053
Carpenter,wyoming,82054
Centennial,wyoming,82055
Garrett,wyoming,82058
Granite Canon,wyoming,82059
Hillsdale,wyoming,82060
Horse Creek,wyoming,82061
Jelm,wyoming,82063
Laramie,wyoming,82070
Laramie,wyoming,82072
Laramie,wyoming,82073
Meriden,wyoming,82081
Pine Bluffs,wyoming,82082
Rock River,wyoming,82083
Tie Siding,wyoming,82084
Yellowstone National Park,wyoming,82190
Wheatland,wyoming,82201
Chugwater,wyoming,82210
Fort Laramie,wyoming,82212
Glendo,wyoming,82213
Guernsey,wyoming,82214
Hartville,wyoming,82215
Hawk Springs,wyoming,82217
Jay Em,wyoming,82219
Lagrange,wyoming,82221
Lance Creek,wyoming,82222
Lingle,wyoming,82223
Lost Springs,wyoming,82224
Lusk,wyoming,82225
Manville,wyoming,82227
Shawnee,wyoming,82229
Torrington,wyoming,82240
Van Tassell,wyoming,82242
Veteran,wyoming,82243
Yoder,wyoming,82244
Rawlins,wyoming,82301
Baggs,wyoming,82321
Bairoil,wyoming,82322
Dixon,wyoming,82323
Elk Mountain,wyoming,82324
Encampment,wyoming,82325
Hanna,wyoming,82327
Medicine Bow,wyoming,82329
Saratoga,wyoming,82331
Savery,wyoming,82332
Sinclair,wyoming,82334
Walcott,wyoming,82335
Wamsutter,wyoming,82336
Worland,wyoming,82401
Basin,wyoming,82410
Burlington,wyoming,82411
Byron,wyoming,82412
Cody,wyoming,82414
Cowley,wyoming,82420
Deaver,wyoming,82421
Emblem,wyoming,82422
Frannie,wyoming,82423
Greybull,wyoming,82426
Hyattville,wyoming,82428
Kirby,wyoming,82430
Lovell,wyoming,82431
Manderson,wyoming,82432
Meeteetse,wyoming,82433
Otto,wyoming,82434
Powell,wyoming,82435
Ralston,wyoming,82440
Shell,wyoming,82441
Ten Sleep,wyoming,82442
Thermopolis,wyoming,82443
Wapiti,wyoming,82450
Riverton,wyoming,82501
Arapahoe,wyoming,82510
Crowheart,wyoming,82512
Dubois,wyoming,82513
Fort Washakie,wyoming,82514
Hudson,wyoming,82515
Kinnear,wyoming,82516
Lander,wyoming,82520
Pavillion,wyoming,82523
Casper,wyoming,82601
Casper,wyoming,82604
Casper,wyoming,82609
Alcova,wyoming,82620
Arminto,wyoming,82630
Douglas,wyoming,82633
Edgerton,wyoming,82635
Evansville,wyoming,82636
Glenrock,wyoming,82637
Hiland,wyoming,82638
Kaycee,wyoming,82639
Linch,wyoming,82640
Lysite,wyoming,82642
Midwest,wyoming,82643
Mills,wyoming,82644
Natrona,wyoming,82646
Powder River,wyoming,82648
Shoshoni,wyoming,82649
Newcastle,wyoming,82701
Aladdin,wyoming,82710
Alva,wyoming,82711
Beulah,wyoming,82712
Devils Tower,wyoming,82714
Four Corners,wyoming,82715
Gillette,wyoming,82716
Gillette,wyoming,82718
Hulett,wyoming,82720
Moorcroft,wyoming,82721
Osage,wyoming,82723
Recluse,wyoming,82725
Rozet,wyoming,82727
Sundance,wyoming,82729
Upton,wyoming,82730
Weston,wyoming,82731
Wright,wyoming,82732
Sheridan,wyoming,82801
Arvada,wyoming,82831
Banner,wyoming,82832
Big Horn,wyoming,82833
Buffalo,wyoming,82834
Clearmont,wyoming,82835
Dayton,wyoming,82836
Leiter,wyoming,82837
Parkman,wyoming,82838
Ranchester,wyoming,82839
Story,wyoming,82842
Wolf,wyoming,82844
Wyarno,wyoming,82845
Rock Springs,wyoming,82901
Bondurant,wyoming,82922
Boulder,wyoming,82923
Cora,wyoming,82925
Little America,wyoming,82929
Evanston,wyoming,82930
Farson,wyoming,82932
Fort Bridger,wyoming,82933
Granger,wyoming,82934
Green River,wyoming,82935
Lonetree,wyoming,82936
Lyman,wyoming,82937
Mc Kinnon,wyoming,82938
Mountain View,wyoming,82939
Pinedale,wyoming,82941
Point Of Rocks,wyoming,82942
Reliance,wyoming,82943
Robertson,wyoming,82944
Superior,wyoming,82945
Jackson,wyoming,83001
Kelly,wyoming,83011
Moose,wyoming,83012
Moran,wyoming,83013
Wilson,wyoming,83014
Teton Village,wyoming,83025
Kemmerer,wyoming,83101
Afton,wyoming,83110
Auburn,wyoming,83111
Bedford,wyoming,83112
Big Piney,wyoming,83113
Cokeville,wyoming,83114
Daniel,wyoming,83115
Diamondville,wyoming,83116
Etna,wyoming,83118
Fairview,wyoming,83119
Freedom,wyoming,83120
Frontier,wyoming,83121
Grover,wyoming,83122
La Barge,wyoming,83123
Opal,wyoming,83124
Smoot,wyoming,83126
Thayne,wyoming,83127
Alpine,wyoming,83128
Pocatello,idaho,83201
Pocatello,idaho,83202
Fort Hall,idaho,83203
Pocatello,idaho,83204
Pocatello,idaho,83209
Aberdeen,idaho,83210
American Falls,idaho,83211
Arbon,idaho,83212
Arco,idaho,83213
Arimo,idaho,83214
Atomic City,idaho,83215
Bancroft,idaho,83217
Basalt,idaho,83218
Bern,idaho,83220
Blackfoot,idaho,83221
Bloomington,idaho,83223
Challis,idaho,83226
Clayton,idaho,83227
Clifton,idaho,83228
Dayton,idaho,83232
Dingle,idaho,83233
Downey,idaho,83234
Ellis,idaho,83235
Firth,idaho,83236
Franklin,idaho,83237
Geneva,idaho,83238
Georgetown,idaho,83239
Grace,idaho,83241
Holbrook,idaho,83243
Howe,idaho,83244
Inkom,idaho,83245
Lava Hot Springs,idaho,83246
Mccammon,idaho,83250
Mackay,idaho,83251
Malad City,idaho,83252
May,idaho,83253
Montpelier,idaho,83254
Moore,idaho,83255
Paris,idaho,83261
Pingree,idaho,83262
Preston,idaho,83263
Rockland,idaho,83271
Saint Charles,idaho,83272
Shelley,idaho,83274
Soda Springs,idaho,83276
Springfield,idaho,83277
Stanley,idaho,83278
Swanlake,idaho,83281
Thatcher,idaho,83283
Wayan,idaho,83285
Weston,idaho,83286
Fish Haven,idaho,83287
Twin Falls,idaho,83301
Rogerson,idaho,83302
Albion,idaho,83311
Almo,idaho,83312
Bellevue,idaho,83313
Bliss,idaho,83314
Buhl,idaho,83316
Burley,idaho,83318
Carey,idaho,83320
Castleford,idaho,83321
Corral,idaho,83322
Declo,idaho,83323
Dietrich,idaho,83324
Eden,idaho,83325
Fairfield,idaho,83327
Filer,idaho,83328
Gooding,idaho,83330
Hagerman,idaho,83332
Hailey,idaho,83333
Hansen,idaho,83334
Hazelton,idaho,83335
Heyburn,idaho,83336
Hill City,idaho,83337
Jerome,idaho,83338
Ketchum,idaho,83340
Kimberly,idaho,83341
Malta,idaho,83342
Murtaugh,idaho,83344
Oakley,idaho,83346
Paul,idaho,83347
Picabo,idaho,83348
Richfield,idaho,83349
Rupert,idaho,83350
Shoshone,idaho,83352
Sun Valley,idaho,83353
Sun Valley,idaho,83354
Wendell,idaho,83355
Idaho Falls,idaho,83401
Idaho Falls,idaho,83402
Idaho Falls,idaho,83404
Idaho Falls,idaho,83406
Alta,wyoming,83414
Ashton,idaho,83420
Chester,idaho,83421
Driggs,idaho,83422
Dubois,idaho,83423
Felt,idaho,83424
Hamer,idaho,83425
Iona,idaho,83427
Irwin,idaho,83428
Island Park,idaho,83429
Lewisville,idaho,83431
Macks Inn,idaho,83433
Menan,idaho,83434
Monteview,idaho,83435
Newdale,idaho,83436
Rexburg,idaho,83440
Rigby,idaho,83442
Ririe,idaho,83443
Roberts,idaho,83444
Saint Anthony,idaho,83445
Spencer,idaho,83446
Sugar City,idaho,83448
Swan Valley,idaho,83449
Terreton,idaho,83450
Teton,idaho,83451
Tetonia,idaho,83452
Ucon,idaho,83454
Victor,idaho,83455
Rexburg,idaho,83460
Carmen,idaho,83462
Gibbonsville,idaho,83463
Leadore,idaho,83464
Lemhi,idaho,83465
North Fork,idaho,83466
Salmon,idaho,83467
Tendoy,idaho,83468
Shoup,idaho,83469
Lewiston,idaho,83501
Ahsahka,idaho,83520
Cottonwood,idaho,83522
Craigmont,idaho,83523
Culdesac,idaho,83524
Elk City,idaho,83525
Ferdinand,idaho,83526
Grangeville,idaho,83530
Greencreek,idaho,83533
Juliaetta,idaho,83535
Kamiah,idaho,83536
Kendrick,idaho,83537
Kooskia,idaho,83539
Lapwai,idaho,83540
Lenore,idaho,83541
Lucile,idaho,83542
Nezperce,idaho,83543
Orofino,idaho,83544
Peck,idaho,83545
Pierce,idaho,83546
Pollock,idaho,83547
Reubens,idaho,83548
Riggins,idaho,83549
Stites,idaho,83552
Weippe,idaho,83553
White Bird,idaho,83554
Winchester,idaho,83555
Banks,idaho,83602
Bruneau,idaho,83604
Caldwell,idaho,83605
Caldwell,idaho,83607
Cambridge,idaho,83610
Cascade,idaho,83611
Council,idaho,83612
Donnelly,idaho,83615
Eagle,idaho,83616
Emmett,idaho,83617
Fruitland,idaho,83619
Garden Valley,idaho,83622
Glenns Ferry,idaho,83623
Grand View,idaho,83624
Greenleaf,idaho,83626
Hammett,idaho,83627
Homedale,idaho,83628
Horseshoe Bend,idaho,83629
Idaho City,idaho,83631
Indian Valley,idaho,83632
King Hill,idaho,83633
Kuna,idaho,83634
Letha,idaho,83636
Lowman,idaho,83637
Mccall,idaho,83638
Marsing,idaho,83639
Melba,idaho,83641
Meridian,idaho,83642
Mesa,idaho,83643
Middleton,idaho,83644
Midvale,idaho,83645
Meridian,idaho,83646
Mountain Home,idaho,83647
Mountain Home Afb,idaho,83648
Murphy,idaho,83650
Nampa,idaho,83651
New Meadows,idaho,83654
New Plymouth,idaho,83655
Notus,idaho,83656
Ola,idaho,83657
Parma,idaho,83660
Payette,idaho,83661
Placerville,idaho,83666
Star,idaho,83669
Sweet,idaho,83670
Warren,idaho,83671
Weiser,idaho,83672
Wilder,idaho,83676
Yellow Pine,idaho,83677
Nampa,idaho,83686
Nampa,idaho,83687
Boise,idaho,83702
Boise,idaho,83703
Boise,idaho,83704
Boise,idaho,83705
Boise,idaho,83706
Boise,idaho,83709
Boise,idaho,83712
Boise,idaho,83713
Garden City,idaho,83714
Boise,idaho,83716
Athol,idaho,83801
Avery,idaho,83802
Bayview,idaho,83803
Blanchard,idaho,83804
Bonners Ferry,idaho,83805
Bovill,idaho,83806
Calder,idaho,83808
Careywood,idaho,83809
Cataldo,idaho,83810
Clark Fork,idaho,83811
Clarkia,idaho,83812
Cocolalla,idaho,83813
Coeur D Alene,idaho,83814
Coeur D Alene,idaho,83815
Coolin,idaho,83821
Oldtown,idaho,83822
Deary,idaho,83823
Desmet,idaho,83824
Dover,idaho,83825
Eastport,idaho,83826
Elk River,idaho,83827
Fernwood,idaho,83830
Genesee,idaho,83832
Harrison,idaho,83833
Harvard,idaho,83834
Hayden,idaho,83835
Hope,idaho,83836
Kellogg,idaho,83837
Kingston,idaho,83839
Kootenai,idaho,83840
Laclede,idaho,83841
Medimont,idaho,83842
Moscow,idaho,83843
Moscow,idaho,83844
Moyie Springs,idaho,83845
Mullan,idaho,83846
Naples,idaho,83847
Nordman,idaho,83848
Osburn,idaho,83849
Pinehurst,idaho,83850
Plummer,idaho,83851
Ponderay,idaho,83852
Post Falls,idaho,83854
Potlatch,idaho,83855
Priest River,idaho,83856
Princeton,idaho,83857
Rathdrum,idaho,83858
Sagle,idaho,83860
Saint Maries,idaho,83861
Sandpoint,idaho,83864
Santa,idaho,83866
Silverton,idaho,83867
Smelterville,idaho,83868
Spirit Lake,idaho,83869
Tensed,idaho,83870
Troy,idaho,83871
Viola,idaho,83872
Wallace,idaho,83873
Murray,idaho,83874
Worley,idaho,83876
Altamont,utah,84001
Altonah,utah,84002
American Fork,utah,84003
Alpine,utah,84004
Eagle Mountain,utah,84005
Bingham Canyon,utah,84006
Bluebell,utah,84007
Bountiful,utah,84010
Cedar Valley,utah,84013
Centerville,utah,84014
Clearfield,utah,84015
Coalville,utah,84017
Croydon,utah,84018
Draper,utah,84020
Duchesne,utah,84021
Dugway,utah,84022
Dutch John,utah,84023
Echo,utah,84024
Farmington,utah,84025
Fort Duchesne,utah,84026
Fruitland,utah,84027
Garden City,utah,84028
Grantsville,utah,84029
Hanna,utah,84031
Heber City,utah,84032
Henefer,utah,84033
Ibapah,utah,84034
Jensen,utah,84035
Kamas,utah,84036
Kaysville,utah,84037
Laketown,utah,84038
Lapoint,utah,84039
Layton,utah,84040
Layton,utah,84041
Lindon,utah,84042
Lehi,utah,84043
Magna,utah,84044
Saratoga Springs,utah,84045
Manila,utah,84046
Midvale,utah,84047
Midway,utah,84049
Morgan,utah,84050
Mountain Home,utah,84051
Myton,utah,84052
Neola,utah,84053
North Salt Lake,utah,84054
Oakley,utah,84055
Hill Afb,utah,84056
Orem,utah,84057
Orem,utah,84058
Park City,utah,84060
Peoa,utah,84061
Pleasant Grove,utah,84062
Randlett,utah,84063
Randolph,utah,84064
Riverton,utah,84065
Roosevelt,utah,84066
Roy,utah,84067
Rush Valley,utah,84069
Sandy,utah,84070
Stockton,utah,84071
Tabiona,utah,84072
Talmage,utah,84073
Tooele,utah,84074
Syracuse,utah,84075
Tridell,utah,84076
Vernal,utah,84078
Vernon,utah,84080
West Jordan,utah,84081
Wallsburg,utah,84082
Wendover,utah,84083
West Jordan,utah,84084
Whiterocks,utah,84085
Woodruff,utah,84086
Woods Cross,utah,84087
West Jordan,utah,84088
Sandy,utah,84092
Sandy,utah,84093
Sandy,utah,84094
South Jordan,utah,84095
Herriman,utah,84096
Orem,utah,84097
Park City,utah,84098
Salt Lake City,utah,84101
Salt Lake City,utah,84102
Salt Lake City,utah,84103
Salt Lake City,utah,84104
Salt Lake City,utah,84105
Salt Lake City,utah,84106
Salt Lake City,utah,84107
Salt Lake City,utah,84108
Salt Lake City,utah,84109
Salt Lake City,utah,84111
Salt Lake City,utah,84112
Salt Lake City,utah,84113
Salt Lake City,utah,84115
Salt Lake City,utah,84116
Salt Lake City,utah,84117
Salt Lake City,utah,84118
West Valley City,utah,84119
West Valley City,utah,84120
Salt Lake City,utah,84121
Salt Lake City,utah,84123
Salt Lake City,utah,84124
West Valley City,utah,84128
Salt Lake City,utah,84180
Bear River City,utah,84301
Brigham City,utah,84302
Cache Junction,utah,84304
Clarkston,utah,84305
Collinston,utah,84306
Corinne,utah,84307
Cornish,utah,84308
Deweyville,utah,84309
Eden,utah,84310
Fielding,utah,84311
Garland,utah,84312
Grouse Creek,utah,84313
Honeyville,utah,84314
Hooper,utah,84315
Howell,utah,84316
Huntsville,utah,84317
Hyde Park,utah,84318
Hyrum,utah,84319
Lewiston,utah,84320
Logan,utah,84321
Mantua,utah,84324
Mendon,utah,84325
Millville,utah,84326
Newton,utah,84327
Paradise,utah,84328
Park Valley,utah,84329
Plymouth,utah,84330
Portage,utah,84331
Providence,utah,84332
Richmond,utah,84333
Riverside,utah,84334
Smithfield,utah,84335
Snowville,utah,84336
Tremonton,utah,84337
Trenton,utah,84338
Wellsville,utah,84339
Willard,utah,84340
Logan,utah,84341
Ogden,utah,84401
Ogden,utah,84403
Ogden,utah,84404
Ogden,utah,84405
Ogden,utah,84414
Price,utah,84501
Blanding,utah,84511
Bluff,utah,84512
Castle Dale,utah,84513
Cisco,utah,84515
Clawson,utah,84516
Cleveland,utah,84518
East Carbon,utah,84520
Elmo,utah,84521
Emery,utah,84522
Ferron,utah,84523
Green River,utah,84525
Helper,utah,84526
Huntington,utah,84528
Kenilworth,utah,84529
La Sal,utah,84530
Mexican Hat,utah,84531
Moab,utah,84532
Lake Powell,utah,84533
Montezuma Creek,utah,84534
Monticello,utah,84535
Monument Valley,utah,84536
Orangeville,utah,84537
Sunnyside,utah,84539
Thompson,utah,84540
Wellington,utah,84542
Provo,utah,84601
Provo,utah,84604
Provo,utah,84606
Aurora,utah,84620
Axtell,utah,84621
Centerfield,utah,84622
Chester,utah,84623
Delta,utah,84624
Elberta,utah,84626
Ephraim,utah,84627
Eureka,utah,84628
Fairview,utah,84629
Fayette,utah,84630
Fillmore,utah,84631
Fountain Green,utah,84632
Goshen,utah,84633
Gunnison,utah,84634
Hinckley,utah,84635
Holden,utah,84636
Kanosh,utah,84637
Leamington,utah,84638
Levan,utah,84639
Lynndyl,utah,84640
Manti,utah,84642
Mayfield,utah,84643
Mona,utah,84645
Moroni,utah,84646
Mount Pleasant,utah,84647
Nephi,utah,84648
Oak City,utah,84649
Payson,utah,84651
Redmond,utah,84652
Salem,utah,84653
Salina,utah,84654
Santaquin,utah,84655
Scipio,utah,84656
Sigurd,utah,84657
Spanish Fork,utah,84660
Spring City,utah,84662
Springville,utah,84663
Mapleton,utah,84664
Sterling,utah,84665
Wales,utah,84667
Richfield,utah,84701
Alton,utah,84710
Annabella,utah,84711
Antimony,utah,84712
Beaver,utah,84713
Beryl,utah,84714
Bicknell,utah,84715
Boulder,utah,84716
Cannonville,utah,84718
Brian Head,utah,84719
Cedar City,utah,84720
Cedar City,utah,84721
Central,utah,84722
Circleville,utah,84723
Elsinore,utah,84724
Enterprise,utah,84725
Escalante,utah,84726
Garrison,utah,84728
Glendale,utah,84729
Glenwood,utah,84730
Greenville,utah,84731
Greenwich,utah,84732
Gunlock,utah,84733
Hanksville,utah,84734
Hatch,utah,84735
Henrieville,utah,84736
Hurricane,utah,84737
Ivins,utah,84738
Joseph,utah,84739
Junction,utah,84740
Kanab,utah,84741
Kanarraville,utah,84742
Kingston,utah,84743
Koosharem,utah,84744
La Verkin,utah,84745
Leeds,utah,84746
Loa,utah,84747
Lyman,utah,84749
Marysvale,utah,84750
Milford,utah,84751
Minersville,utah,84752
Modena,utah,84753
Monroe,utah,84754
Mount Carmel,utah,84755
Newcastle,utah,84756
New Harmony,utah,84757
Orderville,utah,84758
Panguitch,utah,84759
Paragonah,utah,84760
Parowan,utah,84761
Duck Creek Village,utah,84762
Rockville,utah,84763
Bryce,utah,84764
Santa Clara,utah,84765
Sevier,utah,84766
Springdale,utah,84767
Saint George,utah,84770
Summit,utah,84772
Teasdale,utah,84773
Toquerville,utah,84774
Torrey,utah,84775
Tropic,utah,84776
Virgin,utah,84779
Washington,utah,84780
Pine Valley,utah,84781
Veyo,utah,84782
Dammeron Valley,utah,84783
Hildale,utah,84784
Saint George,utah,84790
Phoenix,arizona,85003
Phoenix,arizona,85004
Phoenix,arizona,85006
Phoenix,arizona,85007
Phoenix,arizona,85008
Phoenix,arizona,85009
Phoenix,arizona,85012
Phoenix,arizona,85013
Phoenix,arizona,85014
Phoenix,arizona,85015
Phoenix,arizona,85016
Phoenix,arizona,85017
Phoenix,arizona,85018
Phoenix,arizona,85019
Phoenix,arizona,85020
Phoenix,arizona,85021
Phoenix,arizona,85022
Phoenix,arizona,85023
Phoenix,arizona,85024
Phoenix,arizona,85027
Phoenix,arizona,85028
Phoenix,arizona,85029
Phoenix,arizona,85031
Phoenix,arizona,85032
Phoenix,arizona,85033
Phoenix,arizona,85034
Phoenix,arizona,85035
Phoenix,arizona,85037
Phoenix,arizona,85040
Phoenix,arizona,85041
Phoenix,arizona,85042
Phoenix,arizona,85043
Phoenix,arizona,85044
Phoenix,arizona,85045
Phoenix,arizona,85048
Phoenix,arizona,85050
Phoenix,arizona,85051
Phoenix,arizona,85053
Phoenix,arizona,85054
Phoenix,arizona,85083
Phoenix,arizona,85085
Phoenix,arizona,85086
New River,arizona,85087
Gold Canyon,arizona,85118
Apache Junction,arizona,85119
Apache Junction,arizona,85120
Bapchule,arizona,85121
Casa Grande,arizona,85122
Arizona City,arizona,85123
Coolidge,arizona,85128
Eloy,arizona,85131
Florence,arizona,85132
Hayden,arizona,85135
Kearny,arizona,85137
Maricopa,arizona,85138
Maricopa,arizona,85139
San Tan Valley,arizona,85140
Picacho,arizona,85141
Queen Creek,arizona,85142
San Tan Valley,arizona,85143
Red Rock,arizona,85145
Sacaton,arizona,85147
Stanfield,arizona,85172
Superior,arizona,85173
Winkelman,arizona,85192
Casa Grande,arizona,85193
Casa Grande,arizona,85194
Mesa,arizona,85201
Mesa,arizona,85202
Mesa,arizona,85203
Mesa,arizona,85204
Mesa,arizona,85205
Mesa,arizona,85206
Mesa,arizona,85207
Mesa,arizona,85208
Mesa,arizona,85209
Mesa,arizona,85210
Mesa,arizona,85212
Mesa,arizona,85213
Mesa,arizona,85215
Chandler,arizona,85224
Chandler,arizona,85225
Chandler,arizona,85226
Gilbert,arizona,85233
Gilbert,arizona,85234
Chandler,arizona,85248
Chandler,arizona,85249
Scottsdale,arizona,85250
Scottsdale,arizona,85251
Paradise Valley,arizona,85253
Scottsdale,arizona,85254
Scottsdale,arizona,85255
Scottsdale,arizona,85256
Scottsdale,arizona,85257
Scottsdale,arizona,85258
Scottsdale,arizona,85259
Scottsdale,arizona,85260
Scottsdale,arizona,85262
Rio Verde,arizona,85263
Fort Mcdowell,arizona,85264
Scottsdale,arizona,85266
Fountain Hills,arizona,85268
Tempe,arizona,85281
Tempe,arizona,85282
Tempe,arizona,85283
Tempe,arizona,85284
Chandler,arizona,85286
Gilbert,arizona,85295
Gilbert,arizona,85296
Gilbert,arizona,85297
Gilbert,arizona,85298
Glendale,arizona,85301
Glendale,arizona,85302
Glendale,arizona,85303
Glendale,arizona,85304
Glendale,arizona,85305
Glendale,arizona,85306
Glendale,arizona,85307
Glendale,arizona,85308
Luke Air Force Base,arizona,85309
Glendale,arizona,85310
Aguila,arizona,85320
Ajo,arizona,85321
Arlington,arizona,85322
Avondale,arizona,85323
Black Canyon City,arizona,85324
Bouse,arizona,85325
Buckeye,arizona,85326
Cibola,arizona,85328
Cave Creek,arizona,85331
Congress,arizona,85332
Dateland,arizona,85333
Ehrenberg,arizona,85334
El Mirage,arizona,85335
San Luis,arizona,85336
Gila Bend,arizona,85337
Goodyear,arizona,85338
Laveen,arizona,85339
Litchfield Park,arizona,85340
Lukeville,arizona,85341
Morristown,arizona,85342
Palo Verde,arizona,85343
Parker,arizona,85344
Peoria,arizona,85345
Quartzsite,arizona,85346
Roll,arizona,85347
Salome,arizona,85348
San Luis,arizona,85349
Somerton,arizona,85350
Sun City,arizona,85351
Tacna,arizona,85352
Tolleson,arizona,85353
Tonopah,arizona,85354
Waddell,arizona,85355
Wellton,arizona,85356
Wenden,arizona,85357
Wikieup,arizona,85360
Wittmann,arizona,85361
Yarnell,arizona,85362
Youngtown,arizona,85363
Yuma,arizona,85364
Yuma,arizona,85365
Yuma,arizona,85367
Poston,arizona,85371
Sun City,arizona,85373
Surprise,arizona,85374
Sun City West,arizona,85375
Carefree,arizona,85377
Surprise,arizona,85379
Peoria,arizona,85381
Peoria,arizona,85382
Peoria,arizona,85383
Surprise,arizona,85387
Surprise,arizona,85388
Wickenburg,arizona,85390
Avondale,arizona,85392
Goodyear,arizona,85395
Buckeye,arizona,85396
Globe,arizona,85501
Bylas,arizona,85530
Central,arizona,85531
Clifton,arizona,85533
Duncan,arizona,85534
Eden,arizona,85535
Fort Thomas,arizona,85536
Miami,arizona,85539
Morenci,arizona,85540
Payson,arizona,85541
Peridot,arizona,85542
Pima,arizona,85543
Pine,arizona,85544
Roosevelt,arizona,85545
Safford,arizona,85546
San Carlos,arizona,85550
Solomon,arizona,85551
Thatcher,arizona,85552
Tonto Basin,arizona,85553
Young,arizona,85554
Arivaca,arizona,85601
Benson,arizona,85602
Bisbee,arizona,85603
Bowie,arizona,85605
Cochise,arizona,85606
Douglas,arizona,85607
Douglas,arizona,85608
Dragoon,arizona,85609
Elfrida,arizona,85610
Elgin,arizona,85611
Fort Huachuca,arizona,85613
Green Valley,arizona,85614
Hereford,arizona,85615
Huachuca City,arizona,85616
Mc Neal,arizona,85617
Mammoth,arizona,85618
Mount Lemmon,arizona,85619
Naco,arizona,85620
Nogales,arizona,85621
Green Valley,arizona,85622
Oracle,arizona,85623
Patagonia,arizona,85624
Pearce,arizona,85625
Pirtleville,arizona,85626
Pomerene,arizona,85627
Sahuarita,arizona,85629
Saint David,arizona,85630
San Manuel,arizona,85631
San Simon,arizona,85632
Sasabe,arizona,85633
Sells,arizona,85634
Sierra Vista,arizona,85635
Sonoita,arizona,85637
Tombstone,arizona,85638
Tumacacori,arizona,85640
Vail,arizona,85641
Willcox,arizona,85643
Amado,arizona,85645
Tubac,arizona,85646
Rio Rico,arizona,85648
Sierra Vista,arizona,85650
Marana,arizona,85653
Rillito,arizona,85654
Marana,arizona,85658
Tucson,arizona,85701
Tucson,arizona,85704
Tucson,arizona,85705
Tucson,arizona,85706
Tucson,arizona,85707
Tucson,arizona,85708
Tucson,arizona,85710
Tucson,arizona,85711
Tucson,arizona,85712
Tucson,arizona,85713
Tucson,arizona,85714
Tucson,arizona,85715
Tucson,arizona,85716
Tucson,arizona,85718
Tucson,arizona,85719
Tucson,arizona,85723
Tucson,arizona,85724
Tucson,arizona,85726
Tucson,arizona,85730
Tucson,arizona,85735
Tucson,arizona,85736
Tucson,arizona,85737
Tucson,arizona,85739
Tucson,arizona,85741
Tucson,arizona,85742
Tucson,arizona,85743
Tucson,arizona,85745
Tucson,arizona,85746
Tucson,arizona,85747
Tucson,arizona,85748
Tucson,arizona,85749
Tucson,arizona,85750
Tucson,arizona,85755
Tucson,arizona,85756
Tucson,arizona,85757
Show Low,arizona,85901
Cibecue,arizona,85911
White Mountain Lake,arizona,85912
Alpine,arizona,85920
Blue,arizona,85922
Clay Springs,arizona,85923
Concho,arizona,85924
Eagar,arizona,85925
Fort Apache,arizona,85926
Greer,arizona,85927
Heber,arizona,85928
Lakeside,arizona,85929
Mcnary,arizona,85930
Forest Lakes,arizona,85931
Nutrioso,arizona,85932
Overgaard,arizona,85933
Pinedale,arizona,85934
Pinetop,arizona,85935
Saint Johns,arizona,85936
Snowflake,arizona,85937
Springerville,arizona,85938
Taylor,arizona,85939
Vernon,arizona,85940
Whiteriver,arizona,85941
Woodruff,arizona,85942
Flagstaff,arizona,86001
Flagstaff,arizona,86003
Flagstaff,arizona,86004
Flagstaff,arizona,86011
Bellemont,arizona,86015
Gray Mountain,arizona,86016
Munds Park,arizona,86017
Parks,arizona,86018
Cameron,arizona,86020
Colorado City,arizona,86021
Fredonia,arizona,86022
Grand Canyon,arizona,86023
Happy Jack,arizona,86024
Holbrook,arizona,86025
Petrified Forest Natl Pk,arizona,86028
Sun Valley,arizona,86029
Hotevilla,arizona,86030
Indian Wells,arizona,86031
Joseph City,arizona,86032
Kayenta,arizona,86033
Keams Canyon,arizona,86034
Leupp,arizona,86035
Marble Canyon,arizona,86036
Mormon Lake,arizona,86038
Kykotsmovi Village,arizona,86039
Page,arizona,86040
Polacca,arizona,86042
Second Mesa,arizona,86043
Tonalea,arizona,86044
Tuba City,arizona,86045
Williams,arizona,86046
Winslow,arizona,86047
North Rim,arizona,86052
Kaibeto,arizona,86053
Shonto,arizona,86054
Prescott,arizona,86301
Prescott,arizona,86303
Prescott,arizona,86305
Prescott,arizona,86313
Prescott Valley,arizona,86314
Prescott Valley,arizona,86315
Ash Fork,arizona,86320
Bagdad,arizona,86321
Camp Verde,arizona,86322
Chino Valley,arizona,86323
Clarkdale,arizona,86324
Cornville,arizona,86325
Cottonwood,arizona,86326
Dewey,arizona,86327
Humboldt,arizona,86329
Jerome,arizona,86331
Kirkland,arizona,86332
Mayer,arizona,86333
Paulden,arizona,86334
Rimrock,arizona,86335
Sedona,arizona,86336
Seligman,arizona,86337
Skull Valley,arizona,86338
Crown King,arizona,86343
Sedona,arizona,86351
Kingman,arizona,86401
Lake Havasu City,arizona,86403
Lake Havasu City,arizona,86404
Lake Havasu City,arizona,86406
Kingman,arizona,86409
Hackberry,arizona,86411
Golden Valley,arizona,86413
Fort Mohave,arizona,86426
Bullhead City,arizona,86429
Chloride,arizona,86431
Littlefield,arizona,86432
Oatman,arizona,86433
Peach Springs,arizona,86434
Supai,arizona,86435
Topock,arizona,86436
Valentine,arizona,86437
Yucca,arizona,86438
Mohave Valley,arizona,86440
Dolan Springs,arizona,86441
Bullhead City,arizona,86442
Temple Bar Marina,arizona,86443
Meadview,arizona,86444
Willow Beach,arizona,86445
Chambers,arizona,86502
Chinle,arizona,86503
Fort Defiance,arizona,86504
Ganado,arizona,86505
Houck,arizona,86506
Lukachukai,arizona,86507
Lupton,arizona,86508
Pinon,arizona,86510
Saint Michaels,arizona,86511
Sanders,arizona,86512
Teec Nos Pos,arizona,86514
Window Rock,arizona,86515
Blue Gap,arizona,86520
Dennehotso,arizona,86535
Many Farms,arizona,86538
Nazlini,arizona,86540
Red Valley,arizona,86544
Rock Point,arizona,86545
Round Rock,arizona,86547
Tsaile,arizona,86556
Algodones,new mexico,87001
Belen,new mexico,87002
Bernalillo,new mexico,87004
Bluewater,new mexico,87005
Bosque,new mexico,87006
Casa Blanca,new mexico,87007
Cedar Crest,new mexico,87008
Cerrillos,new mexico,87010
Claunch,new mexico,87011
Coyote,new mexico,87012
Cuba,new mexico,87013
Cubero,new mexico,87014
Edgewood,new mexico,87015
Estancia,new mexico,87016
Gallina,new mexico,87017
Counselor,new mexico,87018
Grants,new mexico,87020
Milan,new mexico,87021
Isleta,new mexico,87022
Jarales,new mexico,87023
Jemez Pueblo,new mexico,87024
Jemez Springs,new mexico,87025
Laguna,new mexico,87026
La Jara,new mexico,87027
La Joya,new mexico,87028
Lindrith,new mexico,87029
Los Lunas,new mexico,87031
Mcintosh,new mexico,87032
Pueblo Of Acoma,new mexico,87034
Moriarty,new mexico,87035
Mountainair,new mexico,87036
Nageezi,new mexico,87037
New Laguna,new mexico,87038
Paguate,new mexico,87040
Pena Blanca,new mexico,87041
Peralta,new mexico,87042
Placitas,new mexico,87043
Ponderosa,new mexico,87044
Prewitt,new mexico,87045
Regina,new mexico,87046
Sandia Park,new mexico,87047
Corrales,new mexico,87048
San Fidel,new mexico,87049
San Rafael,new mexico,87051
Santo Domingo Pueblo,new mexico,87052
San Ysidro,new mexico,87053
Stanley,new mexico,87056
Tijeras,new mexico,87059
Torreon,new mexico,87061
Veguita,new mexico,87062
Willard,new mexico,87063
Youngsville,new mexico,87064
Bosque Farms,new mexico,87068
Clines Corners,new mexico,87070
Cochiti Pueblo,new mexico,87072
Cochiti Lake,new mexico,87083
Albuquerque,new mexico,87102
Albuquerque,new mexico,87104
Albuquerque,new mexico,87105
Albuquerque,new mexico,87106
Albuquerque,new mexico,87107
Albuquerque,new mexico,87108
Albuquerque,new mexico,87109
Albuquerque,new mexico,87110
Albuquerque,new mexico,87111
Albuquerque,new mexico,87112
Albuquerque,new mexico,87113
Albuquerque,new mexico,87114
Albuquerque,new mexico,87116
Kirtland Afb,new mexico,87117
Albuquerque,new mexico,87120
Albuquerque,new mexico,87121
Albuquerque,new mexico,87122
Albuquerque,new mexico,87123
Rio Rancho,new mexico,87124
Rio Rancho,new mexico,87144
Gallup,new mexico,87301
Gallup,new mexico,87305
Brimhall,new mexico,87310
Church Rock,new mexico,87311
Continental Divide,new mexico,87312
Crownpoint,new mexico,87313
Fence Lake,new mexico,87315
Fort Wingate,new mexico,87316
Gamerco,new mexico,87317
Mentmore,new mexico,87319
Mexican Springs,new mexico,87320
Ramah,new mexico,87321
Rehoboth,new mexico,87322
Thoreau,new mexico,87323
Tohatchi,new mexico,87325
Vanderwagen,new mexico,87326
Zuni,new mexico,87327
Navajo,new mexico,87328
Jamestown,new mexico,87347
Pinehill,new mexico,87357
Sheep Springs,new mexico,87364
Yatahey,new mexico,87375
Farmington,new mexico,87401
Farmington,new mexico,87402
Aztec,new mexico,87410
Blanco,new mexico,87412
Bloomfield,new mexico,87413
Flora Vista,new mexico,87415
Fruitland,new mexico,87416
Kirtland,new mexico,87417
La Plata,new mexico,87418
Navajo Dam,new mexico,87419
Shiprock,new mexico,87420
Waterflow,new mexico,87421
Newcomb,new mexico,87455
Sanostee,new mexico,87461
Farmington,new mexico,87499
Santa Fe,new mexico,87501
Santa Fe,new mexico,87505
Santa Fe,new mexico,87506
Santa Fe,new mexico,87507
Santa Fe,new mexico,87508
Abiquiu,new mexico,87510
Alcalde,new mexico,87511
Amalia,new mexico,87512
Arroyo Hondo,new mexico,87513
Arroyo Seco,new mexico,87514
Canjilon,new mexico,87515
Canones,new mexico,87516
Carson,new mexico,87517
Cebolla,new mexico,87518
Cerro,new mexico,87519
Chama,new mexico,87520
Chamisal,new mexico,87521
Chimayo,new mexico,87522
Cordova,new mexico,87523
Costilla,new mexico,87524
Taos Ski Valley,new mexico,87525
Dixon,new mexico,87527
Dulce,new mexico,87528
El Prado,new mexico,87529
El Rito,new mexico,87530
Embudo,new mexico,87531
Espanola,new mexico,87532
Espanola,new mexico,87533
Glorieta,new mexico,87535
Hernandez,new mexico,87537
Ilfeld,new mexico,87538
La Madera,new mexico,87539
Lamy,new mexico,87540
Llano,new mexico,87543
Los Alamos,new mexico,87544
Medanales,new mexico,87548
Ojo Caliente,new mexico,87549
Los Ojos,new mexico,87551
Pecos,new mexico,87552
Penasco,new mexico,87553
Petaca,new mexico,87554
Questa,new mexico,87556
Ranchos De Taos,new mexico,87557
Red River,new mexico,87558
Ribera,new mexico,87560
Rowe,new mexico,87562
San Cristobal,new mexico,87564
San Jose,new mexico,87565
Ohkay Owingeh,new mexico,87566
Santa Cruz,new mexico,87567
Serafina,new mexico,87569
Taos,new mexico,87571
Tererro,new mexico,87573
Tesuque,new mexico,87574
Tierra Amarilla,new mexico,87575
Tres Piedras,new mexico,87577
Truchas,new mexico,87578
Vadito,new mexico,87579
Valdez,new mexico,87580
Vallecitos,new mexico,87581
Velarde,new mexico,87582
Villanueva,new mexico,87583
Las Vegas,new mexico,87701
Angel Fire,new mexico,87710
Anton Chico,new mexico,87711
Buena Vista,new mexico,87712
Chacon,new mexico,87713
Cimarron,new mexico,87714
Cleveland,new mexico,87715
Eagle Nest,new mexico,87718
Guadalupita,new mexico,87722
Holman,new mexico,87723
La Loma,new mexico,87724
Maxwell,new mexico,87728
Miami,new mexico,87729
Mills,new mexico,87730
Montezuma,new mexico,87731
Mora,new mexico,87732
Mosquero,new mexico,87733
Ocate,new mexico,87734
Ojo Feliz,new mexico,87735
Rainsville,new mexico,87736
Raton,new mexico,87740
Rociada,new mexico,87742
Roy,new mexico,87743
Sapello,new mexico,87745
Solano,new mexico,87746
Springer,new mexico,87747
Ute Park,new mexico,87749
Valmora,new mexico,87750
Wagon Mound,new mexico,87752
Watrous,new mexico,87753
Socorro,new mexico,87801
Aragon,new mexico,87820
Datil,new mexico,87821
Lemitar,new mexico,87823
Luna,new mexico,87824
Magdalena,new mexico,87825
Pie Town,new mexico,87827
Polvadera,new mexico,87828
Quemado,new mexico,87829
Reserve,new mexico,87830
San Acacia,new mexico,87831
San Antonio,new mexico,87832
Truth Or Consequences,new mexico,87901
Arrey,new mexico,87930
Caballo,new mexico,87931
Derry,new mexico,87933
Elephant Butte,new mexico,87935
Garfield,new mexico,87936
Hatch,new mexico,87937
Monticello,new mexico,87939
Rincon,new mexico,87940
Salem,new mexico,87941
Williamsburg,new mexico,87942
Winston,new mexico,87943
Las Cruces,new mexico,88001
White Sands Missile Range,new mexico,88002
Las Cruces,new mexico,88003
Las Cruces,new mexico,88004
Las Cruces,new mexico,88005
Las Cruces,new mexico,88007
Santa Teresa,new mexico,88008
Playas,new mexico,88009
Las Cruces,new mexico,88011
Las Cruces,new mexico,88012
Animas,new mexico,88020
Anthony,new mexico,88021
Arenas Valley,new mexico,88022
Bayard,new mexico,88023
Berino,new mexico,88024
Buckhorn,new mexico,88025
Santa Clara,new mexico,88026
Chamberino,new mexico,88027
Cliff,new mexico,88028
Columbus,new mexico,88029
Deming,new mexico,88030
Dona Ana,new mexico,88032
Fairacres,new mexico,88033
Faywood,new mexico,88034
Gila,new mexico,88038
Glenwood,new mexico,88039
Hachita,new mexico,88040
Hanover,new mexico,88041
Hillsboro,new mexico,88042
Hurley,new mexico,88043
La Mesa,new mexico,88044
Lordsburg,new mexico,88045
Mesilla,new mexico,88046
Mesilla Park,new mexico,88047
Mesquite,new mexico,88048
Mimbres,new mexico,88049
Mule Creek,new mexico,88051
Organ,new mexico,88052
Pinos Altos,new mexico,88053
Redrock,new mexico,88055
Rodeo,new mexico,88056
Silver City,new mexico,88061
Sunland Park,new mexico,88063
Tyrone,new mexico,88065
Vado,new mexico,88072
Chaparral,new mexico,88081
Clovis,new mexico,88101
Cannon Afb,new mexico,88103
Broadview,new mexico,88112
Causey,new mexico,88113
Crossroads,new mexico,88114
Dora,new mexico,88115
Elida,new mexico,88116
Floyd,new mexico,88118
Fort Sumner,new mexico,88119
Grady,new mexico,88120
House,new mexico,88121
Melrose,new mexico,88124
Milnesand,new mexico,88125
Pep,new mexico,88126
Portales,new mexico,88130
Rogers,new mexico,88132
Taiban,new mexico,88134
Texico,new mexico,88135
Yeso,new mexico,88136
Roswell,new mexico,88201
Roswell,new mexico,88203
Artesia,new mexico,88210
Carlsbad,new mexico,88220
Dexter,new mexico,88230
Eunice,new mexico,88231
Hagerman,new mexico,88232
Hobbs,new mexico,88240
Hobbs,new mexico,88242
Hope,new mexico,88250
Jal,new mexico,88252
Lake Arthur,new mexico,88253
Lakewood,new mexico,88254
Loco Hills,new mexico,88255
Loving,new mexico,88256
Lovington,new mexico,88260
Mcdonald,new mexico,88262
Malaga,new mexico,88263
Maljamar,new mexico,88264
Monument,new mexico,88265
Tatum,new mexico,88267
Whites City,new mexico,88268
Carrizozo,new mexico,88301
Alamogordo,new mexico,88310
Alamogordo,new mexico,88311
Alto,new mexico,88312
Bent,new mexico,88314
Capitan,new mexico,88316
Cloudcroft,new mexico,88317
Corona,new mexico,88318
Encino,new mexico,88321
Fort Stanton,new mexico,88323
Glencoe,new mexico,88324
High Rolls Mountain Park,new mexico,88325
Holloman Air Force Base,new mexico,88330
Hondo,new mexico,88336
La Luz,new mexico,88337
Lincoln,new mexico,88338
Mayhill,new mexico,88339
Mescalero,new mexico,88340
Nogal,new mexico,88341
Orogrande,new mexico,88342
Picacho,new mexico,88343
Pinon,new mexico,88344
Ruidoso,new mexico,88345
Ruidoso Downs,new mexico,88346
Sacramento,new mexico,88347
San Patricio,new mexico,88348
Sunspot,new mexico,88349
Timberon,new mexico,88350
Tinnie,new mexico,88351
Tularosa,new mexico,88352
Vaughn,new mexico,88353
Weed,new mexico,88354
Ruidoso,new mexico,88355
Tucumcari,new mexico,88401
Amistad,new mexico,88410
Bard,new mexico,88411
Capulin,new mexico,88414
Clayton,new mexico,88415
Conchas Dam,new mexico,88416
Cuervo,new mexico,88417
Des Moines,new mexico,88418
Folsom,new mexico,88419
Garita,new mexico,88421
Gladstone,new mexico,88422
Grenville,new mexico,88424
Logan,new mexico,88426
Mcalister,new mexico,88427
Nara Visa,new mexico,88430
Newkirk,new mexico,88431
San Jon,new mexico,88434
Santa Rosa,new mexico,88435
Sedan,new mexico,88436
Alamo,nevada,89001
Henderson,nevada,89002
Beatty,nevada,89003
Blue Diamond,nevada,89004
Boulder City,nevada,89005
Bunkerville,nevada,89007
Caliente,nevada,89008
Dyer,nevada,89010
Henderson,nevada,89011
Henderson,nevada,89012
Goldfield,nevada,89013
Henderson,nevada,89014
Henderson,nevada,89015
Hiko,nevada,89017
Indian Springs,nevada,89018
Jean,nevada,89019
Amargosa Valley,nevada,89020
Logandale,nevada,89021
Manhattan,nevada,89022
Moapa,nevada,89025
Jean,nevada,89026
Mesquite,nevada,89027
Laughlin,nevada,89029
North Las Vegas,nevada,89030
North Las Vegas,nevada,89031
North Las Vegas,nevada,89032
Cal Nev Ari,nevada,89039
Overton,nevada,89040
Panaca,nevada,89042
Pioche,nevada,89043
Henderson,nevada,89044
Round Mountain,nevada,89045
Searchlight,nevada,89046
Silverpeak,nevada,89047
Pahrump,nevada,89048
Tonopah,nevada,89049
Henderson,nevada,89052
Sloan,nevada,89054
Pahrump,nevada,89060
Pahrump,nevada,89061
Henderson,nevada,89074
North Las Vegas,nevada,89081
North Las Vegas,nevada,89084
North Las Vegas,nevada,89085
North Las Vegas,nevada,89086
Las Vegas,nevada,89101
Las Vegas,nevada,89102
Las Vegas,nevada,89103
Las Vegas,nevada,89104
Las Vegas,nevada,89106
Las Vegas,nevada,89107
Las Vegas,nevada,89108
Las Vegas,nevada,89109
Las Vegas,nevada,89110
Las Vegas,nevada,89113
Las Vegas,nevada,89115
Las Vegas,nevada,89117
Las Vegas,nevada,89118
Las Vegas,nevada,89119
Las Vegas,nevada,89120
Las Vegas,nevada,89121
Las Vegas,nevada,89122
Las Vegas,nevada,89123
Las Vegas,nevada,89124
Las Vegas,nevada,89128
Las Vegas,nevada,89129
Las Vegas,nevada,89130
Las Vegas,nevada,89131
Las Vegas,nevada,89134
Las Vegas,nevada,89135
Las Vegas,nevada,89138
Las Vegas,nevada,89139
Las Vegas,nevada,89141
Las Vegas,nevada,89142
Las Vegas,nevada,89143
Las Vegas,nevada,89144
Las Vegas,nevada,89145
Las Vegas,nevada,89146
Las Vegas,nevada,89147
Las Vegas,nevada,89148
Las Vegas,nevada,89149
Las Vegas,nevada,89156
Las Vegas,nevada,89161
Las Vegas,nevada,89166
Las Vegas,nevada,89169
Las Vegas,nevada,89178
Las Vegas,nevada,89179
Las Vegas,nevada,89183
Nellis Afb,nevada,89191
Ely,nevada,89301
Austin,nevada,89310
Baker,nevada,89311
Duckwater,nevada,89314
Eureka,nevada,89316
Lund,nevada,89317
Mc Gill,nevada,89318
Ruth,nevada,89319
Crystal Bay,nevada,89402
Dayton,nevada,89403
Denio,nevada,89404
Empire,nevada,89405
Fallon,nevada,89406
Fernley,nevada,89408
Gabbs,nevada,89409
Gardnerville,nevada,89410
Genoa,nevada,89411
Gerlach,nevada,89412
Glenbrook,nevada,89413
Golconda,nevada,89414
Hawthorne,nevada,89415
Imlay,nevada,89418
Lovelock,nevada,89419
Luning,nevada,89420
Mc Dermitt,nevada,89421
Mina,nevada,89422
Minden,nevada,89423
Nixon,nevada,89424
Orovada,nevada,89425
Paradise Valley,nevada,89426
Schurz,nevada,89427
Silver City,nevada,89428
Silver Springs,nevada,89429
Smith,nevada,89430
Sparks,nevada,89431
Sun Valley,nevada,89433
Sparks,nevada,89434
Sparks,nevada,89436
Valmy,nevada,89438
Verdi,nevada,89439
Virginia City,nevada,89440
Sparks,nevada,89441
Wadsworth,nevada,89442
Wellington,nevada,89444
Winnemucca,nevada,89445
Winnemucca,nevada,89446
Yerington,nevada,89447
Zephyr Cove,nevada,89448
Stateline,nevada,89449
Incline Village,nevada,89450
Incline Village,nevada,89451
Gardnerville,nevada,89460
Reno,nevada,89501
Reno,nevada,89502
Reno,nevada,89503
Reno,nevada,89506
Reno,nevada,89508
Reno,nevada,89509
Reno,nevada,89510
Reno,nevada,89511
Reno,nevada,89512
Reno,nevada,89519
Reno,nevada,89521
Reno,nevada,89523
Carson City,nevada,89701
Carson City,nevada,89702
Carson City,nevada,89703
Washoe Valley,nevada,89704
Carson City,nevada,89705
Carson City,nevada,89706
Elko,nevada,89801
Spring Creek,nevada,89815
Battle Mountain,nevada,89820
Crescent Valley,nevada,89821
Carlin,nevada,89822
Deeth,nevada,89823
Jackpot,nevada,89825
Jarbidge,nevada,89826
Lamoille,nevada,89828
Montello,nevada,89830
Mountain City,nevada,89831
Owyhee,nevada,89832
Ruby Valley,nevada,89833
Tuscarora,nevada,89834
Wells,nevada,89835
West Wendover,nevada,89883
Los Angeles,california,90001
Los Angeles,california,90002
Los Angeles,california,90003
Los Angeles,california,90004
Los Angeles,california,90005
Los Angeles,california,90006
Los Angeles,california,90007
Los Angeles,california,90008
Los Angeles,california,90010
Los Angeles,california,90011
Los Angeles,california,90012
Los Angeles,california,90013
Los Angeles,california,90014
Los Angeles,california,90015
Los Angeles,california,90016
Los Angeles,california,90017
Los Angeles,california,90018
Los Angeles,california,90019
Los Angeles,california,90020
Los Angeles,california,90021
Los Angeles,california,90022
Los Angeles,california,90023
Los Angeles,california,90024
Los Angeles,california,90025
Los Angeles,california,90026
Los Angeles,california,90027
Los Angeles,california,90028
Los Angeles,california,90029
Los Angeles,california,90031
Los Angeles,california,90032
Los Angeles,california,90033
Los Angeles,california,90034
Los Angeles,california,90035
Los Angeles,california,90036
Los Angeles,california,90037
Los Angeles,california,90038
Los Angeles,california,90039
Los Angeles,california,90040
Los Angeles,california,90041
Los Angeles,california,90042
Los Angeles,california,90043
Los Angeles,california,90044
Los Angeles,california,90045
Los Angeles,california,90046
Los Angeles,california,90047
Los Angeles,california,90048
Los Angeles,california,90049
Los Angeles,california,90056
Los Angeles,california,90057
Los Angeles,california,90058
Los Angeles,california,90059
Los Angeles,california,90061
Los Angeles,california,90062
Los Angeles,california,90063
Los Angeles,california,90064
Los Angeles,california,90065
Los Angeles,california,90066
Los Angeles,california,90067
Los Angeles,california,90068
West Hollywood,california,90069
Los Angeles,california,90071
Los Angeles,california,90073
Los Angeles,california,90077
Los Angeles,california,90079
Los Angeles,california,90089
Dodgertown,california,90090
Playa Vista,california,90094
Los Angeles,california,90095
Bell Gardens,california,90201
Beverly Hills,california,90210
Beverly Hills,california,90211
Beverly Hills,california,90212
Compton,california,90220
Compton,california,90221
Compton,california,90222
Culver City,california,90230
Culver City,california,90232
Downey,california,90240
Downey,california,90241
Downey,california,90242
El Segundo,california,90245
Gardena,california,90247
Gardena,california,90248
Gardena,california,90249
Hawthorne,california,90250
Hermosa Beach,california,90254
Huntington Park,california,90255
Lawndale,california,90260
Lynwood,california,90262
Malibu,california,90263
Malibu,california,90265
Manhattan Beach,california,90266
Maywood,california,90270
Pacific Palisades,california,90272
Palos Verdes Peninsula,california,90274
Rancho Palos Verdes,california,90275
Redondo Beach,california,90277
Redondo Beach,california,90278
South Gate,california,90280
Topanga,california,90290
Venice,california,90291
Marina Del Rey,california,90292
Playa Del Rey,california,90293
Inglewood,california,90301
Inglewood,california,90302
Inglewood,california,90303
Inglewood,california,90304
Inglewood,california,90305
Santa Monica,california,90401
Santa Monica,california,90402
Santa Monica,california,90403
Santa Monica,california,90404
Santa Monica,california,90405
Torrance,california,90501
Torrance,california,90502
Torrance,california,90503
Torrance,california,90504
Torrance,california,90505
Torrance,california,90506
Whittier,california,90601
Whittier,california,90602
Whittier,california,90603
Whittier,california,90604
Whittier,california,90605
Whittier,california,90606
Buena Park,california,90620
Buena Park,california,90621
La Palma,california,90623
Cypress,california,90630
La Habra,california,90631
La Mirada,california,90638
Montebello,california,90640
Norwalk,california,90650
Pico Rivera,california,90660
Santa Fe Springs,california,90670
Stanton,california,90680
Artesia,california,90701
Cerritos,california,90703
Avalon,california,90704
Bellflower,california,90706
Harbor City,california,90710
Lakewood,california,90712
Lakewood,california,90713
Lakewood,california,90715
Hawaiian Gardens,california,90716
Lomita,california,90717
Los Alamitos,california,90720
Paramount,california,90723
San Pedro,california,90731
San Pedro,california,90732
Seal Beach,california,90740
Sunset Beach,california,90742
Surfside,california,90743
Wilmington,california,90744
Carson,california,90745
Carson,california,90746
Carson,california,90747
Signal Hill,california,90755
Long Beach,california,90802
Long Beach,california,90803
Long Beach,california,90804
Long Beach,california,90805
Long Beach,california,90806
Long Beach,california,90807
Long Beach,california,90808
Long Beach,california,90810
Long Beach,california,90813
Long Beach,california,90814
Long Beach,california,90815
Long Beach,california,90822
Long Beach,california,90831
Altadena,california,91001
Arcadia,california,91006
Arcadia,california,91007
Duarte,california,91008
Duarte,california,91010
La Canada Flintridge,california,91011
Monrovia,california,91016
Montrose,california,91020
Sierra Madre,california,91024
South Pasadena,california,91030
Sunland,california,91040
Tujunga,california,91042
Verdugo City,california,91046
Pasadena,california,91101
Pasadena,california,91103
Pasadena,california,91104
Pasadena,california,91105
Pasadena,california,91106
Pasadena,california,91107
San Marino,california,91108
Glendale,california,91201
Glendale,california,91202
Glendale,california,91203
Glendale,california,91204
Glendale,california,91205
Glendale,california,91206
Glendale,california,91207
Glendale,california,91208
Glendale,california,91210
La Crescenta,california,91214
Agoura Hills,california,91301
Calabasas,california,91302
Canoga Park,california,91303
Canoga Park,california,91304
Winnetka,california,91306
West Hills,california,91307
Chatsworth,california,91311
Encino,california,91316
Newbury Park,california,91320
Newhall,california,91321
Northridge,california,91324
Northridge,california,91325
Porter Ranch,california,91326
Northridge,california,91330
Pacoima,california,91331
Reseda,california,91335
San Fernando,california,91340
Sylmar,california,91342
North Hills,california,91343
Granada Hills,california,91344
Mission Hills,california,91345
Santa Clarita,california,91350
Canyon Country,california,91351
Sun Valley,california,91352
Valencia,california,91354
Valencia,california,91355
Tarzana,california,91356
Thousand Oaks,california,91360
Westlake Village,california,91361
Thousand Oaks,california,91362
Woodland Hills,california,91364
Woodland Hills,california,91367
Woodland Hills,california,91371
Oak Park,california,91377
Stevenson Ranch,california,91381
Castaic,california,91384
Canyon Country,california,91387
Santa Clarita,california,91390
Van Nuys,california,91401
Panorama City,california,91402
Sherman Oaks,california,91403
Van Nuys,california,91405
Van Nuys,california,91406
Van Nuys,california,91411
Sherman Oaks,california,91423
Encino,california,91436
Burbank,california,91501
Burbank,california,91502
Burbank,california,91504
Burbank,california,91505
Burbank,california,91506
North Hollywood,california,91601
North Hollywood,california,91602
Studio City,california,91604
North Hollywood,california,91605
North Hollywood,california,91606
Valley Village,california,91607
Universal City,california,91608
Rancho Cucamonga,california,91701
Azusa,california,91702
Baldwin Park,california,91706
Chino,california,91708
Chino Hills,california,91709
Chino,california,91710
Claremont,california,91711
Covina,california,91722
Covina,california,91723
Covina,california,91724
Rancho Cucamonga,california,91730
El Monte,california,91731
El Monte,california,91732
South El Monte,california,91733
Rancho Cucamonga,california,91737
Rancho Cucamonga,california,91739
Glendora,california,91740
Glendora,california,91741
La Puente,california,91744
Hacienda Heights,california,91745
La Puente,california,91746
Rowland Heights,california,91748
La Verne,california,91750
Mira Loma,california,91752
Monterey Park,california,91754
Monterey Park,california,91755
Mt Baldy,california,91759
Ontario,california,91761
Ontario,california,91762
Montclair,california,91763
Ontario,california,91764
Diamond Bar,california,91765
Pomona,california,91766
Pomona,california,91767
Pomona,california,91768
Rosemead,california,91770
San Dimas,california,91773
San Gabriel,california,91775
San Gabriel,california,91776
Temple City,california,91780
Upland,california,91784
Upland,california,91786
Walnut,california,91789
West Covina,california,91790
West Covina,california,91791
West Covina,california,91792
Alhambra,california,91801
Alhambra,california,91803
Alpine,california,91901
Bonita,california,91902
Boulevard,california,91905
Campo,california,91906
Chula Vista,california,91910
Chula Vista,california,91911
Chula Vista,california,91913
Chula Vista,california,91914
Chula Vista,california,91915
Descanso,california,91916
Dulzura,california,91917
Guatay,california,91931
Imperial Beach,california,91932
Jacumba,california,91934
Jamul,california,91935
La Mesa,california,91941
La Mesa,california,91942
Lemon Grove,california,91945
Mount Laguna,california,91948
National City,california,91950
Pine Valley,california,91962
Potrero,california,91963
Spring Valley,california,91977
Spring Valley,california,91978
Tecate,california,91980
Bonsall,california,92003
Borrego Springs,california,92004
Cardiff By The Sea,california,92007
Carlsbad,california,92008
Carlsbad,california,92009
Carlsbad,california,92010
Carlsbad,california,92011
Del Mar,california,92014
El Cajon,california,92019
El Cajon,california,92020
El Cajon,california,92021
Encinitas,california,92024
Escondido,california,92025
Escondido,california,92026
Escondido,california,92027
Fallbrook,california,92028
Escondido,california,92029
Julian,california,92036
La Jolla,california,92037
Lakeside,california,92040
Oceanside,california,92054
Camp Pendleton,california,92055
Oceanside,california,92056
Oceanside,california,92057
Oceanside,california,92058
Pala,california,92059
Palomar Mountain,california,92060
Pauma Valley,california,92061
Poway,california,92064
Ramona,california,92065
Ranchita,california,92066
Rancho Santa Fe,california,92067
San Marcos,california,92069
Santa Ysabel,california,92070
Santee,california,92071
Solana Beach,california,92075
San Marcos,california,92078
Vista,california,92081
Valley Center,california,92082
Vista,california,92083
Vista,california,92084
Warner Springs,california,92086
Rancho Santa Fe,california,92091
San Diego,california,92101
San Diego,california,92102
San Diego,california,92103
San Diego,california,92104
San Diego,california,92105
San Diego,california,92106
San Diego,california,92107
San Diego,california,92108
San Diego,california,92109
San Diego,california,92110
San Diego,california,92111
San Diego,california,92113
San Diego,california,92114
San Diego,california,92115
San Diego,california,92116
San Diego,california,92117
Coronado,california,92118
San Diego,california,92119
San Diego,california,92120
San Diego,california,92121
San Diego,california,92122
San Diego,california,92123
San Diego,california,92124
San Diego,california,92126
San Diego,california,92127
San Diego,california,92128
San Diego,california,92129
San Diego,california,92130
San Diego,california,92131
San Diego,california,92132
San Diego,california,92134
San Diego,california,92135
San Diego,california,92139
San Diego,california,92140
San Diego,california,92145
San Diego,california,92147
San Diego,california,92154
San Diego,california,92155
San Ysidro,california,92173
Indio,california,92201
Indio,california,92203
Indian Wells,california,92210
Palm Desert,california,92211
Banning,california,92220
Bard,california,92222
Beaumont,california,92223
Blythe,california,92225
Brawley,california,92227
Cabazon,california,92230
Calexico,california,92231
Calipatria,california,92233
Cathedral City,california,92234
Coachella,california,92236
Desert Center,california,92239
Desert Hot Springs,california,92240
Desert Hot Springs,california,92241
Earp,california,92242
El Centro,california,92243
Heber,california,92249
Holtville,california,92250
Imperial,california,92251
Joshua Tree,california,92252
La Quinta,california,92253
Mecca,california,92254
Morongo Valley,california,92256
Niland,california,92257
North Palm Springs,california,92258
Ocotillo,california,92259
Palm Desert,california,92260
Palm Springs,california,92262
Palm Springs,california,92264
Palo Verde,california,92266
Parker Dam,california,92267
Pioneertown,california,92268
Rancho Mirage,california,92270
Seeley,california,92273
Thermal,california,92274
Salton City,california,92275
Thousand Palms,california,92276
Twentynine Palms,california,92277
Twentynine Palms,california,92278
Vidal,california,92280
Westmorland,california,92281
Whitewater,california,92282
Winterhaven,california,92283
Yucca Valley,california,92284
Landers,california,92285
Adelanto,california,92301
Amboy,california,92304
Angelus Oaks,california,92305
Apple Valley,california,92307
Apple Valley,california,92308
Baker,california,92309
Fort Irwin,california,92310
Barstow,california,92311
Grand Terrace,california,92313
Big Bear City,california,92314
Big Bear Lake,california,92315
Bloomington,california,92316
Calimesa,california,92320
Cedar Glen,california,92321
Cedarpines Park,california,92322
Colton,california,92324
Crestline,california,92325
Daggett,california,92327
Death Valley,california,92328
Essex,california,92332
Fawnskin,california,92333
Fontana,california,92335
Fontana,california,92336
Fontana,california,92337
Ludlow,california,92338
Forest Falls,california,92339
Green Valley Lake,california,92341
Helendale,california,92342
Hesperia,california,92344
Hesperia,california,92345
Highland,california,92346
Hinkley,california,92347
Lake Arrowhead,california,92352
Loma Linda,california,92354
Lucerne Valley,california,92356
Lytle Creek,california,92358
Mentone,california,92359
Needles,california,92363
Nipton,california,92364
Newberry Springs,california,92365
Oro Grande,california,92368
Phelan,california,92371
Pinon Hills,california,92372
Redlands,california,92373
Redlands,california,92374
Rialto,california,92376
Rialto,california,92377
Rimforest,california,92378
Running Springs,california,92382
Shoshone,california,92384
Skyforest,california,92385
Sugarloaf,california,92386
Tecopa,california,92389
Twin Peaks,california,92391
Victorville,california,92392
Victorville,california,92394
Victorville,california,92395
Wrightwood,california,92397
Yermo,california,92398
Yucaipa,california,92399
San Bernardino,california,92401
San Bernardino,california,92404
San Bernardino,california,92405
San Bernardino,california,92407
San Bernardino,california,92408
San Bernardino,california,92410
San Bernardino,california,92411
Riverside,california,92501
Riverside,california,92503
Riverside,california,92504
Riverside,california,92505
Riverside,california,92506
Riverside,california,92507
Riverside,california,92508
Jurupa Valley,california,92509
March Air Reserve Base,california,92518
Lake Elsinore,california,92530
Lake Elsinore,california,92532
Aguanga,california,92536
Anza,california,92539
Hemet,california,92543
Hemet,california,92544
Hemet,california,92545
Homeland,california,92548
Idyllwild,california,92549
Moreno Valley,california,92551
Moreno Valley,california,92553
Moreno Valley,california,92555
Moreno Valley,california,92557
Mountain Center,california,92561
Murrieta,california,92562
Murrieta,california,92563
Nuevo,california,92567
Perris,california,92570
Perris,california,92571
San Jacinto,california,92582
San Jacinto,california,92583
Menifee,california,92584
Menifee,california,92585
Menifee,california,92586
Menifee,california,92587
Temecula,california,92590
Temecula,california,92591
Temecula,california,92592
Wildomar,california,92595
Winchester,california,92596
Irvine,california,92602
Irvine,california,92603
Irvine,california,92604
Irvine,california,92606
Foothill Ranch,california,92610
Irvine,california,92612
Irvine,california,92614
Irvine,california,92617
Irvine,california,92618
Irvine,california,92620
Capistrano Beach,california,92624
Corona Del Mar,california,92625
Costa Mesa,california,92626
Costa Mesa,california,92627
Dana Point,california,92629
Lake Forest,california,92630
Laguna Woods,california,92637
Huntington Beach,california,92646
Huntington Beach,california,92647
Huntington Beach,california,92648
Huntington Beach,california,92649
Laguna Beach,california,92651
Laguna Hills,california,92653
Midway City,california,92655
Aliso Viejo,california,92656
Newport Coast,california,92657
Newport Beach,california,92660
Newport Beach,california,92661
Newport Beach,california,92662
Newport Beach,california,92663
San Clemente,california,92672
San Clemente,california,92673
San Juan Capistrano,california,92675
Silverado,california,92676
Laguna Niguel,california,92677
Trabuco Canyon,california,92678
Trabuco Canyon,california,92679
Westminster,california,92683
Rancho Santa Margarita,california,92688
Mission Viejo,california,92691
Mission Viejo,california,92692
Ladera Ranch,california,92694
Santa Ana,california,92701
Santa Ana,california,92703
Santa Ana,california,92704
Santa Ana,california,92705
Santa Ana,california,92706
Santa Ana,california,92707
Fountain Valley,california,92708
Tustin,california,92780
Tustin,california,92782
Anaheim,california,92801
Anaheim,california,92802
Anaheim,california,92804
Anaheim,california,92805
Anaheim,california,92806
Anaheim,california,92807
Anaheim,california,92808
Brea,california,92821
Brea,california,92823
Fullerton,california,92831
Fullerton,california,92832
Fullerton,california,92833
Fullerton,california,92835
Garden Grove,california,92840
Garden Grove,california,92841
Garden Grove,california,92843
Garden Grove,california,92844
Garden Grove,california,92845
Norco,california,92860
Villa Park,california,92861
Orange,california,92865
Orange,california,92866
Orange,california,92867
Orange,california,92868
Orange,california,92869
Placentia,california,92870
Corona,california,92879
Corona,california,92880
Corona,california,92881
Corona,california,92882
Corona,california,92883
Yorba Linda,california,92886
Yorba Linda,california,92887
Ventura,california,93001
Ventura,california,93003
Ventura,california,93004
Camarillo,california,93010
Camarillo,california,93012
Carpinteria,california,93013
Fillmore,california,93015
Moorpark,california,93021
Oak View,california,93022
Ojai,california,93023
Oxnard,california,93030
Oxnard,california,93033
Oxnard,california,93035
Oxnard,california,93036
Piru,california,93040
Port Hueneme,california,93041
Point Mugu Nawc,california,93042
Port Hueneme Cbc Base,california,93043
Santa Paula,california,93060
Simi Valley,california,93063
Brandeis,california,93064
Simi Valley,california,93065
Somis,california,93066
Summerland,california,93067
Santa Barbara,california,93101
Santa Barbara,california,93103
Santa Barbara,california,93105
Santa Barbara,california,93108
Santa Barbara,california,93109
Santa Barbara,california,93110
Santa Barbara,california,93111
Goleta,california,93117
Alpaugh,california,93201
Armona,california,93202
Arvin,california,93203
Avenal,california,93204
Bodfish,california,93205
Buttonwillow,california,93206
California Hot Springs,california,93207
Camp Nelson,california,93208
Coalinga,california,93210
Corcoran,california,93212
Delano,california,93215
Ducor,california,93218
Earlimart,california,93219
Edison,california,93220
Exeter,california,93221
Pine Mountain Club,california,93222
Farmersville,california,93223
Fellows,california,93224
Frazier Park,california,93225
Glennville,california,93226
Hanford,california,93230
Huron,california,93234
Ivanhoe,california,93235
Kernville,california,93238
Kettleman City,california,93239
Lake Isabella,california,93240
Lamont,california,93241
Laton,california,93242
Lebec,california,93243
Lemon Cove,california,93244
Lemoore,california,93245
Lindsay,california,93247
Lost Hills,california,93249
Mc Farland,california,93250
Mc Kittrick,california,93251
Maricopa,california,93252
New Cuyama,california,93254
Onyx,california,93255
Pixley,california,93256
Porterville,california,93257
Porterville,california,93258
Posey,california,93260
Richgrove,california,93261
Sequoia National Park,california,93262
Shafter,california,93263
Springville,california,93265
Stratford,california,93266
Strathmore,california,93267
Taft,california,93268
Terra Bella,california,93270
Three Rivers,california,93271
Tipton,california,93272
Tulare,california,93274
Tupman,california,93276
Visalia,california,93277
Wasco,california,93280
Weldon,california,93283
Wofford Heights,california,93285
Woodlake,california,93286
Woody,california,93287
Visalia,california,93291
Visalia,california,93292
Bakersfield,california,93301
Bakersfield,california,93304
Bakersfield,california,93305
Bakersfield,california,93306
Bakersfield,california,93307
Bakersfield,california,93308
Bakersfield,california,93309
Bakersfield,california,93311
Bakersfield,california,93312
Bakersfield,california,93313
Bakersfield,california,93314
San Luis Obispo,california,93401
Los Osos,california,93402
San Luis Obispo,california,93405
San Luis Obispo,california,93410
Arroyo Grande,california,93420
Atascadero,california,93422
Avila Beach,california,93424
Bradley,california,93426
Buellton,california,93427
Cambria,california,93428
Casmalia,california,93429
Cayucos,california,93430
Creston,california,93432
Grover Beach,california,93433
Guadalupe,california,93434
Lompoc,california,93436
Lompoc,california,93437
Los Alamos,california,93440
Los Olivos,california,93441
Morro Bay,california,93442
Nipomo,california,93444
Oceano,california,93445
Paso Robles,california,93446
Pismo Beach,california,93449
San Ardo,california,93450
San Miguel,california,93451
San Simeon,california,93452
Santa Margarita,california,93453
Santa Maria,california,93454
Santa Maria,california,93455
Santa Maria,california,93458
Santa Ynez,california,93460
Shandon,california,93461
Solvang,california,93463
Templeton,california,93465
Mojave,california,93501
California City,california,93505
Acton,california,93510
Benton,california,93512
Big Pine,california,93513
Bishop,california,93514
Boron,california,93516
Bridgeport,california,93517
Caliente,california,93518
Cantil,california,93519
Darwin,california,93522
Edwards,california,93523
Edwards,california,93524
Independence,california,93526
Inyokern,california,93527
Johannesburg,california,93528
June Lake,california,93529
Keeler,california,93530
Keene,california,93531
Lake Hughes,california,93532
Lancaster,california,93534
Lancaster,california,93535
Lancaster,california,93536
Lee Vining,california,93541
Littlerock,california,93543
Llano,california,93544
Lone Pine,california,93545
Mammoth Lakes,california,93546
Olancha,california,93549
Palmdale,california,93550
Palmdale,california,93551
Palmdale,california,93552
Pearblossom,california,93553
Randsburg,california,93554
Ridgecrest,california,93555
Red Mountain,california,93558
Rosamond,california,93560
Tehachapi,california,93561
Trona,california,93562
Valyermo,california,93563
Palmdale,california,93591
Trona,california,93592
Ahwahnee,california,93601
Auberry,california,93602
Badger,california,93603
Bass Lake,california,93604
Big Creek,california,93605
Biola,california,93606
Cantua Creek,california,93608
Caruthers,california,93609
Chowchilla,california,93610
Clovis,california,93611
Clovis,california,93612
Coarsegold,california,93614
Cutler,california,93615
Del Rey,california,93616
Dinuba,california,93618
Clovis,california,93619
Dos Palos,california,93620
Dunlap,california,93621
Firebaugh,california,93622
Fish Camp,california,93623
Five Points,california,93624
Fowler,california,93625
Friant,california,93626
Helm,california,93627
Hume,california,93628
Kerman,california,93630
Kingsburg,california,93631
Kings Canyon National Pk,california,93633
Lakeshore,california,93634
Los Banos,california,93635
Madera,california,93636
Madera,california,93637
Madera,california,93638
Mendota,california,93640
Miramonte,california,93641
North Fork,california,93643
Oakhurst,california,93644
O Neals,california,93645
Orange Cove,california,93646
Orosi,california,93647
Parlier,california,93648
Fresno,california,93650
Prather,california,93651
Raisin City,california,93652
Raymond,california,93653
Reedley,california,93654
Riverdale,california,93656
Sanger,california,93657
San Joaquin,california,93660
Selma,california,93662
Shaver Lake,california,93664
South Dos Palos,california,93665
Sultana,california,93666
Tollhouse,california,93667
Tranquillity,california,93668
Wishon,california,93669
Traver,california,93673
Squaw Valley,california,93675
Fresno,california,93701
Fresno,california,93702
Fresno,california,93703
Fresno,california,93704
Fresno,california,93705
Fresno,california,93706
Fresno,california,93710
Fresno,california,93711
Fresno,california,93720
Fresno,california,93721
Fresno,california,93722
Fresno,california,93723
Fresno,california,93725
Fresno,california,93726
Fresno,california,93727
Fresno,california,93728
Fresno,california,93730
Salinas,california,93901
Salinas,california,93905
Salinas,california,93906
Salinas,california,93907
Salinas,california,93908
Big Sur,california,93920
Carmel By The Sea,california,93921
Carmel,california,93923
Carmel Valley,california,93924
Chualar,california,93925
Gonzales,california,93926
Greenfield,california,93927
Jolon,california,93928
King City,california,93930
Lockwood,california,93932
Marina,california,93933
Monterey,california,93940
Monterey,california,93943
Pacific Grove,california,93950
Pebble Beach,california,93953
San Lucas,california,93954
Seaside,california,93955
Soledad,california,93960
Spreckels,california,93962
Belmont,california,94002
Brisbane,california,94005
Burlingame,california,94010
Daly City,california,94014
Daly City,california,94015
Half Moon Bay,california,94019
La Honda,california,94020
Loma Mar,california,94021
Los Altos,california,94022
Los Altos,california,94024
Menlo Park,california,94025
Atherton,california,94027
Portola Valley,california,94028
Millbrae,california,94030
Montara,california,94037
Moss Beach,california,94038
Mountain View,california,94040
Mountain View,california,94041
Mountain View,california,94043
Pacifica,california,94044
Pescadero,california,94060
Redwood City,california,94061
Redwood City,california,94062
Redwood City,california,94063
Redwood City,california,94065
San Bruno,california,94066
San Carlos,california,94070
San Gregorio,california,94074
South San Francisco,california,94080
Sunnyvale,california,94085
Sunnyvale,california,94086
Sunnyvale,california,94087
Sunnyvale,california,94089
San Francisco,california,94102
San Francisco,california,94103
San Francisco,california,94104
San Francisco,california,94105
San Francisco,california,94107
San Francisco,california,94108
San Francisco,california,94109
San Francisco,california,94110
San Francisco,california,94111
San Francisco,california,94112
San Francisco,california,94114
San Francisco,california,94115
San Francisco,california,94116
San Francisco,california,94117
San Francisco,california,94118
San Francisco,california,94121
San Francisco,california,94122
San Francisco,california,94123
San Francisco,california,94124
San Francisco,california,94127
San Francisco,california,94128
San Francisco,california,94129
San Francisco,california,94130
San Francisco,california,94131
San Francisco,california,94132
San Francisco,california,94133
San Francisco,california,94134
San Francisco,california,94158
Palo Alto,california,94301
Palo Alto,california,94303
Palo Alto,california,94304
Stanford,california,94305
Palo Alto,california,94306
San Mateo,california,94401
San Mateo,california,94402
San Mateo,california,94403
San Mateo,california,94404
Alameda,california,94501
Alameda,california,94502
American Canyon,california,94503
Discovery Bay,california,94505
Danville,california,94506
Alamo,california,94507
Angwin,california,94508
Antioch,california,94509
Benicia,california,94510
Bethel Island,california,94511
Birds Landing,california,94512
Brentwood,california,94513
Byron,california,94514
Calistoga,california,94515
Canyon,california,94516
Clayton,california,94517
Concord,california,94518
Concord,california,94519
Concord,california,94520
Concord,california,94521
Pleasant Hill,california,94523
Crockett,california,94525
Danville,california,94526
Diablo,california,94528
El Cerrito,california,94530
Antioch,california,94531
Fairfield,california,94533
Fairfield,california,94534
Travis Afb,california,94535
Fremont,california,94536
Fremont,california,94538
Fremont,california,94539
Hayward,california,94541
Hayward,california,94542
Hayward,california,94544
Hayward,california,94545
Castro Valley,california,94546
Hercules,california,94547
Knightsen,california,94548
Lafayette,california,94549
Livermore,california,94550
Livermore,california,94551
Castro Valley,california,94552
Martinez,california,94553
Fremont,california,94555
Moraga,california,94556
Napa,california,94558
Napa,california,94559
Newark,california,94560
Oakley,california,94561
Orinda,california,94563
Pinole,california,94564
Pittsburg,california,94565
Pleasanton,california,94566
Pope Valley,california,94567
Dublin,california,94568
Port Costa,california,94569
Rio Vista,california,94571
Rodeo,california,94572
Rutherford,california,94573
Saint Helena,california,94574
Moraga,california,94575
Deer Park,california,94576
San Leandro,california,94577
San Leandro,california,94578
San Leandro,california,94579
San Lorenzo,california,94580
San Ramon,california,94582
San Ramon,california,94583
Suisun City,california,94585
Sunol,california,94586
Union City,california,94587
Pleasanton,california,94588
Vallejo,california,94589
Vallejo,california,94590
Vallejo,california,94591
Vallejo,california,94592
Walnut Creek,california,94595
Walnut Creek,california,94596
Walnut Creek,california,94597
Walnut Creek,california,94598
Yountville,california,94599
Oakland,california,94601
Oakland,california,94602
Oakland,california,94603
Oakland,california,94605
Oakland,california,94606
Oakland,california,94607
Emeryville,california,94608
Oakland,california,94609
Oakland,california,94610
Oakland,california,94611
Oakland,california,94612
Oakland,california,94613
Oakland,california,94618
Oakland,california,94619
Oakland,california,94621
Berkeley,california,94702
Berkeley,california,94703
Berkeley,california,94704
Berkeley,california,94705
Albany,california,94706
Berkeley,california,94707
Berkeley,california,94708
Berkeley,california,94709
Berkeley,california,94710
Berkeley,california,94720
Richmond,california,94801
El Sobrante,california,94803
Richmond,california,94804
Richmond,california,94805
San Pablo,california,94806
Richmond,california,94850
San Rafael,california,94901
San Rafael,california,94903
Greenbrae,california,94904
Belvedere Tiburon,california,94920
Bodega,california,94922
Bodega Bay,california,94923
Bolinas,california,94924
Corte Madera,california,94925
Rohnert Park,california,94928
Dillon Beach,california,94929
Fairfax,california,94930
Cotati,california,94931
Forest Knolls,california,94933
Inverness,california,94937
Lagunitas,california,94938
Larkspur,california,94939
Marshall,california,94940
Mill Valley,california,94941
Novato,california,94945
Nicasio,california,94946
Novato,california,94947
Novato,california,94949
Olema,california,94950
Penngrove,california,94951
Petaluma,california,94952
Petaluma,california,94954
Point Reyes Station,california,94956
Ross,california,94957
San Anselmo,california,94960
San Geronimo,california,94963
San Quentin,california,94964
Sausalito,california,94965
Stinson Beach,california,94970
Tomales,california,94971
Valley Ford,california,94972
Woodacre,california,94973
Alviso,california,95002
Aptos,california,95003
Aromas,california,95004
Ben Lomond,california,95005
Boulder Creek,california,95006
Brookdale,california,95007
Campbell,california,95008
Capitola,california,95010
Castroville,california,95012
Coyote,california,95013
Cupertino,california,95014
Davenport,california,95017
Felton,california,95018
Freedom,california,95019
Gilroy,california,95020
Hollister,california,95023
Los Gatos,california,95030
Los Gatos,california,95032
Los Gatos,california,95033
Milpitas,california,95035
Morgan Hill,california,95037
Moss Landing,california,95039
Mount Hermon,california,95041
Paicines,california,95043
San Juan Bautista,california,95045
San Martin,california,95046
Santa Clara,california,95050
Santa Clara,california,95051
Santa Clara,california,95053
Santa Clara,california,95054
Santa Cruz,california,95060
Santa Cruz,california,95062
Santa Cruz,california,95064
Santa Cruz,california,95065
Scotts Valley,california,95066
Saratoga,california,95070
Soquel,california,95073
Tres Pinos,california,95075
Watsonville,california,95076
San Jose,california,95110
San Jose,california,95111
San Jose,california,95112
San Jose,california,95113
San Jose,california,95116
San Jose,california,95117
San Jose,california,95118
San Jose,california,95119
San Jose,california,95120
San Jose,california,95121
San Jose,california,95122
San Jose,california,95123
San Jose,california,95124
San Jose,california,95125
San Jose,california,95126
San Jose,california,95127
San Jose,california,95128
San Jose,california,95129
San Jose,california,95130
San Jose,california,95131
San Jose,california,95132
San Jose,california,95133
San Jose,california,95134
San Jose,california,95135
San Jose,california,95136
San Jose,california,95138
San Jose,california,95139
Mount Hamilton,california,95140
San Jose,california,95148
Stockton,california,95202
Stockton,california,95203
Stockton,california,95204
Stockton,california,95205
Stockton,california,95206
Stockton,california,95207
Stockton,california,95209
Stockton,california,95210
Stockton,california,95211
Stockton,california,95212
Stockton,california,95215
Stockton,california,95219
Acampo,california,95220
Angels Camp,california,95222
Arnold,california,95223
Avery,california,95224
Burson,california,95225
Campo Seco,california,95226
Clements,california,95227
Copperopolis,california,95228
Farmington,california,95230
French Camp,california,95231
Glencoe,california,95232
Hathaway Pines,california,95233
Holt,california,95234
Linden,california,95236
Lockeford,california,95237
Lodi,california,95240
Lodi,california,95242
Mokelumne Hill,california,95245
Mountain Ranch,california,95246
Murphys,california,95247
Rail Road Flat,california,95248
San Andreas,california,95249
Vallecito,california,95251
Valley Springs,california,95252
Wallace,california,95254
West Point,california,95255
Wilseyville,california,95257
Woodbridge,california,95258
Atwater,california,95301
Ballico,california,95303
Tracy,california,95304
Big Oak Flat,california,95305
Catheys Valley,california,95306
Ceres,california,95307
Columbia,california,95310
Coulterville,california,95311
Cressey,california,95312
Crows Landing,california,95313
Delhi,california,95315
Denair,california,95316
El Nido,california,95317
El Portal,california,95318
Empire,california,95319
Escalon,california,95320
Groveland,california,95321
Gustine,california,95322
Hickman,california,95323
Hilmar,california,95324
Hornitos,california,95325
Hughson,california,95326
Jamestown,california,95327
Keyes,california,95328
La Grange,california,95329
Lathrop,california,95330
Le Grand,california,95333
Livingston,california,95334
Long Barn,california,95335
Manteca,california,95336
Manteca,california,95337
Mariposa,california,95338
Merced,california,95340
Merced,california,95341
Midpines,california,95345
Mi Wuk Village,california,95346
Merced,california,95348
Modesto,california,95350
Modesto,california,95351
Modesto,california,95354
Modesto,california,95355
Modesto,california,95356
Modesto,california,95357
Modesto,california,95358
Newman,california,95360
Oakdale,california,95361
Patterson,california,95363
Pinecrest,california,95364
Planada,california,95365
Ripon,california,95366
Riverbank,california,95367
Salida,california,95368
Snelling,california,95369
Sonora,california,95370
Soulsbyville,california,95372
Stevinson,california,95374
Strawberry,california,95375
Tracy,california,95376
Tracy,california,95377
Tuolumne,california,95379
Turlock,california,95380
Turlock,california,95382
Twain Harte,california,95383
Vernalis,california,95385
Waterford,california,95386
Westley,california,95387
Winton,california,95388
Yosemite National Park,california,95389
Tracy,california,95391
Santa Rosa,california,95401
Santa Rosa,california,95403
Santa Rosa,california,95404
Santa Rosa,california,95405
Santa Rosa,california,95407
Santa Rosa,california,95409
Albion,california,95410
Annapolis,california,95412
Boonville,california,95415
Branscomb,california,95417
Caspar,california,95420
Cazadero,california,95421
Clearlake,california,95422
Clearlake Oaks,california,95423
Cloverdale,california,95425
Cobb,california,95426
Comptche,california,95427
Covelo,california,95428
Dos Rios,california,95429
Duncans Mills,california,95430
Eldridge,california,95431
Elk,california,95432
Finley,california,95435
Forestville,california,95436
Fort Bragg,california,95437
Fulton,california,95439
Geyserville,california,95441
Glen Ellen,california,95442
Glenhaven,california,95443
Graton,california,95444
Gualala,california,95445
Guerneville,california,95446
Healdsburg,california,95448
Hopland,california,95449
Jenner,california,95450
Kelseyville,california,95451
Kenwood,california,95452
Lakeport,california,95453
Laytonville,california,95454
Little River,california,95456
Lower Lake,california,95457
Lucerne,california,95458
Manchester,california,95459
Mendocino,california,95460
Middletown,california,95461
Monte Rio,california,95462
Navarro,california,95463
Nice,california,95464
Occidental,california,95465
Philo,california,95466
Hidden Valley Lake,california,95467
Point Arena,california,95468
Potter Valley,california,95469
Redwood Valley,california,95470
Rio Nido,california,95471
Sebastopol,california,95472
Sonoma,california,95476
Ukiah,california,95482
Upper Lake,california,95485
Villa Grande,california,95486
Westport,california,95488
Willits,california,95490
Windsor,california,95492
Witter Springs,california,95493
Yorkville,california,95494
The Sea Ranch,california,95497
Eureka,california,95501
Eureka,california,95503
Alderpoint,california,95511
Blocksburg,california,95514
Mckinleyville,california,95519
Arcata,california,95521
Bayside,california,95524
Blue Lake,california,95525
Bridgeville,california,95526
Burnt Ranch,california,95527
Carlotta,california,95528
Crescent City,california,95531
Ferndale,california,95536
Fields Landing,california,95537
Fortuna,california,95540
Garberville,california,95542
Gasquet,california,95543
Honeydew,california,95545
Hoopa,california,95546
Hydesville,california,95547
Klamath,california,95548
Kneeland,california,95549
Korbel,california,95550
Loleta,california,95551
Mad River,california,95552
Miranda,california,95553
Myers Flat,california,95554
Orick,california,95555
Orleans,california,95556
Petrolia,california,95558
Phillipsville,california,95559
Redway,california,95560
Rio Dell,california,95562
Salyer,california,95563
Samoa,california,95564
Scotia,california,95565
Smith River,california,95567
Somes Bar,california,95568
Redcrest,california,95569
Trinidad,california,95570
Weott,california,95571
Willow Creek,california,95573
Leggett,california,95585
Piercy,california,95587
Whitethorn,california,95589
Zenia,california,95595
Amador City,california,95601
Auburn,california,95602
Auburn,california,95603
Auburn,california,95604
West Sacramento,california,95605
Brooks,california,95606
Capay,california,95607
Carmichael,california,95608
Citrus Heights,california,95610
Clarksburg,california,95612
Cool,california,95614
Courtland,california,95615
Davis,california,95616
Davis,california,95618
Diamond Springs,california,95619
Dixon,california,95620
Citrus Heights,california,95621
El Dorado,california,95623
Elk Grove,california,95624
Elmira,california,95625
Elverta,california,95626
Esparto,california,95627
Fair Oaks,california,95628
Fiddletown,california,95629
Folsom,california,95630
Foresthill,california,95631
Galt,california,95632
Garden Valley,california,95633
Georgetown,california,95634
Greenwood,california,95635
Grizzly Flats,california,95636
Guinda,california,95637
Herald,california,95638
Hood,california,95639
Ione,california,95640
Isleton,california,95641
Jackson,california,95642
Knights Landing,california,95645
Kirkwood,california,95646
Lincoln,california,95648
Loomis,california,95650
Lotus,california,95651
Mcclellan,california,95652
Madison,california,95653
Mather,california,95655
Newcastle,california,95658
Nicolaus,california,95659
North Highlands,california,95660
Roseville,california,95661
Orangevale,california,95662
Penryn,california,95663
Pilot Hill,california,95664
Pine Grove,california,95665
Pioneer,california,95666
Placerville,california,95667
Pleasant Grove,california,95668
Plymouth,california,95669
Rancho Cordova,california,95670
Rescue,california,95672
Rio Linda,california,95673
Rio Oso,california,95674
River Pines,california,95675
Rocklin,california,95677
Roseville,california,95678
Rumsey,california,95679
Ryde,california,95680
Sheridan,california,95681
Shingle Springs,california,95682
Sloughhouse,california,95683
Somerset,california,95684
Sutter Creek,california,95685
Thornton,california,95686
Vacaville,california,95687
Vacaville,california,95688
Volcano,california,95689
Walnut Grove,california,95690
West Sacramento,california,95691
Wheatland,california,95692
Wilton,california,95693
Winters,california,95694
Woodland,california,95695
Yolo,california,95697
Zamora,california,95698
Drytown,california,95699
Alta,california,95701
Applegate,california,95703
Camino,california,95709
Colfax,california,95713
Dutch Flat,california,95714
Emigrant Gap,california,95715
Gold Run,california,95717
Kyburz,california,95720
Echo Lake,california,95721
Meadow Vista,california,95722
Norden,california,95724
Pollock Pines,california,95726
Soda Springs,california,95728
Twin Bridges,california,95735
Weimar,california,95736
Rancho Cordova,california,95742
Granite Bay,california,95746
Roseville,california,95747
Elk Grove,california,95757
Elk Grove,california,95758
El Dorado Hills,california,95762
Rocklin,california,95765
Woodland,california,95776
Sacramento,california,95811
Sacramento,california,95814
Sacramento,california,95815
Sacramento,california,95816
Sacramento,california,95817
Sacramento,california,95818
Sacramento,california,95819
Sacramento,california,95820
Sacramento,california,95821
Sacramento,california,95822
Sacramento,california,95823
Sacramento,california,95824
Sacramento,california,95825
Sacramento,california,95826
Sacramento,california,95827
Sacramento,california,95828
Sacramento,california,95829
Sacramento,california,95830
Sacramento,california,95831
Sacramento,california,95832
Sacramento,california,95833
Sacramento,california,95834
Sacramento,california,95835
Sacramento,california,95837
Sacramento,california,95838
Sacramento,california,95841
Sacramento,california,95842
Antelope,california,95843
Sacramento,california,95864
Marysville,california,95901
Beale Afb,california,95903
Alleghany,california,95910
Arbuckle,california,95912
Bangor,california,95914
Belden,california,95915
Berry Creek,california,95916
Biggs,california,95917
Browns Valley,california,95918
Brownsville,california,95919
Butte City,california,95920
Camptonville,california,95922
Canyon Dam,california,95923
Challenge,california,95925
Chico,california,95926
Chico,california,95928
Clipper Mills,california,95930
Colusa,california,95932
Crescent Mills,california,95934
Dobbins,california,95935
Downieville,california,95936
Dunnigan,california,95937
Durham,california,95938
Elk Creek,california,95939
Forbestown,california,95941
Forest Ranch,california,95942
Glenn,california,95943
Goodyears Bar,california,95944
Grass Valley,california,95945
Penn Valley,california,95946
Greenville,california,95947
Gridley,california,95948
Grass Valley,california,95949
Grimes,california,95950
Hamilton City,california,95951
Live Oak,california,95953
Magalia,california,95954
Maxwell,california,95955
Meadow Valley,california,95956
Meridian,california,95957
Nevada City,california,95959
North San Juan,california,95960
Olivehurst,california,95961
Oregon House,california,95962
Orland,california,95963
Oroville,california,95965
Oroville,california,95966
Palermo,california,95968
Paradise,california,95969
Princeton,california,95970
Quincy,california,95971
Chico,california,95973
Richvale,california,95974
Rough And Ready,california,95975
Smartsville,california,95977
Stirling City,california,95978
Stonyford,california,95979
Strawberry Valley,california,95981
Sutter,california,95982
Taylorsville,california,95983
Twain,california,95984
Washington,california,95986
Williams,california,95987
Willows,california,95988
Yuba City,california,95991
Yuba City,california,95993
Redding,california,96001
Redding,california,96002
Redding,california,96003
Adin,california,96006
Anderson,california,96007
Bella Vista,california,96008
Bieber,california,96009
Big Bar,california,96010
Big Bend,california,96011
Burney,california,96013
Callahan,california,96014
Canby,california,96015
Cassel,california,96016
Castella,california,96017
Shasta Lake,california,96019
Chester,california,96020
Corning,california,96021
Cottonwood,california,96022
Dorris,california,96023
Douglas City,california,96024
Dunsmuir,california,96025
Etna,california,96027
Fall River Mills,california,96028
Flournoy,california,96029
Forks Of Salmon,california,96031
Fort Jones,california,96032
French Gulch,california,96033
Gazelle,california,96034
Gerber,california,96035
Greenview,california,96037
Grenada,california,96038
Happy Camp,california,96039
Hat Creek,california,96040
Hayfork,california,96041
Hornbrook,california,96044
Hyampom,california,96046
Igo,california,96047
Junction City,california,96048
Redding,california,96049
Klamath River,california,96050
Lakehead,california,96051
Lewiston,california,96052
Lookout,california,96054
Los Molinos,california,96055
Mcarthur,california,96056
Mccloud,california,96057
Macdoel,california,96058
Manton,california,96059
Mill Creek,california,96061
Millville,california,96062
Mineral,california,96063
Montague,california,96064
Montgomery Creek,california,96065
Mount Shasta,california,96067
Nubieber,california,96068
Oak Run,california,96069
Old Station,california,96071
Palo Cedro,california,96073
Paskenta,california,96074
Paynes Creek,california,96075
Platina,california,96076
Red Bluff,california,96080
Round Mountain,california,96084
Scott Bar,california,96085
Seiad Valley,california,96086
Shasta,california,96087
Shingletown,california,96088
Tehama,california,96090
Trinity Center,california,96091
Vina,california,96092
Weaverville,california,96093
Weed,california,96094
Whitmore,california,96096
Yreka,california,96097
Alturas,california,96101
Blairsden Graeagle,california,96103
Cedarville,california,96104
Chilcoot,california,96105
Clio,california,96106
Coleville,california,96107
Davis Creek,california,96108
Doyle,california,96109
Eagleville,california,96110
Floriston,california,96111
Fort Bidwell,california,96112
Herlong,california,96113
Janesville,california,96114
Lake City,california,96115
Likely,california,96116
Litchfield,california,96117
Loyalton,california,96118
Madeline,california,96119
Markleeville,california,96120
Milford,california,96121
Portola,california,96122
Ravendale,california,96123
Calpine,california,96124
Sierra City,california,96125
Sierraville,california,96126
Standish,california,96128
Beckwourth,california,96129
Susanville,california,96130
Termo,california,96132
Topaz,california,96133
Tulelake,california,96134
Vinton,california,96135
Wendel,california,96136
Westwood,california,96137
Carnelian Bay,california,96140
Homewood,california,96141
Tahoma,california,96142
Kings Beach,california,96143
Tahoe City,california,96145
Olympic Valley,california,96146
Tahoe Vista,california,96148
South Lake Tahoe,california,96150
South Lake Tahoe,california,96155
Truckee,california,96161
Aiea,hawaii,96701
Anahola,hawaii,96703
Captain Cook,hawaii,96704
Eleele,hawaii,96705
Ewa Beach,hawaii,96706
Kapolei,hawaii,96707
Haiku,hawaii,96708
Hakalau,hawaii,96710
Haleiwa,hawaii,96712
Hana,hawaii,96713
Hanalei,hawaii,96714
Hanapepe,hawaii,96716
Hauula,hawaii,96717
Hawi,hawaii,96719
Hilo,hawaii,96720
Princeville,hawaii,96722
Holualoa,hawaii,96725
Honaunau,hawaii,96726
Honokaa,hawaii,96727
Honomu,hawaii,96728
Hoolehua,hawaii,96729
Kaaawa,hawaii,96730
Kahuku,hawaii,96731
Kahului,hawaii,96732
Kailua,hawaii,96734
Ocean View,hawaii,96737
Waikoloa,hawaii,96738
Kailua Kona,hawaii,96740
Kalaheo,hawaii,96741
Kalaupapa,hawaii,96742
Kamuela,hawaii,96743
Kaneohe,hawaii,96744
Kapaa,hawaii,96746
Kaumakani,hawaii,96747
Kaunakakai,hawaii,96748
Keaau,hawaii,96749
Kealakekua,hawaii,96750
Kealia,hawaii,96751
Kekaha,hawaii,96752
Kihei,hawaii,96753
Kilauea,hawaii,96754
Kapaau,hawaii,96755
Koloa,hawaii,96756
Kualapuu,hawaii,96757
Kunia,hawaii,96759
Kurtistown,hawaii,96760
Lahaina,hawaii,96761
Laie,hawaii,96762
Lanai City,hawaii,96763
Laupahoehoe,hawaii,96764
Lawai,hawaii,96765
Lihue,hawaii,96766
Makawao,hawaii,96768
Makaweli,hawaii,96769
Maunaloa,hawaii,96770
Mountain View,hawaii,96771
Naalehu,hawaii,96772
Ninole,hawaii,96773
Ookala,hawaii,96774
Paauilo,hawaii,96776
Pahala,hawaii,96777
Pahoa,hawaii,96778
Paia,hawaii,96779
Papaaloa,hawaii,96780
Papaikou,hawaii,96781
Pearl City,hawaii,96782
Pepeekeo,hawaii,96783
Volcano,hawaii,96785
Wahiawa,hawaii,96786
Mililani,hawaii,96789
Kula,hawaii,96790
Waialua,hawaii,96791
Waianae,hawaii,96792
Wailuku,hawaii,96793
Waimanalo,hawaii,96795
Waimea,hawaii,96796
Waipahu,hawaii,96797
Honolulu,hawaii,96813
Honolulu,hawaii,96814
Honolulu,hawaii,96815
Honolulu,hawaii,96816
Honolulu,hawaii,96817
Honolulu,hawaii,96818
Honolulu,hawaii,96819
Honolulu,hawaii,96821
Honolulu,hawaii,96822
Honolulu,hawaii,96825
Honolulu,hawaii,96826
Honolulu,hawaii,96850
Jbphh,hawaii,96853
Schofield Barracks,hawaii,96857
Tripler Army Medical Center,hawaii,96859
Jbphh,hawaii,96860
Mcbh Kaneohe Bay,hawaii,96863
Antelope,oregon,97001
Aurora,oregon,97002
Beavercreek,oregon,97004
Beaverton,oregon,97005
Beaverton,oregon,97006
Beaverton,oregon,97007
Beaverton,oregon,97008
Boring,oregon,97009
Brightwood,oregon,97011
Canby,oregon,97013
Cascade Locks,oregon,97014
Clackamas,oregon,97015
Clatskanie,oregon,97016
Colton,oregon,97017
Columbia City,oregon,97018
Corbett,oregon,97019
Donald,oregon,97020
Dufur,oregon,97021
Eagle Creek,oregon,97022
Estacada,oregon,97023
Fairview,oregon,97024
Gervais,oregon,97026
Gladstone,oregon,97027
Government Camp,oregon,97028
Grass Valley,oregon,97029
Gresham,oregon,97030
Hood River,oregon,97031
Hubbard,oregon,97032
Kent,oregon,97033
Lake Oswego,oregon,97034
Lake Oswego,oregon,97035
Maupin,oregon,97037
Molalla,oregon,97038
Moro,oregon,97039
Mosier,oregon,97040
Mount Hood Parkdale,oregon,97041
Mulino,oregon,97042
Oregon City,oregon,97045
Rainier,oregon,97048
Rhododendron,oregon,97049
Rufus,oregon,97050
Saint Helens,oregon,97051
Warren,oregon,97053
Deer Island,oregon,97054
Sandy,oregon,97055
Scappoose,oregon,97056
Shaniko,oregon,97057
The Dalles,oregon,97058
Troutdale,oregon,97060
Tualatin,oregon,97062
Tygh Valley,oregon,97063
Vernonia,oregon,97064
Wasco,oregon,97065
Welches,oregon,97067
West Linn,oregon,97068
Wilsonville,oregon,97070
Woodburn,oregon,97071
Gresham,oregon,97080
Happy Valley,oregon,97086
Damascus,oregon,97089
Amity,oregon,97101
Arch Cape,oregon,97102
Astoria,oregon,97103
Banks,oregon,97106
Bay City,oregon,97107
Beaver,oregon,97108
Buxton,oregon,97109
Cannon Beach,oregon,97110
Carlton,oregon,97111
Cloverdale,oregon,97112
Cornelius,oregon,97113
Dayton,oregon,97114
Dundee,oregon,97115
Forest Grove,oregon,97116
Gales Creek,oregon,97117
Garibaldi,oregon,97118
Gaston,oregon,97119
Hammond,oregon,97121
Hebo,oregon,97122
Hillsboro,oregon,97123
Hillsboro,oregon,97124
Manning,oregon,97125
Lafayette,oregon,97127
Mcminnville,oregon,97128
Manzanita,oregon,97130
Nehalem,oregon,97131
Newberg,oregon,97132
North Plains,oregon,97133
Oceanside,oregon,97134
Pacific City,oregon,97135
Rockaway Beach,oregon,97136
Saint Paul,oregon,97137
Seaside,oregon,97138
Sherwood,oregon,97140
Tillamook,oregon,97141
Timber,oregon,97144
Tolovana Park,oregon,97145
Warrenton,oregon,97146
Wheeler,oregon,97147
Yamhill,oregon,97148
Neskowin,oregon,97149
Portland,oregon,97201
Portland,oregon,97202
Portland,oregon,97203
Portland,oregon,97204
Portland,oregon,97205
Portland,oregon,97206
Portland,oregon,97208
Portland,oregon,97209
Portland,oregon,97210
Portland,oregon,97211
Portland,oregon,97212
Portland,oregon,97213
Portland,oregon,97214
Portland,oregon,97215
Portland,oregon,97216
Portland,oregon,97217
Portland,oregon,97218
Portland,oregon,97219
Portland,oregon,97220
Portland,oregon,97221
Portland,oregon,97222
Portland,oregon,97223
Portland,oregon,97224
Portland,oregon,97225
Portland,oregon,97227
Portland,oregon,97229
Portland,oregon,97230
Portland,oregon,97231
Portland,oregon,97232
Portland,oregon,97233
Portland,oregon,97236
Portland,oregon,97239
Portland,oregon,97266
Portland,oregon,97267
Salem,oregon,97301
Salem,oregon,97302
Salem,oregon,97303
Salem,oregon,97304
Salem,oregon,97305
Salem,oregon,97306
Salem,oregon,97317
Albany,oregon,97321
Albany,oregon,97322
Alsea,oregon,97324
Aumsville,oregon,97325
Blodgett,oregon,97326
Brownsville,oregon,97327
Cascadia,oregon,97329
Corvallis,oregon,97330
Corvallis,oregon,97331
Corvallis,oregon,97333
Dallas,oregon,97338
Depoe Bay,oregon,97341
Detroit,oregon,97342
Eddyville,oregon,97343
Falls City,oregon,97344
Foster,oregon,97345
Gates,oregon,97346
Grand Ronde,oregon,97347
Halsey,oregon,97348
Idanha,oregon,97350
Independence,oregon,97351
Jefferson,oregon,97352
Lebanon,oregon,97355
Logsden,oregon,97357
Lyons,oregon,97358
Mill City,oregon,97360
Monmouth,oregon,97361
Mount Angel,oregon,97362
Neotsu,oregon,97364
Newport,oregon,97365
South Beach,oregon,97366
Lincoln City,oregon,97367
Otis,oregon,97368
Otter Rock,oregon,97369
Philomath,oregon,97370
Rickreall,oregon,97371
Saint Benedict,oregon,97373
Scio,oregon,97374
Scotts Mills,oregon,97375
Seal Rock,oregon,97376
Shedd,oregon,97377
Sheridan,oregon,97378
Siletz,oregon,97380
Silverton,oregon,97381
Stayton,oregon,97383
Mehama,oregon,97384
Sublimity,oregon,97385
Sweet Home,oregon,97386
Gleneden Beach,oregon,97388
Tangent,oregon,97389
Tidewater,oregon,97390
Toledo,oregon,97391
Turner,oregon,97392
Waldport,oregon,97394
Willamina,oregon,97396
Eugene,oregon,97401
Eugene,oregon,97402
Eugene,oregon,97403
Eugene,oregon,97404
Eugene,oregon,97405
Agness,oregon,97406
Eugene,oregon,97408
Azalea,oregon,97410
Bandon,oregon,97411
Blachly,oregon,97412
Blue River,oregon,97413
Broadbent,oregon,97414
Brookings,oregon,97415
Camas Valley,oregon,97416
Canyonville,oregon,97417
Cheshire,oregon,97419
Coos Bay,oregon,97420
Coquille,oregon,97423
Cottage Grove,oregon,97424
Creswell,oregon,97426
Days Creek,oregon,97429
Deadwood,oregon,97430
Dexter,oregon,97431
Dorena,oregon,97434
Drain,oregon,97435
Elkton,oregon,97436
Elmira,oregon,97437
Fall Creek,oregon,97438
Florence,oregon,97439
Gardiner,oregon,97441
Glendale,oregon,97442
Glide,oregon,97443
Gold Beach,oregon,97444
Harrisburg,oregon,97446
Idleyld Park,oregon,97447
Junction City,oregon,97448
Lakeside,oregon,97449
Langlois,oregon,97450
Lorane,oregon,97451
Lowell,oregon,97452
Mapleton,oregon,97453
Marcola,oregon,97454
Pleasant Hill,oregon,97455
Monroe,oregon,97456
Myrtle Creek,oregon,97457
Myrtle Point,oregon,97458
North Bend,oregon,97459
Noti,oregon,97461
Oakland,oregon,97462
Oakridge,oregon,97463
Port Orford,oregon,97465
Powers,oregon,97466
Reedsport,oregon,97467
Riddle,oregon,97469
Roseburg,oregon,97470
Roseburg,oregon,97471
Scottsburg,oregon,97473
Sixes,oregon,97476
Springfield,oregon,97477
Springfield,oregon,97478
Sutherlin,oregon,97479
Swisshome,oregon,97480
Tenmile,oregon,97481
Tiller,oregon,97484
Umpqua,oregon,97486
Veneta,oregon,97487
Vida,oregon,97488
Walterville,oregon,97489
Walton,oregon,97490
Westfir,oregon,97492
Westlake,oregon,97493
Wilbur,oregon,97494
Winchester,oregon,97495
Winston,oregon,97496
Wolf Creek,oregon,97497
Yachats,oregon,97498
Yoncalla,oregon,97499
Medford,oregon,97501
Central Point,oregon,97502
White City,oregon,97503
Medford,oregon,97504
Ashland,oregon,97520
Butte Falls,oregon,97522
Cave Junction,oregon,97523
Eagle Point,oregon,97524
Gold Hill,oregon,97525
Grants Pass,oregon,97526
Grants Pass,oregon,97527
Jacksonville,oregon,97530
Kerby,oregon,97531
Merlin,oregon,97532
O Brien,oregon,97534
Phoenix,oregon,97535
Prospect,oregon,97536
Rogue River,oregon,97537
Selma,oregon,97538
Shady Cove,oregon,97539
Talent,oregon,97540
Trail,oregon,97541
Wilderville,oregon,97543
Williams,oregon,97544
Klamath Falls,oregon,97601
Klamath Falls,oregon,97603
Crater Lake,oregon,97604
Adel,oregon,97620
Beatty,oregon,97621
Bly,oregon,97622
Bonanza,oregon,97623
Chiloquin,oregon,97624
Dairy,oregon,97625
Fort Klamath,oregon,97626
Keno,oregon,97627
Lakeview,oregon,97630
Malin,oregon,97632
Merrill,oregon,97633
Midland,oregon,97634
New Pine Creek,oregon,97635
Paisley,oregon,97636
Plush,oregon,97637
Silver Lake,oregon,97638
Sprague River,oregon,97639
Summer Lake,oregon,97640
Christmas Valley,oregon,97641
Bend,oregon,97701
Bend,oregon,97702
Bend,oregon,97707
Fields,oregon,97710
Ashwood,oregon,97711
Brothers,oregon,97712
Burns,oregon,97720
Princeton,oregon,97721
Diamond,oregon,97722
Camp Sherman,oregon,97730
Chemult,oregon,97731
Crane,oregon,97732
Crescent,oregon,97733
Culver,oregon,97734
Fort Rock,oregon,97735
Frenchglen,oregon,97736
Gilchrist,oregon,97737
Hines,oregon,97738
La Pine,oregon,97739
Madras,oregon,97741
Mitchell,oregon,97750
Paulina,oregon,97751
Post,oregon,97752
Powell Butte,oregon,97753
Prineville,oregon,97754
Redmond,oregon,97756
Riley,oregon,97758
Sisters,oregon,97759
Terrebonne,oregon,97760
Warm Springs,oregon,97761
Pendleton,oregon,97801
Adams,oregon,97810
Arlington,oregon,97812
Athena,oregon,97813
Baker City,oregon,97814
Bates,oregon,97817
Boardman,oregon,97818
Bridgeport,oregon,97819
Canyon City,oregon,97820
Condon,oregon,97823
Cove,oregon,97824
Dayville,oregon,97825
Echo,oregon,97826
Elgin,oregon,97827
Enterprise,oregon,97828
Fossil,oregon,97830
Haines,oregon,97833
Halfway,oregon,97834
Helix,oregon,97835
Heppner,oregon,97836
Hereford,oregon,97837
Hermiston,oregon,97838
Lexington,oregon,97839
Oxbow,oregon,97840
Imbler,oregon,97841
Imnaha,oregon,97842
Ione,oregon,97843
Irrigon,oregon,97844
John Day,oregon,97845
Joseph,oregon,97846
Kimberly,oregon,97848
La Grande,oregon,97850
Long Creek,oregon,97856
Lostine,oregon,97857
Meacham,oregon,97859
Milton Freewater,oregon,97862
Monument,oregon,97864
Mount Vernon,oregon,97865
North Powder,oregon,97867
Pilot Rock,oregon,97868
Prairie City,oregon,97869
Richland,oregon,97870
Seneca,oregon,97873
Spray,oregon,97874
Stanfield,oregon,97875
Summerville,oregon,97876
Sumpter,oregon,97877
Ukiah,oregon,97880
Umatilla,oregon,97882
Union,oregon,97883
Unity,oregon,97884
Wallowa,oregon,97885
Weston,oregon,97886
Adrian,oregon,97901
Brogan,oregon,97903
Drewsey,oregon,97904
Durkee,oregon,97905
Harper,oregon,97906
Huntington,oregon,97907
Ironside,oregon,97908
Jamieson,oregon,97909
Jordan Valley,oregon,97910
Juntura,oregon,97911
Nyssa,oregon,97913
Ontario,oregon,97914
Vale,oregon,97918
Westfall,oregon,97920
Auburn,washington,98001
Auburn,washington,98002
Federal Way,washington,98003
Bellevue,washington,98004
Bellevue,washington,98005
Bellevue,washington,98006
Bellevue,washington,98007
Bellevue,washington,98008
Black Diamond,washington,98010
Bothell,washington,98011
Bothell,washington,98012
Carnation,washington,98014
Duvall,washington,98019
Edmonds,washington,98020
Bothell,washington,98021
Enumclaw,washington,98022
Federal Way,washington,98023
Fall City,washington,98024
Edmonds,washington,98026
Issaquah,washington,98027
Kenmore,washington,98028
Issaquah,washington,98029
Kent,washington,98030
Kent,washington,98031
Kent,washington,98032
Kirkland,washington,98033
Kirkland,washington,98034
Lynnwood,washington,98036
Lynnwood,washington,98037
Maple Valley,washington,98038
Medina,washington,98039
Mercer Island,washington,98040
Kent,washington,98042
Mountlake Terrace,washington,98043
North Bend,washington,98045
Pacific,washington,98047
Preston,washington,98050
Ravensdale,washington,98051
Redmond,washington,98052
Redmond,washington,98053
Renton,washington,98055
Renton,washington,98056
Renton,washington,98057
Renton,washington,98058
Renton,washington,98059
Snoqualmie,washington,98065
Snoqualmie Pass,washington,98068
Vashon,washington,98070
Woodinville,washington,98072
Sammamish,washington,98074
Sammamish,washington,98075
Woodinville,washington,98077
Lynnwood,washington,98087
Auburn,washington,98092
Seattle,washington,98101
Seattle,washington,98102
Seattle,washington,98103
Seattle,washington,98104
Seattle,washington,98105
Seattle,washington,98106
Seattle,washington,98107
Seattle,washington,98108
Seattle,washington,98109
Bainbridge Island,washington,98110
Seattle,washington,98112
Seattle,washington,98115
Seattle,washington,98116
Seattle,washington,98117
Seattle,washington,98118
Seattle,washington,98119
Seattle,washington,98121
Seattle,washington,98122
Seattle,washington,98125
Seattle,washington,98126
Seattle,washington,98133
Seattle,washington,98134
Seattle,washington,98136
Seattle,washington,98144
Seattle,washington,98146
Seattle,washington,98148
Seattle,washington,98154
Seattle,washington,98155
Seattle,washington,98158
Seattle,washington,98164
Seattle,washington,98166
Seattle,washington,98168
Seattle,washington,98174
Seattle,washington,98177
Seattle,washington,98178
Seattle,washington,98188
Seattle,washington,98195
Seattle,washington,98198
Seattle,washington,98199
Everett,washington,98201
Everett,washington,98203
Everett,washington,98204
Everett,washington,98207
Everett,washington,98208
Acme,washington,98220
Anacortes,washington,98221
Blakely Island,washington,98222
Arlington,washington,98223
Baring,washington,98224
Bellingham,washington,98225
Bellingham,washington,98226
Bellingham,washington,98229
Blaine,washington,98230
Bow,washington,98232
Burlington,washington,98233
Clearlake,washington,98235
Clinton,washington,98236
Concrete,washington,98237
Conway,washington,98238
Coupeville,washington,98239
Custer,washington,98240
Darrington,washington,98241
Deer Harbor,washington,98243
Deming,washington,98244
Eastsound,washington,98245
Everson,washington,98247
Ferndale,washington,98248
Freeland,washington,98249
Friday Harbor,washington,98250
Gold Bar,washington,98251
Granite Falls,washington,98252
Greenbank,washington,98253
Hamilton,washington,98255
Index,washington,98256
La Conner,washington,98257
Lake Stevens,washington,98258
Langley,washington,98260
Lopez Island,washington,98261
Lummi Island,washington,98262
Lyman,washington,98263
Lynden,washington,98264
Maple Falls,washington,98266
Marblemount,washington,98267
Marysville,washington,98270
Marysville,washington,98271
Monroe,washington,98272
Mount Vernon,washington,98273
Mount Vernon,washington,98274
Mukilteo,washington,98275
Nooksack,washington,98276
Oak Harbor,washington,98277
Oak Harbor,washington,98278
Olga,washington,98279
Orcas,washington,98280
Point Roberts,washington,98281
Camano Island,washington,98282
Rockport,washington,98283
Sedro Woolley,washington,98284
Shaw Island,washington,98286
Skykomish,washington,98288
Snohomish,washington,98290
Stanwood,washington,98292
Sultan,washington,98294
Sumas,washington,98295
Snohomish,washington,98296
Waldron,washington,98297
Anderson Island,washington,98303
Ashford,washington,98304
Beaver,washington,98305
Bremerton,washington,98310
Bremerton,washington,98311
Bremerton,washington,98312
Bremerton,washington,98314
Silverdale,washington,98315
Brinnon,washington,98320
Buckley,washington,98321
Carbonado,washington,98323
Chimacum,washington,98325
Clallam Bay,washington,98326
Dupont,washington,98327
Eatonville,washington,98328
Gig Harbor,washington,98329
Elbe,washington,98330
Forks,washington,98331
Gig Harbor,washington,98332
Fox Island,washington,98333
Gig Harbor,washington,98335
Glenoma,washington,98336
Bremerton,washington,98337
Graham,washington,98338
Port Hadlock,washington,98339
Hansville,washington,98340
Indianola,washington,98342
Keyport,washington,98345
Kingston,washington,98346
Lakebay,washington,98349
La Push,washington,98350
Longbranch,washington,98351
Manchester,washington,98353
Milton,washington,98354
Mineral,washington,98355
Morton,washington,98356
Neah Bay,washington,98357
Nordland,washington,98358
Olalla,washington,98359
Orting,washington,98360
Packwood,washington,98361
Port Angeles,washington,98362
Port Angeles,washington,98363
Port Gamble,washington,98364
Port Ludlow,washington,98365
Port Orchard,washington,98366
Port Orchard,washington,98367
Port Townsend,washington,98368
Poulsbo,washington,98370
Puyallup,washington,98371
Puyallup,washington,98372
Puyallup,washington,98373
Puyallup,washington,98374
Puyallup,washington,98375
Quilcene,washington,98376
Randle,washington,98377
Seabeck,washington,98380
Sekiu,washington,98381
Sequim,washington,98382
Silverdale,washington,98383
South Prairie,washington,98385
Spanaway,washington,98387
Steilacoom,washington,98388
Sumner,washington,98390
Bonney Lake,washington,98391
Suquamish,washington,98392
Vaughn,washington,98394
Wilkeson,washington,98396
Tacoma,washington,98402
Tacoma,washington,98403
Tacoma,washington,98404
Tacoma,washington,98405
Tacoma,washington,98406
Tacoma,washington,98407
Tacoma,washington,98408
Tacoma,washington,98409
Tacoma,washington,98416
Tacoma,washington,98418
Tacoma,washington,98421
Tacoma,washington,98422
Fife,washington,98424
Camp Murray,washington,98430
Tacoma,washington,98433
Mcchord Afb,washington,98438
Lakewood,washington,98439
Tacoma,washington,98443
Tacoma,washington,98444
Tacoma,washington,98445
Tacoma,washington,98446
Tacoma,washington,98447
Tacoma,washington,98465
Tacoma,washington,98466
University Place,washington,98467
Lakewood,washington,98498
Lakewood,washington,98499
Olympia,washington,98501
Olympia,washington,98502
Lacey,washington,98503
Olympia,washington,98506
Olympia,washington,98512
Olympia,washington,98513
Olympia,washington,98516
Aberdeen,washington,98520
Allyn,washington,98524
Amanda Park,washington,98526
Bay Center,washington,98527
Belfair,washington,98528
Bucoda,washington,98530
Centralia,washington,98531
Chehalis,washington,98532
Cinebar,washington,98533
Copalis Beach,washington,98535
Copalis Crossing,washington,98536
Cosmopolis,washington,98537
Curtis,washington,98538
Elma,washington,98541
Ethel,washington,98542
Galvin,washington,98544
Grapeview,washington,98546
Grayland,washington,98547
Hoodsport,washington,98548
Hoquiam,washington,98550
Humptulips,washington,98552
Lilliwaup,washington,98555
Mccleary,washington,98557
Mckenna,washington,98558
Malone,washington,98559
Matlock,washington,98560
Moclips,washington,98562
Montesano,washington,98563
Mossyrock,washington,98564
Napavine,washington,98565
Oakville,washington,98568
Ocean Shores,washington,98569
Onalaska,washington,98570
Pacific Beach,washington,98571
Pe Ell,washington,98572
Quinault,washington,98575
Rainier,washington,98576
Raymond,washington,98577
Rochester,washington,98579
Roy,washington,98580
Ryderwood,washington,98581
Salkum,washington,98582
Satsop,washington,98583
Shelton,washington,98584
Silver Creek,washington,98585
South Bend,washington,98586
Taholah,washington,98587
Tahuya,washington,98588
Tenino,washington,98589
Tokeland,washington,98590
Toledo,washington,98591
Union,washington,98592
Vader,washington,98593
Westport,washington,98595
Winlock,washington,98596
Yelm,washington,98597
Amboy,washington,98601
Appleton,washington,98602
Ariel,washington,98603
Battle Ground,washington,98604
Bingen,washington,98605
Brush Prairie,washington,98606
Camas,washington,98607
Carson,washington,98610
Castle Rock,washington,98611
Cathlamet,washington,98612
Centerville,washington,98613
Chinook,washington,98614
Cougar,washington,98616
Dallesport,washington,98617
Glenwood,washington,98619
Goldendale,washington,98620
Grays River,washington,98621
Ilwaco,washington,98624
Kalama,washington,98625
Kelso,washington,98626
Klickitat,washington,98628
La Center,washington,98629
Long Beach,washington,98631
Longview,washington,98632
Lyle,washington,98635
Naselle,washington,98638
North Bonneville,washington,98639
Ocean Park,washington,98640
Oysterville,washington,98641
Ridgefield,washington,98642
Rosburg,washington,98643
Seaview,washington,98644
Silverlake,washington,98645
Skamokawa,washington,98647
Stevenson,washington,98648
Toutle,washington,98649
Trout Lake,washington,98650
Underwood,washington,98651
Vancouver,washington,98660
Vancouver,washington,98661
Vancouver,washington,98662
Vancouver,washington,98663
Vancouver,washington,98664
Vancouver,washington,98665
Wahkiacus,washington,98670
Washougal,washington,98671
White Salmon,washington,98672
Wishram,washington,98673
Woodland,washington,98674
Yacolt,washington,98675
Vancouver,washington,98682
Vancouver,washington,98683
Vancouver,washington,98684
Vancouver,washington,98685
Vancouver,washington,98686
Wenatchee,washington,98801
East Wenatchee,washington,98802
Ardenvoir,washington,98811
Brewster,washington,98812
Bridgeport,washington,98813
Carlton,washington,98814
Cashmere,washington,98815
Chelan,washington,98816
Chelan Falls,washington,98817
Conconully,washington,98819
Dryden,washington,98821
Entiat,washington,98822
Ephrata,washington,98823
George,washington,98824
Leavenworth,washington,98826
Loomis,washington,98827
Malaga,washington,98828
Malott,washington,98829
Mansfield,washington,98830
Manson,washington,98831
Marlin,washington,98832
Mazama,washington,98833
Methow,washington,98834
Monitor,washington,98836
Moses Lake,washington,98837
Okanogan,washington,98840
Omak,washington,98841
Orondo,washington,98843
Oroville,washington,98844
Palisades,washington,98845
Pateros,washington,98846
Peshastin,washington,98847
Quincy,washington,98848
Riverside,washington,98849
Rock Island,washington,98850
Soap Lake,washington,98851
Stehekin,washington,98852
Stratford,washington,98853
Tonasket,washington,98855
Twisp,washington,98856
Warden,washington,98857
Waterville,washington,98858
Wauconda,washington,98859
Wilson Creek,washington,98860
Winthrop,washington,98862
Yakima,washington,98901
Yakima,washington,98902
Yakima,washington,98903
Yakima,washington,98908
Buena,washington,98921
Cle Elum,washington,98922
Cowiche,washington,98923
Easton,washington,98925
Ellensburg,washington,98926
Grandview,washington,98930
Granger,washington,98932
Harrah,washington,98933
Kittitas,washington,98934
Mabton,washington,98935
Moxee,washington,98936
Naches,washington,98937
Outlook,washington,98938
Parker,washington,98939
Ronald,washington,98940
Roslyn,washington,98941
Selah,washington,98942
South Cle Elum,washington,98943
Sunnyside,washington,98944
Thorp,washington,98946
Tieton,washington,98947
Toppenish,washington,98948
Vantage,washington,98950
Wapato,washington,98951
White Swan,washington,98952
Zillah,washington,98953
Airway Heights,washington,99001
Chattaroy,washington,99003
Cheney,washington,99004
Colbert,washington,99005
Deer Park,washington,99006
Edwall,washington,99008
Elk,washington,99009
Fairchild Air Force Base,washington,99011
Fairfield,washington,99012
Ford,washington,99013
Greenacres,washington,99016
Lamont,washington,99017
Latah,washington,99018
Liberty Lake,washington,99019
Marshall,washington,99020
Mead,washington,99021
Medical Lake,washington,99022
Mica,washington,99023
Newman Lake,washington,99025
Nine Mile Falls,washington,99026
Otis Orchards,washington,99027
Reardan,washington,99029
Rockford,washington,99030
Spangle,washington,99031
Sprague,washington,99032
Tekoa,washington,99033
Tumtum,washington,99034
Valleyford,washington,99036
Veradale,washington,99037
Waverly,washington,99039
Wellpinit,washington,99040
Addy,washington,99101
Albion,washington,99102
Almira,washington,99103
Benge,washington,99105
Chewelah,washington,99109
Clayton,washington,99110
Colfax,washington,99111
Colton,washington,99113
Colville,washington,99114
Coulee City,washington,99115
Coulee Dam,washington,99116
Creston,washington,99117
Curlew,washington,99118
Cusick,washington,99119
Danville,washington,99121
Davenport,washington,99122
Electric City,washington,99123
Elmer City,washington,99124
Endicott,washington,99125
Evans,washington,99126
Farmington,washington,99128
Fruitland,washington,99129
Garfield,washington,99130
Gifford,washington,99131
Grand Coulee,washington,99133
Harrington,washington,99134
Hartline,washington,99135
Hay,washington,99136
Hunters,washington,99137
Inchelium,washington,99138
Ione,washington,99139
Keller,washington,99140
Kettle Falls,washington,99141
Lacrosse,washington,99143
Lamona,washington,99144
Laurier,washington,99146
Lincoln,washington,99147
Loon Lake,washington,99148
Malden,washington,99149
Malo,washington,99150
Marcus,washington,99151
Metaline,washington,99152
Metaline Falls,washington,99153
Mohler,washington,99154
Nespelem,washington,99155
Newport,washington,99156
Northport,washington,99157
Oakesdale,washington,99158
Odessa,washington,99159
Orient,washington,99160
Palouse,washington,99161
Pullman,washington,99163
Pullman,washington,99164
Republic,washington,99166
Rice,washington,99167
Ritzville,washington,99169
Rosalia,washington,99170
Saint John,washington,99171
Springdale,washington,99173
Steptoe,washington,99174
Thornton,washington,99176
Uniontown,washington,99179
Usk,washington,99180
Valley,washington,99181
Wilbur,washington,99185
Spokane,washington,99201
Spokane,washington,99202
Spokane,washington,99203
Spokane,washington,99204
Spokane,washington,99205
Spokane,washington,99206
Spokane,washington,99207
Spokane,washington,99208
Spokane,washington,99212
Spokane,washington,99216
Spokane,washington,99217
Spokane,washington,99218
Spokane,washington,99223
Spokane,washington,99224
Pasco,washington,99301
Benton City,washington,99320
Beverly,washington,99321
Bickleton,washington,99322
Burbank,washington,99323
College Place,washington,99324
Connell,washington,99326
Dayton,washington,99328
Dixie,washington,99329
Eltopia,washington,99330
Hooper,washington,99333
Kahlotus,washington,99335
Kennewick,washington,99336
Kennewick,washington,99337
Kennewick,washington,99338
Lind,washington,99341
Mesa,washington,99343
Othello,washington,99344
Paterson,washington,99345
Plymouth,washington,99346
Pomeroy,washington,99347
Prescott,washington,99348
Mattawa,washington,99349
Prosser,washington,99350
Richland,washington,99352
West Richland,washington,99353
Richland,washington,99354
Roosevelt,washington,99356
Royal City,washington,99357
Starbuck,washington,99359
Touchet,washington,99360
Waitsburg,washington,99361
Walla Walla,washington,99362
Wallula,washington,99363
Washtucna,washington,99371
Anatone,washington,99401
Asotin,washington,99402
Clarkston,washington,99403
Anchorage,alaska,99501
Anchorage,alaska,99502
Anchorage,alaska,99503
Anchorage,alaska,99504
Jber,alaska,99505
Jber,alaska,99506
Anchorage,alaska,99507
Anchorage,alaska,99508
Anchorage,alaska,99510
Anchorage,alaska,99513
Anchorage,alaska,99515
Anchorage,alaska,99516
Anchorage,alaska,99517
Anchorage,alaska,99518
Anchorage,alaska,99519
Indian,alaska,99540
Adak,alaska,99546
Atka,alaska,99547
Chignik Lake,alaska,99548
Port Heiden,alaska,99549
Port Lions,alaska,99550
Akiachak,alaska,99551
Akiak,alaska,99552
Akutan,alaska,99553
Alakanuk,alaska,99554
Aleknagik,alaska,99555
Anchor Point,alaska,99556
Aniak,alaska,99557
Anvik,alaska,99558
Bethel,alaska,99559
Chefornak,alaska,99561
Chevak,alaska,99563
Chignik,alaska,99564
Chignik Lagoon,alaska,99565
Chitina,alaska,99566
Chugiak,alaska,99567
Clam Gulch,alaska,99568
Clarks Point,alaska,99569
Cold Bay,alaska,99571
Cooper Landing,alaska,99572
Copper Center,alaska,99573
Cordova,alaska,99574
Crooked Creek,alaska,99575
Dillingham,alaska,99576
Eagle River,alaska,99577
Eek,alaska,99578
Egegik,alaska,99579
Ekwok,alaska,99580
Emmonak,alaska,99581
False Pass,alaska,99583
Marshall,alaska,99585
Gakona,alaska,99586
Girdwood,alaska,99587
Glennallen,alaska,99588
Goodnews Bay,alaska,99589
Grayling,alaska,99590
Saint George Island,alaska,99591
Holy Cross,alaska,99602
Homer,alaska,99603
Hooper Bay,alaska,99604
Hope,alaska,99605
Iliamna,alaska,99606
Kalskag,alaska,99607
Kasigluk,alaska,99609
Kasilof,alaska,99610
Kenai,alaska,99611
King Cove,alaska,99612
King Salmon,alaska,99613
Kipnuk,alaska,99614
Kodiak,alaska,99615
Kotlik,alaska,99620
Kwethluk,alaska,99621
Kwigillingok,alaska,99622
Larsen Bay,alaska,99624
Levelock,alaska,99625
Lower Kalskag,alaska,99626
Mc Grath,alaska,99627
Manokotak,alaska,99628
Mekoryuk,alaska,99630
Moose Pass,alaska,99631
Mountain Village,alaska,99632
Naknek,alaska,99633
Napakiak,alaska,99634
New Stuyahok,alaska,99636
Toksook Bay,alaska,99637
Nikolski,alaska,99638
Ninilchik,alaska,99639
Nondalton,alaska,99640
Nunapitchuk,alaska,99641
Old Harbor,alaska,99643
Ouzinkie,alaska,99644
Palmer,alaska,99645
Pedro Bay,alaska,99647
Perryville,alaska,99648
Pilot Point,alaska,99649
Pilot Station,alaska,99650
Platinum,alaska,99651
Big Lake,alaska,99652
Port Alsworth,alaska,99653
Wasilla,alaska,99654
Quinhagak,alaska,99655
Red Devil,alaska,99656
Russian Mission,alaska,99657
Saint Marys,alaska,99658
Saint Michael,alaska,99659
Saint Paul Island,alaska,99660
Sand Point,alaska,99661
Scammon Bay,alaska,99662
Seldovia,alaska,99663
Seward,alaska,99664
Shageluk,alaska,99665
Nunam Iqua,alaska,99666
Skwentna,alaska,99667
Sleetmute,alaska,99668
Soldotna,alaska,99669
South Naknek,alaska,99670
Stebbins,alaska,99671
Sterling,alaska,99672
Sutton,alaska,99674
Talkeetna,alaska,99676
Tatitlek,alaska,99677
Togiak,alaska,99678
Tuluksak,alaska,99679
Tuntutuliak,alaska,99680
Tununak,alaska,99681
Tyonek,alaska,99682
Trapper Creek,alaska,99683
Unalakleet,alaska,99684
Unalaska,alaska,99685
Valdez,alaska,99686
Willow,alaska,99688
Yakutat,alaska,99689
Nightmute,alaska,99690
Nikolai,alaska,99691
Dutch Harbor,alaska,99692
Whittier,alaska,99693
Houston,alaska,99694
Anchorage,alaska,99695
Fairbanks,alaska,99701
Eielson Afb,alaska,99702
Fort Wainwright,alaska,99703
Clear,alaska,99704
North Pole,alaska,99705
Fairbanks,alaska,99706
Fairbanks,alaska,99709
Fairbanks,alaska,99712
Salcha,alaska,99714
Allakaket,alaska,99720
Anaktuvuk Pass,alaska,99721
Arctic Village,alaska,99722
Barrow,alaska,99723
Beaver,alaska,99724
Bettles Field,alaska,99726
Buckland,alaska,99727
Cantwell,alaska,99729
Central,alaska,99730
Chicken,alaska,99732
Circle,alaska,99733
Prudhoe Bay,alaska,99734
Deering,alaska,99736
Delta Junction,alaska,99737
Eagle,alaska,99738
Elim,alaska,99739
Fort Yukon,alaska,99740
Galena,alaska,99741
Gambell,alaska,99742
Healy,alaska,99743
Anderson,alaska,99744
Hughes,alaska,99745
Huslia,alaska,99746
Kaktovik,alaska,99747
Kaltag,alaska,99748
Kiana,alaska,99749
Kivalina,alaska,99750
Kobuk,alaska,99751
Kotzebue,alaska,99752
Koyuk,alaska,99753
Koyukuk,alaska,99754
Denali National Park,alaska,99755
Manley Hot Springs,alaska,99756
Lake Minchumina,alaska,99757
Minto,alaska,99758
Point Lay,alaska,99759
Nenana,alaska,99760
Noatak,alaska,99761
Nome,alaska,99762
Noorvik,alaska,99763
Northway,alaska,99764
Nulato,alaska,99765
Point Hope,alaska,99766
Rampart,alaska,99767
Ruby,alaska,99768
Savoonga,alaska,99769
Selawik,alaska,99770
Shaktoolik,alaska,99771
Shishmaref,alaska,99772
Shungnak,alaska,99773
Stevens Village,alaska,99774
Fairbanks,alaska,99775
Tanacross,alaska,99776
Tanana,alaska,99777
Teller,alaska,99778
Tok,alaska,99780
Venetie,alaska,99781
Wainwright,alaska,99782
Wales,alaska,99783
White Mountain,alaska,99784
Brevig Mission,alaska,99785
Ambler,alaska,99786
Chalkyitsik,alaska,99788
Nuiqsut,alaska,99789
Fairbanks,alaska,99790
Atqasuk,alaska,99791
Juneau,alaska,99801
Angoon,alaska,99820
Douglas,alaska,99824
Elfin Cove,alaska,99825
Gustavus,alaska,99826
Haines,alaska,99827
Hoonah,alaska,99829
Kake,alaska,99830
Pelican,alaska,99832
Petersburg,alaska,99833
Sitka,alaska,99835
Port Alexander,alaska,99836
Skagway,alaska,99840
Tenakee Springs,alaska,99841
Ketchikan,alaska,99901
Meyers Chuck,alaska,99903
Coffman Cove,alaska,99918
Thorne Bay,alaska,99919
Craig,alaska,99921
Hydaburg,alaska,99922
Hyder,alaska,99923
Klawock,alaska,99925
Metlakatla,alaska,99926
Point Baker,alaska,99927
Wrangell,alaska,99929
